timestamp,symbol,strategy,side,entry_price,stop_loss,take_profit,confidence,quality,regime,status,rejection_reason,execution_result,order_id,filled_price,filled_quantity,pnl,notes
2026-02-10T12:44:12.010313,AVAX,GRID_TRADING,BUY,8.774228,8.46827647912088,8.987819282800523,0.8450299625849885,STANDARD,,rejected,Invalid account balance (<=0),,,,,,
2026-02-10T12:44:12.010929,AVAX,GRID_TRADING,BUY,8.774228,8.46827647912088,8.987819282800523,0.8450299625849885,STANDARD,RANGING_VOLATILE,generated,,,,,,,Generated from GRID_TRADING
2026-02-10T12:44:12.213337,BTC,VWAP_SCALPING,BUY,68577.453217,68426.38178842857,69341.73476848142,0.94,HIGH_CONVICTION,,rejected,Invalid account balance (<=0),,,,,,
2026-02-10T12:44:12.214091,BTC,VWAP_SCALPING,BUY,68577.453217,68426.38178842857,69341.73476848142,0.94,HIGH_CONVICTION,TRENDING_STRONG,generated,,,,,,,Generated from VWAP_SCALPING
2026-02-10T12:44:12.588605,SOL,VWAP_SCALPING,BUY,83.92,82.64285714285714,86.35693239820021,0.740169400093342,STANDARD,,rejected,Invalid account balance (<=0),,,,,,
2026-02-10T12:44:12.589245,SOL,VWAP_SCALPING,BUY,83.92,82.64285714285714,86.35693239820021,0.740169400093342,STANDARD,TRENDING_STRONG,generated,,,,,,,Generated from VWAP_SCALPING
2026-02-10T12:44:12.956036,SUI,GRID_TRADING,BUY,0.931723,0.88513685,0.9573412857142857,0.9,STANDARD,,rejected,Invalid account balance (<=0),,,,,,
2026-02-10T12:44:12.956617,SUI,GRID_TRADING,BUY,0.931723,0.88513685,0.9573412857142857,0.9,STANDARD,RANGING_VOLATILE,generated,,,,,,,Generated from GRID_TRADING
2026-02-10T12:44:13.336914,XRP,GRID_TRADING,BUY,1.4073,1.336935,1.4254657142857143,0.5,STANDARD,,rejected,Invalid account balance (<=0),,,,,,
2026-02-10T12:44:13.337511,XRP,GRID_TRADING,BUY,1.4073,1.336935,1.4254657142857143,0.5,STANDARD,RANGING_CALM,generated,,,,,,,Generated from GRID_TRADING
2026-02-10T15:10:44.759707,AVAX,GRID_TRADING,BUY,8.81636,8.509359362637362,8.99967973149315,0.6704310446333591,STANDARD,RANGING_VOLATILE,generated,,,,,,,Generated from GRID_TRADING
2026-02-10T15:10:45.714058,SUI,GRID_TRADING,BUY,0.936061,0.88925795,0.9609358571428572,0.7,STANDARD,RANGING_VOLATILE,generated,,,,,,,Generated from GRID_TRADING
2026-02-10T15:10:46.264837,XRP,GRID_TRADING,BUY,1.412247,1.34163465,1.4306584285714286,0.5,STANDARD,RANGING_CALM,generated,,,,,,,Generated from GRID_TRADING
2026-02-10T15:13:08.930404,AVAX,GRID_TRADING,BUY,8.78998,8.483791054945055,8.983445885339302,0.7168097912310573,STANDARD,RANGING_VOLATILE,generated,,,,,,,Generated from GRID_TRADING
2026-02-10T15:13:09.874189,BTC,VWAP_SCALPING,BUY,68811.730957,68729.76667128572,69341.73711837821,0.7770229426079865,STANDARD,,failed,,ERROR: 'ExecutionLayer' object has no attribute 'execute_signal',,,,,Exception during execution
2026-02-10T15:13:09.874936,BTC,VWAP_SCALPING,BUY,68811.730957,68729.76667128572,69341.73711837821,0.7770229426079865,STANDARD,TRENDING_STRONG,generated,,,,,,,Generated from VWAP_SCALPING
2026-02-10T15:13:10.849237,SOL,VWAP_SCALPING,BUY,83.984633,82.97856157142857,86.17058462550688,0.621955396962912,STANDARD,,failed,,ERROR: 'ExecutionLayer' object has no attribute 'execute_signal',,,,,Exception during execution
2026-02-10T15:13:10.849770,SOL,VWAP_SCALPING,BUY,83.984633,82.97856157142857,86.17058462550688,0.621955396962912,STANDARD,TRENDING_STRONG,generated,,,,,,,Generated from VWAP_SCALPING
2026-02-10T15:13:11.781049,SUI,GRID_TRADING,BUY,0.932123,0.88551685,0.9569978571428572,0.7,STANDARD,RANGING_VOLATILE,generated,,,,,,,Generated from GRID_TRADING
2026-02-10T15:13:12.656723,XRP,GRID_TRADING,BUY,1.404706,1.3344707,1.4231174285714285,0.5,STANDARD,RANGING_CALM,generated,,,,,,,Generated from GRID_TRADING
2026-02-10T15:19:34.388307,AVAX,GRID_TRADING,BUY,8.776821,8.471036947252747,8.975348039185457,0.7207590915291516,STANDARD,,failed,,ERROR: No capital allocated,,,,,"Grid placement failed, capital: $0.00"
2026-02-10T15:19:34.388907,AVAX,GRID_TRADING,BUY,8.776821,8.471036947252747,8.975348039185457,0.7207590915291516,STANDARD,RANGING_VOLATILE,generated,,,,,,,Generated from GRID_TRADING
2026-02-10T15:19:35.683605,BTC,VWAP_SCALPING,BUY,68863.922217,68851.172217,69341.74360978977,0.7572204689083345,STANDARD,TRENDING_STRONG,generated,,,,,,,Generated from VWAP_SCALPING
2026-02-10T15:19:36.964667,SOL,VWAP_SCALPING,BUY,83.881,82.87492857142857,86.17058462550688,0.6288749442561649,STANDARD,TRENDING_STRONG,generated,,,,,,,Generated from VWAP_SCALPING
2026-02-10T15:19:37.877973,SUI,GRID_TRADING,BUY,0.931539,0.88496205,0.9564138571428571,0.7,STANDARD,,failed,,ERROR: No capital allocated,,,,,"Grid placement failed, capital: $0.00"
2026-02-10T15:19:37.878528,SUI,GRID_TRADING,BUY,0.931539,0.88496205,0.9564138571428571,0.7,STANDARD,RANGING_VOLATILE,generated,,,,,,,Generated from GRID_TRADING
2026-02-10T15:19:38.799243,XRP,GRID_TRADING,BUY,1.404393,1.33417335,1.4228044285714285,0.5,STANDARD,,failed,,ERROR: No capital allocated,,,,,"Grid placement failed, capital: $0.00"
2026-02-10T15:19:38.799797,XRP,GRID_TRADING,BUY,1.404393,1.33417335,1.4228044285714285,0.5,STANDARD,RANGING_CALM,generated,,,,,,,Generated from GRID_TRADING
2026-02-10T15:22:27.353285,AVAX,GRID_TRADING,BUY,8.79458,8.488249516483517,8.98627665457007,0.7154292318138346,STANDARD,,failed,,ERROR: TradingBot._calculate_grid_levels() got an unexpected keyword argument 'capital',,,,,"Grid placement failed, capital: $486.52"
2026-02-10T15:22:27.353892,AVAX,GRID_TRADING,BUY,8.79458,8.488249516483517,8.98627665457007,0.7154292318138346,STANDARD,RANGING_VOLATILE,generated,,,,,,,Generated from GRID_TRADING
2026-02-10T15:22:28.698622,SUI,GRID_TRADING,BUY,0.934899,0.88815405,0.9597738571428571,0.7,STANDARD,,failed,,ERROR: TradingBot._calculate_grid_levels() got an unexpected keyword argument 'capital',,,,,"Grid placement failed, capital: $486.52"
2026-02-10T15:22:28.699191,SUI,GRID_TRADING,BUY,0.934899,0.88815405,0.9597738571428571,0.7,STANDARD,RANGING_VOLATILE,generated,,,,,,,Generated from GRID_TRADING
2026-02-10T15:22:29.649052,XRP,GRID_TRADING,BUY,1.408393,1.33797335,1.4268044285714285,0.5,STANDARD,,failed,,ERROR: TradingBot._calculate_grid_levels() got an unexpected keyword argument 'capital',,,,,"Grid placement failed, capital: $486.52"
2026-02-10T15:22:29.649688,XRP,GRID_TRADING,BUY,1.408393,1.33797335,1.4268044285714285,0.5,STANDARD,RANGING_CALM,generated,,,,,,,Generated from GRID_TRADING
2026-02-10T15:24:18.755000,AVAX,GRID_TRADING,BUY,8.800322000000001,8.49381483956044,8.989810193031609,0.6752443950536673,STANDARD,,failed,,ERROR: Failed to calculate grid levels,,,,,"Grid placement failed, capital: $486.52"
2026-02-10T15:24:18.755625,AVAX,GRID_TRADING,BUY,8.800322000000001,8.49381483956044,8.989810193031609,0.6752443950536673,STANDARD,RANGING_VOLATILE,generated,,,,,,,Generated from GRID_TRADING
2026-02-10T15:24:20.067998,SUI,GRID_TRADING,BUY,0.934732,0.8879954,0.9596068571428571,0.7,STANDARD,,failed,,ERROR: Failed to calculate grid levels,,,,,"Grid placement failed, capital: $486.52"
2026-02-10T15:24:20.068581,SUI,GRID_TRADING,BUY,0.934732,0.8879954,0.9596068571428571,0.7,STANDARD,RANGING_VOLATILE,generated,,,,,,,Generated from GRID_TRADING
2026-02-10T15:24:20.987419,XRP,GRID_TRADING,BUY,1.407925,1.33752875,1.4263364285714286,0.5,STANDARD,,failed,,ERROR: Failed to calculate grid levels,,,,,"Grid placement failed, capital: $486.52"
2026-02-10T15:24:20.988000,XRP,GRID_TRADING,BUY,1.407925,1.33752875,1.4263364285714286,0.5,STANDARD,RANGING_CALM,generated,,,,,,,Generated from GRID_TRADING
2026-02-10T15:27:13.971444,AVAX,GRID_TRADING,BUY,8.823308,8.3821426,9.003365142857144,0.7,STANDARD,,failed,,ERROR: Unknown error,,,,,"Grid placement failed, capital: $486.52"
2026-02-10T15:27:13.972057,AVAX,GRID_TRADING,BUY,8.823308,8.3821426,9.003365142857144,0.7,STANDARD,RANGING_VOLATILE,generated,,,,,,,Generated from GRID_TRADING
2026-02-10T15:27:17.604815,SUI,GRID_TRADING,BUY,0.938805,0.89186475,0.9636798571428571,0.7,STANDARD,,failed,,ERROR: Unknown error,,,,,"Grid placement failed, capital: $486.52"
2026-02-10T15:27:17.605421,SUI,GRID_TRADING,BUY,0.938805,0.89186475,0.9636798571428571,0.7,STANDARD,RANGING_VOLATILE,generated,,,,,,,Generated from GRID_TRADING
2026-02-10T15:27:20.500260,XRP,GRID_TRADING,BUY,1.411482,1.3409079,1.4298934285714284,0.5,STANDARD,,failed,,ERROR: Unknown error,,,,,"Grid placement failed, capital: $486.52"
2026-02-10T15:27:20.500853,XRP,GRID_TRADING,BUY,1.411482,1.3409079,1.4298934285714284,0.5,STANDARD,RANGING_CALM,generated,,,,,,,Generated from GRID_TRADING
2026-02-10T15:29:48.643150,AVAX,GRID_TRADING,BUY,8.803664,8.497054008791208,8.991866808416225,0.6742413886248938,STANDARD,,failed,,ERROR: Unknown error,,,,,"Grid placement failed, capital: $486.52"
2026-02-10T15:29:48.643707,AVAX,GRID_TRADING,BUY,8.803664,8.497054008791208,8.991866808416225,0.6742413886248938,STANDARD,RANGING_VOLATILE,generated,,,,,,,Generated from GRID_TRADING
2026-02-10T15:29:52.304844,SUI,GRID_TRADING,BUY,0.936542,0.8897149,0.9614168571428572,0.7,STANDARD,,failed,,ERROR: Unknown error,,,,,"Grid placement failed, capital: $486.52"
2026-02-10T15:29:52.305412,SUI,GRID_TRADING,BUY,0.936542,0.8897149,0.9614168571428572,0.7,STANDARD,RANGING_VOLATILE,generated,,,,,,,Generated from GRID_TRADING
2026-02-10T15:29:56.411989,XRP,GRID_TRADING,BUY,1.408707,1.3382716499999998,1.4271184285714285,0.5,STANDARD,,failed,,ERROR: Unknown error,,,,,"Grid placement failed, capital: $486.52"
2026-02-10T15:29:56.412551,XRP,GRID_TRADING,BUY,1.408707,1.3382716499999998,1.4271184285714285,0.5,STANDARD,RANGING_CALM,generated,,,,,,,Generated from GRID_TRADING
2026-02-10T15:31:38.119512,AVAX,GRID_TRADING,BUY,8.840411,8.398390449999999,9.020468142857142,0.7,STANDARD,,failed,,ERROR: Unknown error,,,,,"Grid placement failed, capital: $486.52"
2026-02-10T15:31:38.120144,AVAX,GRID_TRADING,BUY,8.840411,8.398390449999999,9.020468142857142,0.7,STANDARD,RANGING_VOLATILE,generated,,,,,,,Generated from GRID_TRADING
2026-02-10T15:31:43.406542,SUI,GRID_TRADING,BUY,0.939766,0.8927776999999999,0.9646408571428571,0.7,STANDARD,,failed,,ERROR: Unknown error,,,,,"Grid placement failed, capital: $486.52"
2026-02-10T15:31:43.407151,SUI,GRID_TRADING,BUY,0.939766,0.8927776999999999,0.9646408571428571,0.7,STANDARD,RANGING_VOLATILE,generated,,,,,,,Generated from GRID_TRADING
2026-02-10T15:31:48.614694,XRP,GRID_TRADING,BUY,1.410222,1.3397109,1.4286334285714286,0.5,STANDARD,,failed,,ERROR: Unknown error,,,,,"Grid placement failed, capital: $486.52"
2026-02-10T15:31:48.615223,XRP,GRID_TRADING,BUY,1.410222,1.3397109,1.4286334285714286,0.5,STANDARD,RANGING_CALM,generated,,,,,,,Generated from GRID_TRADING
2026-02-10T15:33:28.471350,AVAX,GRID_TRADING,BUY,8.820371,8.379352449999999,9.000428142857142,0.7,STANDARD,,failed,,ERROR: Unknown error,,,,,"Grid placement failed, capital: $486.52"
2026-02-10T15:33:28.471963,AVAX,GRID_TRADING,BUY,8.820371,8.379352449999999,9.000428142857142,0.7,STANDARD,RANGING_VOLATILE,generated,,,,,,,Generated from GRID_TRADING
2026-02-10T15:33:34.118608,SUI,GRID_TRADING,BUY,0.937103,0.89024785,0.9619778571428572,0.7,STANDARD,,failed,,ERROR: Unknown error,,,,,"Grid placement failed, capital: $486.52"
2026-02-10T15:33:34.119299,SUI,GRID_TRADING,BUY,0.937103,0.89024785,0.9619778571428572,0.7,STANDARD,RANGING_VOLATILE,generated,,,,,,,Generated from GRID_TRADING
2026-02-10T15:33:38.938511,XRP,GRID_TRADING,BUY,1.408336,1.3379192,1.4267474285714286,0.5,STANDARD,,failed,,ERROR: Unknown error,,,,,"Grid placement failed, capital: $486.52"
2026-02-10T15:33:38.939097,XRP,GRID_TRADING,BUY,1.408336,1.3379192,1.4267474285714286,0.5,STANDARD,RANGING_CALM,generated,,,,,,,Generated from GRID_TRADING
2026-02-10T15:37:19.792836,AVAX,GRID_TRADING,BUY,8.834156,8.3924482,9.014213142857143,0.7,STANDARD,,executed,,"Grid placed: 5 BUY, 5 SELL",grid_AVAX_5buy_5sell,8.834156,10,,Capital allocated: $486.52
2026-02-10T15:37:19.793464,AVAX,GRID_TRADING,BUY,8.834156,8.3924482,9.014213142857143,0.7,STANDARD,,failed,,ERROR: 'GridLifecycleManager' object has no attribute 'register_grid',,,,,Exception during grid execution
2026-02-10T15:37:19.793899,AVAX,GRID_TRADING,BUY,8.834156,8.3924482,9.014213142857143,0.7,STANDARD,RANGING_VOLATILE,generated,,,,,,,Generated from GRID_TRADING
2026-02-10T15:37:25.742222,SUI,GRID_TRADING,BUY,0.937399,0.8905290499999999,0.9622738571428571,0.7,STANDARD,,executed,,"Grid placed: 5 BUY, 5 SELL",grid_SUI_5buy_5sell,0.937399,10,,Capital allocated: $486.52
2026-02-10T15:37:25.743003,SUI,GRID_TRADING,BUY,0.937399,0.8905290499999999,0.9622738571428571,0.7,STANDARD,,failed,,ERROR: 'GridLifecycleManager' object has no attribute 'register_grid',,,,,Exception during grid execution
2026-02-10T15:37:25.743564,SUI,GRID_TRADING,BUY,0.937399,0.8905290499999999,0.9622738571428571,0.7,STANDARD,RANGING_VOLATILE,generated,,,,,,,Generated from GRID_TRADING
2026-02-10T15:37:30.638042,XRP,GRID_TRADING,BUY,1.410947,1.34039965,1.4293584285714285,0.5,STANDARD,,executed,,"Grid placed: 5 BUY, 5 SELL",grid_XRP_5buy_5sell,1.410947,10,,Capital allocated: $486.52
2026-02-10T15:37:30.638620,XRP,GRID_TRADING,BUY,1.410947,1.34039965,1.4293584285714285,0.5,STANDARD,,failed,,ERROR: 'GridLifecycleManager' object has no attribute 'register_grid',,,,,Exception during grid execution
2026-02-10T15:37:30.639028,XRP,GRID_TRADING,BUY,1.410947,1.34039965,1.4293584285714285,0.5,STANDARD,RANGING_CALM,generated,,,,,,,Generated from GRID_TRADING
2026-02-10T18:02:59.040565,LTC,GRID_TRADING,BUY,53.759118,51.071162099999995,54.081672708,0.9,STANDARD,,executed,,"Grid placed: 1 BUY, 0 SELL",grid_LTC_1buy_0sell,53.759118,1,,Capital allocated: $486.61
2026-02-10T18:02:59.044528,LTC,GRID_TRADING,BUY,53.759118,51.071162099999995,54.081672708,0.9,STANDARD,RANGING_CALM,generated,,,,,,,Generated from GRID_TRADING
2026-02-10T18:03:05.397648,AVAX,GRID_TRADING,BUY,8.814517,8.507573070329672,8.998545577646995,0.6709841687650853,STANDARD,,executed,,"Grid placed: 5 BUY, 5 SELL",grid_AVAX_5buy_5sell,8.814517,10,,Capital allocated: $486.61
2026-02-10T18:03:05.401750,AVAX,GRID_TRADING,BUY,8.814517,8.507573070329672,8.998545577646995,0.6709841687650853,STANDARD,RANGING_VOLATILE,generated,,,,,,,Generated from GRID_TRADING
2026-02-10T18:03:25.310531,BTC,VWAP_SCALPING,SELL,69773.920765,69780.88505071429,69341.7725699492,0.73989583105017,STANDARD,TRENDING_STRONG,generated,,,,,,,Generated from VWAP_SCALPING
2026-02-10T18:03:41.284106,SUI,GRID_TRADING,BUY,0.937681,0.8907969499999999,0.9625558571428572,0.7,STANDARD,,executed,,"Grid placed: 5 BUY, 5 SELL",grid_SUI_5buy_5sell,0.937681,10,,Capital allocated: $486.61
2026-02-10T18:03:41.288046,SUI,GRID_TRADING,BUY,0.937681,0.8907969499999999,0.9625558571428572,0.7,STANDARD,RANGING_VOLATILE,generated,,,,,,,Generated from GRID_TRADING
2026-02-10T18:04:05.979935,XRP,GRID_TRADING,BUY,1.423388,1.3522186,1.4417994285714286,0.5,STANDARD,,executed,,"Grid placed: 5 BUY, 5 SELL",grid_XRP_5buy_5sell,1.423388,10,,Capital allocated: $486.61
2026-02-10T18:04:05.980512,XRP,GRID_TRADING,BUY,1.423388,1.3522186,1.4417994285714286,0.5,STANDARD,,failed,,ERROR: Grid already active for XRP,,,,,Exception during grid execution
2026-02-10T18:04:05.980937,XRP,GRID_TRADING,BUY,1.423388,1.3522186,1.4417994285714286,0.5,STANDARD,RANGING_CALM,generated,,,,,,,Generated from GRID_TRADING
2026-02-10T23:33:28.005966,AVAX,GRID_TRADING,BUY,8.72688,8.290536,8.779241279999999,0.7,STANDARD,,failed,,ERROR: Unknown error,,,,,"Grid placement failed, capital: $486.78"
2026-02-10T23:33:28.006914,AVAX,GRID_TRADING,BUY,8.72688,8.290536,8.779241279999999,0.7,STANDARD,RANGING_VOLATILE,generated,,,,,,,Generated from GRID_TRADING
2026-02-10T23:33:44.228674,SUI,GRID_TRADING,BUY,0.930422,0.8839008999999999,0.9362385714285714,0.5,STANDARD,,failed,,ERROR: Unknown error,,,,,"Grid placement failed, capital: $486.78"
2026-02-10T23:33:44.229679,SUI,GRID_TRADING,BUY,0.930422,0.8839008999999999,0.9362385714285714,0.5,STANDARD,RANGING_VOLATILE,generated,,,,,,,Generated from GRID_TRADING
2026-02-10T23:33:47.431421,XRP,GRID_TRADING,BUY,1.39888,1.328936,1.408,0.7,STANDARD,,failed,,ERROR: Unknown error,,,,,"Grid placement failed, capital: $486.78"
2026-02-10T23:33:47.432367,XRP,GRID_TRADING,BUY,1.39888,1.328936,1.408,0.7,STANDARD,RANGING_CALM,generated,,,,,,,Generated from GRID_TRADING
2026-02-11T00:02:56.250648,AVAX,GRID_TRADING,BUY,8.753,8.31535,8.805518,0.7,STANDARD,,failed,,ERROR: Unknown error,,,,,"Grid placement failed, capital: $486.78"
2026-02-11T00:02:56.252154,AVAX,GRID_TRADING,BUY,8.753,8.31535,8.805518,0.7,STANDARD,RANGING_VOLATILE,generated,,,,,,,Generated from GRID_TRADING
2026-02-11T00:03:11.715226,SUI,GRID_TRADING,BUY,0.930867,0.8843236499999999,0.9366835714285714,0.5,STANDARD,,failed,,ERROR: Unknown error,,,,,"Grid placement failed, capital: $486.78"
2026-02-11T00:03:11.716322,SUI,GRID_TRADING,BUY,0.930867,0.8843236499999999,0.9366835714285714,0.5,STANDARD,RANGING_VOLATILE,generated,,,,,,,Generated from GRID_TRADING
2026-02-11T00:03:16.653984,XRP,GRID_TRADING,BUY,1.399145,1.32918775,1.408265,0.7,STANDARD,,failed,,ERROR: Unknown error,,,,,"Grid placement failed, capital: $486.78"
2026-02-11T00:03:16.656531,XRP,GRID_TRADING,BUY,1.399145,1.32918775,1.408265,0.7,STANDARD,RANGING_CALM,generated,,,,,,,Generated from GRID_TRADING
2026-02-11T00:06:13.620911,AVAX,GRID_TRADING,BUY,8.749186,8.3117267,8.801681116,0.7,STANDARD,,executed,,"Grid placed: 2 BUY, 3 SELL",grid_AVAX_2buy_3sell,8.749186,5,,Capital allocated: $486.59
2026-02-11T00:06:13.621934,AVAX,GRID_TRADING,BUY,8.749186,8.3117267,8.801681116,0.7,STANDARD,,failed,,ERROR: Grid already active for AVAX,,,,,Exception during grid execution
2026-02-11T00:06:13.622677,AVAX,GRID_TRADING,BUY,8.749186,8.3117267,8.801681116,0.7,STANDARD,RANGING_VOLATILE,generated,,,,,,,Generated from GRID_TRADING
2026-02-11T00:06:34.310155,SUI,GRID_TRADING,BUY,0.930166,0.8836577,0.9359825714285714,0.5,STANDARD,,executed,,"Grid placed: 0 BUY, 1 SELL",grid_SUI_0buy_1sell,0.930166,1,,Capital allocated: $486.59
2026-02-11T00:06:34.310936,SUI,GRID_TRADING,BUY,0.930166,0.8836577,0.9359825714285714,0.5,STANDARD,,failed,,ERROR: Grid already active for SUI,,,,,Exception during grid execution
2026-02-11T00:06:34.311648,SUI,GRID_TRADING,BUY,0.930166,0.8836577,0.9359825714285714,0.5,STANDARD,RANGING_VOLATILE,generated,,,,,,,Generated from GRID_TRADING
2026-02-11T00:06:37.546075,XRP,GRID_TRADING,BUY,1.401332,1.3312654,1.410452,0.7,STANDARD,,executed,,"Grid placed: 2 BUY, 1 SELL",grid_XRP_2buy_1sell,1.401332,3,,Capital allocated: $486.59
2026-02-11T00:06:37.546922,XRP,GRID_TRADING,BUY,1.401332,1.3312654,1.410452,0.7,STANDARD,,failed,,ERROR: Grid already active for XRP,,,,,Exception during grid execution
2026-02-11T00:06:37.547557,XRP,GRID_TRADING,BUY,1.401332,1.3312654,1.410452,0.7,STANDARD,RANGING_CALM,generated,,,,,,,Generated from GRID_TRADING
2026-02-11T00:11:12.056665,SUI,GRID_TRADING,BUY,0.9295,0.883025,0.9353165714285714,0.5,STANDARD,,executed,,"Grid placed: 5 BUY, 5 SELL",grid_SUI_5buy_5sell,0.9295,10,,Capital allocated: $486.59
2026-02-11T00:11:12.057253,SUI,GRID_TRADING,BUY,0.9295,0.883025,0.9353165714285714,0.5,STANDARD,,failed,,ERROR: Grid already active for SUI,,,,,Exception during grid execution
2026-02-11T00:11:12.057669,SUI,GRID_TRADING,BUY,0.9295,0.883025,0.9353165714285714,0.5,STANDARD,RANGING_VOLATILE,generated,,,,,,,Generated from GRID_TRADING
2026-02-11T00:11:17.497584,AVAX,GRID_TRADING,BUY,8.749797,8.312307149999999,8.802295782,0.7,STANDARD,,executed,,"Grid placed: 5 BUY, 5 SELL",grid_AVAX_5buy_5sell,8.749797,10,,Capital allocated: $486.59
2026-02-11T00:11:17.498147,AVAX,GRID_TRADING,BUY,8.749797,8.312307149999999,8.802295782,0.7,STANDARD,,failed,,ERROR: Grid already active for AVAX,,,,,Exception during grid execution
2026-02-11T00:11:17.498526,AVAX,GRID_TRADING,BUY,8.749797,8.312307149999999,8.802295782,0.7,STANDARD,RANGING_VOLATILE,generated,,,,,,,Generated from GRID_TRADING
2026-02-11T00:13:41.053944,SUI,GRID_TRADING,BUY,0.929354,0.8828863,0.9351705714285714,0.5,STANDARD,,executed,,"Grid placed: 5 BUY, 5 SELL",grid_SUI_5buy_5sell,0.929354,10,,Capital allocated: $486.59
2026-02-11T00:13:41.058223,SUI,GRID_TRADING,BUY,0.929354,0.8828863,0.9351705714285714,0.5,STANDARD,,failed,,ERROR: Grid already active for SUI,,,,,Exception during grid execution
2026-02-11T00:13:41.061550,SUI,GRID_TRADING,BUY,0.929354,0.8828863,0.9351705714285714,0.5,STANDARD,RANGING_VOLATILE,generated,,,,,,,Generated from GRID_TRADING
2026-02-11T00:13:46.972615,AVAX,GRID_TRADING,BUY,8.73108,8.294526,8.78346648,0.7,STANDARD,,executed,,"Grid placed: 5 BUY, 5 SELL",grid_AVAX_5buy_5sell,8.73108,10,,Capital allocated: $486.59
2026-02-11T00:13:46.976518,AVAX,GRID_TRADING,BUY,8.73108,8.294526,8.78346648,0.7,STANDARD,,failed,,ERROR: Grid already active for AVAX,,,,,Exception during grid execution
2026-02-11T00:13:46.979821,AVAX,GRID_TRADING,BUY,8.73108,8.294526,8.78346648,0.7,STANDARD,RANGING_VOLATILE,generated,,,,,,,Generated from GRID_TRADING
2026-02-11T00:14:52.630942,AVAX,GRID_TRADING,BUY,8.725421,8.28914995,8.777773526,0.7,STANDARD,,executed,,"Grid placed: 5 BUY, 5 SELL",grid_AVAX_5buy_5sell,8.725421,10,,Capital allocated: $486.59
2026-02-11T00:14:52.634974,AVAX,GRID_TRADING,BUY,8.725421,8.28914995,8.777773526,0.7,STANDARD,,failed,,ERROR: Grid already active for AVAX,,,,,Exception during grid execution
2026-02-11T00:14:52.638650,AVAX,GRID_TRADING,BUY,8.725421,8.28914995,8.777773526,0.7,STANDARD,RANGING_VOLATILE,generated,,,,,,,Generated from GRID_TRADING
2026-02-11T00:14:57.918385,SUI,GRID_TRADING,BUY,0.92918,0.882721,0.9349965714285714,0.5,STANDARD,,executed,,"Grid placed: 5 BUY, 5 SELL",grid_SUI_5buy_5sell,0.92918,10,,Capital allocated: $486.59
2026-02-11T00:14:57.922354,SUI,GRID_TRADING,BUY,0.92918,0.882721,0.9349965714285714,0.5,STANDARD,,failed,,ERROR: Grid already active for SUI,,,,,Exception during grid execution
2026-02-11T00:14:57.926251,SUI,GRID_TRADING,BUY,0.92918,0.882721,0.9349965714285714,0.5,STANDARD,RANGING_VOLATILE,generated,,,,,,,Generated from GRID_TRADING
2026-02-11T00:15:02.521943,XRP,GRID_TRADING,BUY,1.40002,1.330019,1.40914,0.7,STANDARD,,executed,,"Grid placed: 5 BUY, 5 SELL",grid_XRP_5buy_5sell,1.40002,10,,Capital allocated: $486.59
2026-02-11T00:15:02.525733,XRP,GRID_TRADING,BUY,1.40002,1.330019,1.40914,0.7,STANDARD,,failed,,ERROR: Grid already active for XRP,,,,,Exception during grid execution
2026-02-11T00:15:02.528858,XRP,GRID_TRADING,BUY,1.40002,1.330019,1.40914,0.7,STANDARD,RANGING_CALM,generated,,,,,,,Generated from GRID_TRADING
2026-02-11T00:17:16.857120,AVAX,GRID_TRADING,BUY,8.735083,8.298328849999999,8.787493498,0.7,STANDARD,RANGING_VOLATILE,generated,,,,,,,Generated from GRID_TRADING
2026-02-11T00:17:18.192742,SUI,GRID_TRADING,BUY,0.928701,0.88226595,0.9345175714285714,0.5,STANDARD,RANGING_VOLATILE,generated,,,,,,,Generated from GRID_TRADING
2026-02-11T00:17:19.108323,XRP,GRID_TRADING,BUY,1.400794,1.3307543,1.4099140000000001,0.7,STANDARD,RANGING_CALM,generated,,,,,,,Generated from GRID_TRADING
2026-02-11T00:19:07.026280,AVAX,GRID_TRADING,BUY,8.7414,8.30433,8.7938484,0.7,STANDARD,RANGING_VOLATILE,generated,,,,,,,Generated from GRID_TRADING
2026-02-11T00:19:08.314291,SUI,GRID_TRADING,BUY,0.930502,0.8839769,0.9363185714285714,0.5,STANDARD,RANGING_VOLATILE,generated,,,,,,,Generated from GRID_TRADING
2026-02-11T00:19:09.226987,XRP,GRID_TRADING,BUY,1.40276,1.332622,1.41188,0.7,STANDARD,RANGING_CALM,generated,,,,,,,Generated from GRID_TRADING
2026-02-11T00:19:41.780807,AVAX,GRID_TRADING,BUY,8.74334,8.306173,8.79580004,0.7,STANDARD,RANGING_VOLATILE,generated,,,,,,,Generated from GRID_TRADING
2026-02-11T00:19:42.561664,SUI,GRID_TRADING,BUY,0.930924,0.8843777999999999,0.9367405714285714,0.5,STANDARD,RANGING_VOLATILE,generated,,,,,,,Generated from GRID_TRADING
2026-02-11T00:19:43.618818,XRP,GRID_TRADING,BUY,1.40262,1.3324889999999998,1.41174,0.7,STANDARD,RANGING_CALM,generated,,,,,,,Generated from GRID_TRADING
2026-02-11T00:37:00.042513,AVAX,GRID_TRADING,BUY,8.768356,8.3299382,8.820966136000001,0.7,STANDARD,RANGING_VOLATILE,generated,,,,,,,Generated from GRID_TRADING
2026-02-11T00:37:01.385639,SUI,GRID_TRADING,BUY,0.932332,0.8857154,0.9381485714285714,0.5,STANDARD,RANGING_VOLATILE,generated,,,,,,,Generated from GRID_TRADING
2026-02-11T00:37:02.345118,XRP,GRID_TRADING,BUY,1.4078,1.33741,1.41692,0.7,STANDARD,RANGING_CALM,generated,,,,,,,Generated from GRID_TRADING
2026-02-11T00:37:34.510375,AVAX,GRID_TRADING,BUY,8.769096,8.330641199999999,8.821710576,0.7,STANDARD,RANGING_VOLATILE,generated,,,,,,,Generated from GRID_TRADING
2026-02-11T00:37:35.344139,SUI,GRID_TRADING,BUY,0.931639,0.8850570499999999,0.9374555714285714,0.5,STANDARD,RANGING_VOLATILE,generated,,,,,,,Generated from GRID_TRADING
2026-02-11T00:37:36.126170,XRP,GRID_TRADING,BUY,1.407435,1.33706325,1.416555,0.7,STANDARD,RANGING_CALM,generated,,,,,,,Generated from GRID_TRADING
2026-02-11T00:38:07.902842,AVAX,GRID_TRADING,BUY,8.76894,8.330493,8.821553640000001,0.7,STANDARD,RANGING_VOLATILE,generated,,,,,,,Generated from GRID_TRADING
2026-02-11T00:38:08.741921,SUI,GRID_TRADING,BUY,0.931651,0.88506845,0.9374675714285714,0.5,STANDARD,RANGING_VOLATILE,generated,,,,,,,Generated from GRID_TRADING
2026-02-11T00:38:09.515041,XRP,GRID_TRADING,BUY,1.407729,1.33734255,1.416849,0.7,STANDARD,RANGING_CALM,generated,,,,,,,Generated from GRID_TRADING
2026-02-11T00:38:41.604611,AVAX,GRID_TRADING,BUY,8.760949,8.32290155,8.813514694,0.7,STANDARD,RANGING_VOLATILE,generated,,,,,,,Generated from GRID_TRADING
2026-02-11T00:38:42.394622,SUI,GRID_TRADING,BUY,0.930709,0.88417355,0.9365255714285714,0.5,STANDARD,RANGING_VOLATILE,generated,,,,,,,Generated from GRID_TRADING
2026-02-11T00:38:43.148439,XRP,GRID_TRADING,BUY,1.406666,1.3363326999999998,1.415786,0.7,STANDARD,RANGING_CALM,generated,,,,,,,Generated from GRID_TRADING
2026-02-11T00:39:50.304145,AVAX,GRID_TRADING,BUY,8.75312,8.315463999999999,8.80563872,0.7,STANDARD,RANGING_VOLATILE,generated,,,,,,,Generated from GRID_TRADING
2026-02-11T00:39:50.305308,AVAX,GRID_TRADING,BUY,8.75312,8.315463999999999,8.80563872,0.7,STANDARD,RANGING_VOLATILE,generated,,,,,,,Generated from GRID_TRADING
2026-02-11T00:39:52.342665,SUI,GRID_TRADING,BUY,0.929796,0.8833061999999999,0.9356125714285713,0.5,STANDARD,RANGING_VOLATILE,generated,,,,,,,Generated from GRID_TRADING
2026-02-11T00:39:52.346517,SUI,GRID_TRADING,BUY,0.929796,0.8833061999999999,0.9356125714285713,0.5,STANDARD,RANGING_VOLATILE,generated,,,,,,,Generated from GRID_TRADING
2026-02-11T00:39:53.358524,XRP,GRID_TRADING,BUY,1.405621,1.33533995,1.414741,0.7,STANDARD,RANGING_CALM,generated,,,,,,,Generated from GRID_TRADING
2026-02-11T00:39:53.373411,XRP,GRID_TRADING,BUY,1.405621,1.33533995,1.414741,0.7,STANDARD,RANGING_CALM,generated,,,,,,,Generated from GRID_TRADING
2026-02-11T00:40:25.685147,AVAX,GRID_TRADING,BUY,8.759162,8.321203899999999,8.811716972,0.7,STANDARD,RANGING_VOLATILE,generated,,,,,,,Generated from GRID_TRADING
2026-02-11T00:40:25.725864,AVAX,GRID_TRADING,BUY,8.759162,8.321203899999999,8.811716972,0.7,STANDARD,RANGING_VOLATILE,generated,,,,,,,Generated from GRID_TRADING
2026-02-11T00:40:26.532904,SUI,GRID_TRADING,BUY,0.929807,0.88331665,0.9356235714285714,0.5,STANDARD,RANGING_VOLATILE,generated,,,,,,,Generated from GRID_TRADING
2026-02-11T00:40:26.564681,SUI,GRID_TRADING,BUY,0.929807,0.88331665,0.9356235714285714,0.5,STANDARD,RANGING_VOLATILE,generated,,,,,,,Generated from GRID_TRADING
2026-02-11T00:40:27.552092,XRP,GRID_TRADING,BUY,1.405673,1.3353893499999998,1.414793,0.7,STANDARD,RANGING_CALM,generated,,,,,,,Generated from GRID_TRADING
2026-02-11T00:40:27.585423,XRP,GRID_TRADING,BUY,1.405673,1.3353893499999998,1.414793,0.7,STANDARD,RANGING_CALM,generated,,,,,,,Generated from GRID_TRADING
2026-02-11T00:40:59.271359,AVAX,GRID_TRADING,BUY,8.75728,8.319415999999999,8.80982368,0.7,STANDARD,RANGING_VOLATILE,generated,,,,,,,Generated from GRID_TRADING
2026-02-11T00:40:59.423021,AVAX,GRID_TRADING,BUY,8.75728,8.319415999999999,8.80982368,0.7,STANDARD,RANGING_VOLATILE,generated,,,,,,,Generated from GRID_TRADING
2026-02-11T00:41:00.064413,SUI,GRID_TRADING,BUY,0.929982,0.8834829,0.9357985714285714,0.5,STANDARD,RANGING_VOLATILE,generated,,,,,,,Generated from GRID_TRADING
2026-02-11T00:41:00.217039,SUI,GRID_TRADING,BUY,0.929982,0.8834829,0.9357985714285714,0.5,STANDARD,RANGING_VOLATILE,generated,,,,,,,Generated from GRID_TRADING
2026-02-11T00:41:00.814095,XRP,GRID_TRADING,BUY,1.40532,1.3350539999999997,1.41444,0.7,STANDARD,RANGING_CALM,generated,,,,,,,Generated from GRID_TRADING
2026-02-11T00:41:00.955749,XRP,GRID_TRADING,BUY,1.40532,1.3350539999999997,1.41444,0.7,STANDARD,RANGING_CALM,generated,,,,,,,Generated from GRID_TRADING
2026-02-11T00:41:33.329776,AVAX,GRID_TRADING,BUY,8.752303,8.314687849999999,8.804816817999999,0.7,STANDARD,RANGING_VOLATILE,generated,,,,,,,Generated from GRID_TRADING
2026-02-11T00:41:33.347165,AVAX,GRID_TRADING,BUY,8.752303,8.314687849999999,8.804816817999999,0.7,STANDARD,RANGING_VOLATILE,generated,,,,,,,Generated from GRID_TRADING
2026-02-11T00:41:34.180522,SUI,GRID_TRADING,BUY,0.929825,0.8833337499999999,0.9356415714285714,0.5,STANDARD,RANGING_VOLATILE,generated,,,,,,,Generated from GRID_TRADING
2026-02-11T00:41:34.229665,SUI,GRID_TRADING,BUY,0.929825,0.8833337499999999,0.9356415714285714,0.5,STANDARD,RANGING_VOLATILE,generated,,,,,,,Generated from GRID_TRADING
2026-02-11T00:41:34.957797,XRP,GRID_TRADING,BUY,1.404776,1.3345372,1.413896,0.7,STANDARD,RANGING_CALM,generated,,,,,,,Generated from GRID_TRADING
2026-02-11T00:41:35.003375,XRP,GRID_TRADING,BUY,1.404776,1.3345372,1.413896,0.7,STANDARD,RANGING_CALM,generated,,,,,,,Generated from GRID_TRADING
2026-02-11T00:42:08.515270,AVAX,GRID_TRADING,BUY,8.749668,8.3121846,8.802166008,0.7,STANDARD,RANGING_VOLATILE,generated,,,,,,,Generated from GRID_TRADING
2026-02-11T00:42:08.661065,AVAX,GRID_TRADING,BUY,8.749668,8.3121846,8.802166008,0.7,STANDARD,RANGING_VOLATILE,generated,,,,,,,Generated from GRID_TRADING
2026-02-11T00:42:09.861405,SUI,GRID_TRADING,BUY,0.92937,0.8829015,0.9351865714285714,0.5,STANDARD,RANGING_VOLATILE,generated,,,,,,,Generated from GRID_TRADING
2026-02-11T00:42:09.942658,SUI,GRID_TRADING,BUY,0.92937,0.8829015,0.9351865714285714,0.5,STANDARD,RANGING_VOLATILE,generated,,,,,,,Generated from GRID_TRADING
2026-02-11T00:42:17.469378,XRP,GRID_TRADING,BUY,1.4045,1.334275,1.41362,0.7,STANDARD,RANGING_CALM,generated,,,,,,,Generated from GRID_TRADING
2026-02-11T00:42:27.480313,XRP,GRID_TRADING,BUY,1.4045,1.334275,1.41362,0.7,STANDARD,RANGING_CALM,generated,,,,,,,Generated from GRID_TRADING
2026-02-11T00:43:02.510195,AVAX,GRID_TRADING,BUY,8.7456,8.308319999999998,8.7980736,0.7,STANDARD,RANGING_VOLATILE,generated,,,,,,,Generated from GRID_TRADING
2026-02-11T00:43:03.311273,SUI,GRID_TRADING,BUY,0.92894,0.882493,0.9347565714285714,0.5,STANDARD,RANGING_VOLATILE,generated,,,,,,,Generated from GRID_TRADING
2026-02-11T00:43:04.063165,XRP,GRID_TRADING,BUY,1.404719,1.33448305,1.413839,0.7,STANDARD,RANGING_CALM,generated,,,,,,,Generated from GRID_TRADING
2026-02-11T00:43:04.981422,DOGE,MOMENTUM_SCALPING,SELL,0.092753,0.09296825346584003,0.09239424422359996,0.7000000000000001,STANDARD,TRENDING_STRONG,generated,,,,,,,Generated from MOMENTUM_SCALPING
2026-02-11T00:43:08.397114,AVAX,GRID_TRADING,BUY,8.745362,8.3080939,8.797834172,0.7,STANDARD,RANGING_VOLATILE,generated,,,,,,,Generated from GRID_TRADING
2026-02-11T00:43:14.928224,SUI,GRID_TRADING,BUY,0.92894,0.882493,0.9347565714285714,0.5,STANDARD,RANGING_VOLATILE,generated,,,,,,,Generated from GRID_TRADING
2026-02-11T00:43:15.691488,XRP,GRID_TRADING,BUY,1.404785,1.33454575,1.413905,0.7,STANDARD,RANGING_CALM,generated,,,,,,,Generated from GRID_TRADING
2026-02-11T00:43:37.452783,AVAX,GRID_TRADING,BUY,8.74776,8.310372,8.80024656,0.7,STANDARD,RANGING_VOLATILE,generated,,,,,,,Generated from GRID_TRADING
2026-02-11T00:43:38.234367,SUI,GRID_TRADING,BUY,0.928949,0.88250155,0.9347655714285714,0.5,STANDARD,RANGING_VOLATILE,generated,,,,,,,Generated from GRID_TRADING
2026-02-11T00:43:38.986861,XRP,GRID_TRADING,BUY,1.404995,1.3347452499999999,1.414115,0.7,STANDARD,RANGING_CALM,generated,,,,,,,Generated from GRID_TRADING
2026-02-11T00:43:47.448779,AVAX,GRID_TRADING,BUY,8.74812,8.310713999999999,8.80060872,0.7,STANDARD,RANGING_VOLATILE,generated,,,,,,,Generated from GRID_TRADING
2026-02-11T00:43:48.500064,SUI,GRID_TRADING,BUY,0.92907,0.8826164999999999,0.9348865714285713,0.5,STANDARD,RANGING_VOLATILE,generated,,,,,,,Generated from GRID_TRADING
2026-02-11T00:43:49.290781,XRP,GRID_TRADING,BUY,1.4051,1.334845,1.41422,0.7,STANDARD,RANGING_CALM,generated,,,,,,,Generated from GRID_TRADING
2026-02-11T00:44:10.975457,AVAX,GRID_TRADING,BUY,8.751937,8.31434015,8.804448622,0.7,STANDARD,RANGING_VOLATILE,generated,,,,,,,Generated from GRID_TRADING
2026-02-11T00:44:12.282182,SUI,GRID_TRADING,BUY,0.929584,0.8831047999999999,0.9354005714285714,0.5,STANDARD,RANGING_VOLATILE,generated,,,,,,,Generated from GRID_TRADING
2026-02-11T00:44:13.195017,XRP,GRID_TRADING,BUY,1.405841,1.3355489499999997,1.414961,0.7,STANDARD,RANGING_CALM,generated,,,,,,,Generated from GRID_TRADING
2026-02-11T00:44:21.033857,AVAX,GRID_TRADING,BUY,8.751946,8.3143487,8.804457676,0.7,STANDARD,RANGING_VOLATILE,generated,,,,,,,Generated from GRID_TRADING
2026-02-11T00:44:21.857546,SUI,GRID_TRADING,BUY,0.929553,0.8830753499999999,0.9353695714285714,0.5,STANDARD,RANGING_VOLATILE,generated,,,,,,,Generated from GRID_TRADING
2026-02-11T00:44:22.634847,XRP,GRID_TRADING,BUY,1.405764,1.3354758,1.414884,0.7,STANDARD,RANGING_CALM,generated,,,,,,,Generated from GRID_TRADING
2026-02-11T00:44:44.921352,AVAX,GRID_TRADING,BUY,8.749552,8.312074399999998,8.802049312,0.7,STANDARD,RANGING_VOLATILE,generated,,,,,,,Generated from GRID_TRADING
2026-02-11T00:44:45.698046,SUI,GRID_TRADING,BUY,0.929162,0.8827039,0.9349785714285714,0.5,STANDARD,RANGING_VOLATILE,generated,,,,,,,Generated from GRID_TRADING
2026-02-11T00:44:46.502733,XRP,GRID_TRADING,BUY,1.40564,1.335358,1.41476,0.7,STANDARD,RANGING_CALM,generated,,,,,,,Generated from GRID_TRADING
2026-02-11T00:44:54.650742,AVAX,GRID_TRADING,BUY,8.750291,8.31277645,8.802792746000002,0.7,STANDARD,RANGING_VOLATILE,generated,,,,,,,Generated from GRID_TRADING
2026-02-11T00:44:55.513398,SUI,GRID_TRADING,BUY,0.929914,0.8834183,0.9357305714285714,0.5,STANDARD,RANGING_VOLATILE,generated,,,,,,,Generated from GRID_TRADING
2026-02-11T00:44:56.236026,XRP,GRID_TRADING,BUY,1.40616,1.335852,1.41528,0.7,STANDARD,RANGING_CALM,generated,,,,,,,Generated from GRID_TRADING
2026-02-11T00:45:19.153000,AVAX,GRID_TRADING,BUY,8.7511,8.313545,8.803606599999998,0.7,STANDARD,RANGING_VOLATILE,generated,,,,,,,Generated from GRID_TRADING
2026-02-11T00:45:19.929920,SUI,GRID_TRADING,BUY,0.92996,0.883462,0.9357765714285714,0.5,STANDARD,RANGING_VOLATILE,generated,,,,,,,Generated from GRID_TRADING
2026-02-11T00:45:20.675586,XRP,GRID_TRADING,BUY,1.4064,1.33608,1.4155200000000001,0.7,STANDARD,RANGING_CALM,generated,,,,,,,Generated from GRID_TRADING
2026-02-11T00:45:27.954597,AVAX,GRID_TRADING,BUY,8.75322,8.315559,8.80573932,0.7,STANDARD,RANGING_VOLATILE,generated,,,,,,,Generated from GRID_TRADING
2026-02-11T00:45:28.772316,SUI,GRID_TRADING,BUY,0.929978,0.8834791,0.9357945714285714,0.5,STANDARD,RANGING_VOLATILE,generated,,,,,,,Generated from GRID_TRADING
2026-02-11T00:45:29.570790,XRP,GRID_TRADING,BUY,1.406383,1.33606385,1.415503,0.7,STANDARD,RANGING_CALM,generated,,,,,,,Generated from GRID_TRADING
2026-02-11T00:45:53.551385,AVAX,GRID_TRADING,BUY,8.7491,8.311645,8.8015946,0.7,STANDARD,RANGING_VOLATILE,generated,,,,,,,Generated from GRID_TRADING
2026-02-11T00:45:54.380634,SUI,GRID_TRADING,BUY,0.929511,0.8830354499999999,0.9353275714285714,0.5,STANDARD,RANGING_VOLATILE,generated,,,,,,,Generated from GRID_TRADING
2026-02-11T00:45:55.128913,XRP,GRID_TRADING,BUY,1.405898,1.3356031,1.415018,0.7,STANDARD,RANGING_CALM,generated,,,,,,,Generated from GRID_TRADING
2026-02-11T00:46:01.312623,AVAX,GRID_TRADING,BUY,8.748028,8.310626599999999,8.800516168,0.7,STANDARD,RANGING_VOLATILE,generated,,,,,,,Generated from GRID_TRADING
2026-02-11T00:46:02.100281,SUI,GRID_TRADING,BUY,0.929458,0.8829851,0.9352745714285714,0.5,STANDARD,RANGING_VOLATILE,generated,,,,,,,Generated from GRID_TRADING
2026-02-11T00:46:02.843076,XRP,GRID_TRADING,BUY,1.405644,1.3353617999999998,1.414764,0.7,STANDARD,RANGING_CALM,generated,,,,,,,Generated from GRID_TRADING
2026-02-11T00:46:27.075170,AVAX,GRID_TRADING,BUY,8.748,8.310599999999999,8.800488,0.7,STANDARD,RANGING_VOLATILE,generated,,,,,,,Generated from GRID_TRADING
2026-02-11T00:46:28.208605,SUI,GRID_TRADING,BUY,0.930173,0.88366435,0.9359895714285714,0.5,STANDARD,RANGING_VOLATILE,generated,,,,,,,Generated from GRID_TRADING
2026-02-11T00:46:29.098230,XRP,GRID_TRADING,BUY,1.40608,1.3357759999999999,1.4152,0.7,STANDARD,RANGING_CALM,generated,,,,,,,Generated from GRID_TRADING
2026-02-11T00:46:34.548204,AVAX,GRID_TRADING,BUY,8.74796,8.310562000000001,8.80044776,0.7,STANDARD,RANGING_VOLATILE,generated,,,,,,,Generated from GRID_TRADING
2026-02-11T00:46:35.326483,SUI,GRID_TRADING,BUY,0.930087,0.8835826499999999,0.9359035714285714,0.5,STANDARD,RANGING_VOLATILE,generated,,,,,,,Generated from GRID_TRADING
2026-02-11T00:46:36.055738,XRP,GRID_TRADING,BUY,1.40606,1.335757,1.41518,0.7,STANDARD,RANGING_CALM,generated,,,,,,,Generated from GRID_TRADING
2026-02-11T00:47:00.964609,AVAX,GRID_TRADING,BUY,8.748138,8.3107311,8.800626828,0.7,STANDARD,RANGING_VOLATILE,generated,,,,,,,Generated from GRID_TRADING
2026-02-11T00:47:01.752426,SUI,GRID_TRADING,BUY,0.929993,0.88349335,0.9358095714285714,0.5,STANDARD,RANGING_VOLATILE,generated,,,,,,,Generated from GRID_TRADING
2026-02-11T00:47:02.481188,XRP,GRID_TRADING,BUY,1.406972,1.3366234,1.416092,0.7,STANDARD,RANGING_CALM,generated,,,,,,,Generated from GRID_TRADING
2026-02-11T00:47:08.180270,AVAX,GRID_TRADING,BUY,8.7434,8.30623,8.795860399999999,0.7,STANDARD,RANGING_VOLATILE,generated,,,,,,,Generated from GRID_TRADING
2026-02-11T00:47:09.051251,SUI,GRID_TRADING,BUY,0.929813,0.8833223499999999,0.9356295714285714,0.5,STANDARD,RANGING_VOLATILE,generated,,,,,,,Generated from GRID_TRADING
2026-02-11T00:47:09.815898,XRP,GRID_TRADING,BUY,1.40692,1.336574,1.41604,0.7,STANDARD,RANGING_CALM,generated,,,,,,,Generated from GRID_TRADING
2026-02-11T00:47:35.743945,AVAX,GRID_TRADING,BUY,8.74674,8.309403,8.799220440000001,0.7,STANDARD,RANGING_VOLATILE,generated,,,,,,,Generated from GRID_TRADING
2026-02-11T00:47:36.517807,SUI,GRID_TRADING,BUY,0.93034,0.8838229999999999,0.9361565714285713,0.5,STANDARD,RANGING_VOLATILE,generated,,,,,,,Generated from GRID_TRADING
2026-02-11T00:47:37.260765,XRP,GRID_TRADING,BUY,1.40726,1.336897,1.41638,0.7,STANDARD,RANGING_CALM,generated,,,,,,,Generated from GRID_TRADING
2026-02-11T00:47:41.514452,AVAX,GRID_TRADING,BUY,8.74714,8.309783,8.79962284,0.7,STANDARD,RANGING_VOLATILE,generated,,,,,,,Generated from GRID_TRADING
2026-02-11T00:47:42.363378,SUI,GRID_TRADING,BUY,0.93039,0.8838705,0.9362065714285714,0.5,STANDARD,RANGING_VOLATILE,generated,,,,,,,Generated from GRID_TRADING
2026-02-11T00:47:43.108985,XRP,GRID_TRADING,BUY,1.407051,1.33669845,1.416171,0.7,STANDARD,RANGING_CALM,generated,,,,,,,Generated from GRID_TRADING
2026-02-11T00:48:10.053827,AVAX,GRID_TRADING,BUY,8.7504,8.31288,8.8029024,0.7,STANDARD,RANGING_VOLATILE,generated,,,,,,,Generated from GRID_TRADING
2026-02-11T00:48:10.845709,SUI,GRID_TRADING,BUY,0.930649,0.8841165499999999,0.9364655714285713,0.5,STANDARD,RANGING_VOLATILE,generated,,,,,,,Generated from GRID_TRADING
2026-02-11T00:48:11.596778,XRP,GRID_TRADING,BUY,1.40702,1.3366689999999999,1.41614,0.7,STANDARD,RANGING_CALM,generated,,,,,,,Generated from GRID_TRADING
2026-02-11T00:48:14.924464,AVAX,GRID_TRADING,BUY,8.748719,8.311283049999998,8.801211314,0.7,STANDARD,RANGING_VOLATILE,generated,,,,,,,Generated from GRID_TRADING
2026-02-11T00:48:15.713846,SUI,GRID_TRADING,BUY,0.93059,0.8840605,0.9364065714285714,0.5,STANDARD,RANGING_VOLATILE,generated,,,,,,,Generated from GRID_TRADING
2026-02-11T00:48:16.497395,XRP,GRID_TRADING,BUY,1.406893,1.33654835,1.416013,0.7,STANDARD,RANGING_CALM,generated,,,,,,,Generated from GRID_TRADING
2026-02-11T00:48:43.644499,AVAX,GRID_TRADING,BUY,8.746751,8.30941345,8.799231506,0.7,STANDARD,RANGING_VOLATILE,generated,,,,,,,Generated from GRID_TRADING
2026-02-11T00:49:18.970259,AVAX,GRID_TRADING,BUY,8.7469,8.309555,8.7993814,0.7,STANDARD,RANGING_VOLATILE,generated,,,,,,,Generated from GRID_TRADING
2026-02-11T00:49:20.320781,SUI,GRID_TRADING,BUY,0.930547,0.8840196499999999,0.9363635714285714,0.5,STANDARD,RANGING_VOLATILE,generated,,,,,,,Generated from GRID_TRADING
2026-02-11T00:49:21.240572,XRP,GRID_TRADING,BUY,1.40644,1.336118,1.41556,0.7,STANDARD,RANGING_CALM,generated,,,,,,,Generated from GRID_TRADING
2026-02-11T00:49:59.710861,AVAX,GRID_TRADING,BUY,8.74962,8.312139,8.80211772,0.7,STANDARD,RANGING_VOLATILE,generated,,,,,,,Generated from GRID_TRADING
2026-02-11T00:50:00.823296,SUI,GRID_TRADING,BUY,0.931132,0.8845753999999999,0.9369485714285714,0.5,STANDARD,RANGING_VOLATILE,generated,,,,,,,Generated from GRID_TRADING
2026-02-11T00:50:01.602537,XRP,GRID_TRADING,BUY,1.4077,1.3373149999999998,1.41682,0.7,STANDARD,RANGING_CALM,generated,,,,,,,Generated from GRID_TRADING
2026-02-11T00:50:33.300419,AVAX,GRID_TRADING,BUY,8.7465,8.309175,8.798979,0.7,STANDARD,RANGING_VOLATILE,generated,,,,,,,Generated from GRID_TRADING
2026-02-11T00:50:34.080694,SUI,GRID_TRADING,BUY,0.93115,0.8845925,0.9369665714285714,0.5,STANDARD,RANGING_VOLATILE,generated,,,,,,,Generated from GRID_TRADING
2026-02-11T00:50:34.821460,XRP,GRID_TRADING,BUY,1.407732,1.3373454,1.416852,0.7,STANDARD,RANGING_CALM,generated,,,,,,,Generated from GRID_TRADING
2026-02-11T00:51:07.437973,AVAX,GRID_TRADING,BUY,8.74688,8.309536,8.799361280000001,0.7,STANDARD,RANGING_VOLATILE,generated,,,,,,,Generated from GRID_TRADING
2026-02-11T00:51:08.217064,SUI,GRID_TRADING,BUY,0.931054,0.8845013,0.9368705714285714,0.5,STANDARD,RANGING_VOLATILE,generated,,,,,,,Generated from GRID_TRADING
2026-02-11T00:51:08.956737,XRP,GRID_TRADING,BUY,1.40734,1.336973,1.41646,0.7,STANDARD,RANGING_CALM,generated,,,,,,,Generated from GRID_TRADING
2026-02-11T00:51:41.480806,AVAX,GRID_TRADING,BUY,8.7469,8.309555,8.7993814,0.7,STANDARD,RANGING_VOLATILE,generated,,,,,,,Generated from GRID_TRADING
2026-02-11T00:51:42.854056,SUI,GRID_TRADING,BUY,0.931056,0.8845031999999999,0.9368725714285714,0.5,STANDARD,RANGING_VOLATILE,generated,,,,,,,Generated from GRID_TRADING
2026-02-11T00:51:43.806164,XRP,GRID_TRADING,BUY,1.407778,1.3373891,1.416898,0.7,STANDARD,RANGING_CALM,generated,,,,,,,Generated from GRID_TRADING
2026-02-11T00:52:16.643074,AVAX,GRID_TRADING,BUY,8.74762,8.310239,8.80010572,0.7,STANDARD,RANGING_VOLATILE,generated,,,,,,,Generated from GRID_TRADING
2026-02-11T00:52:17.429672,SUI,GRID_TRADING,BUY,0.93106,0.8845069999999999,0.9368765714285714,0.5,STANDARD,RANGING_VOLATILE,generated,,,,,,,Generated from GRID_TRADING
2026-02-11T00:52:18.159764,XRP,GRID_TRADING,BUY,1.40842,1.337999,1.41754,0.7,STANDARD,RANGING_CALM,generated,,,,,,,Generated from GRID_TRADING
2026-02-11T00:52:50.321884,AVAX,GRID_TRADING,BUY,8.751888,8.3142936,8.804399327999999,0.7,STANDARD,RANGING_VOLATILE,generated,,,,,,,Generated from GRID_TRADING
2026-02-11T00:52:51.112236,SUI,GRID_TRADING,BUY,0.931662,0.8850789,0.9374785714285714,0.5,STANDARD,RANGING_VOLATILE,generated,,,,,,,Generated from GRID_TRADING
2026-02-11T00:52:51.888495,XRP,GRID_TRADING,BUY,1.409455,1.33898225,1.418575,0.7,STANDARD,RANGING_CALM,generated,,,,,,,Generated from GRID_TRADING
2026-02-11T00:53:24.475172,AVAX,GRID_TRADING,BUY,8.75266,8.315027,8.80517596,0.7,STANDARD,RANGING_VOLATILE,generated,,,,,,,Generated from GRID_TRADING
2026-02-11T00:53:25.514640,SUI,GRID_TRADING,BUY,0.932173,0.88556435,0.9379895714285714,0.5,STANDARD,RANGING_VOLATILE,generated,,,,,,,Generated from GRID_TRADING
2026-02-11T00:53:26.268570,XRP,GRID_TRADING,BUY,1.410467,1.33994365,1.419587,0.7,STANDARD,RANGING_CALM,generated,,,,,,,Generated from GRID_TRADING
2026-02-11T00:53:58.752769,AVAX,GRID_TRADING,BUY,8.761594,8.3235143,8.814163564000001,0.7,STANDARD,RANGING_VOLATILE,generated,,,,,,,Generated from GRID_TRADING
2026-02-11T00:54:00.175861,SUI,GRID_TRADING,BUY,0.932895,0.88625025,0.9387115714285714,0.5,STANDARD,RANGING_VOLATILE,generated,,,,,,,Generated from GRID_TRADING
2026-02-11T00:54:01.144614,XRP,GRID_TRADING,BUY,1.41126,1.3406969999999998,1.42038,0.7,STANDARD,RANGING_CALM,generated,,,,,,,Generated from GRID_TRADING
2026-02-11T00:54:34.947119,AVAX,GRID_TRADING,BUY,8.7608,8.322759999999999,8.8133648,0.7,STANDARD,RANGING_VOLATILE,generated,,,,,,,Generated from GRID_TRADING
2026-02-11T00:54:35.741166,SUI,GRID_TRADING,BUY,0.93319,0.8865304999999999,0.9390065714285714,0.5,STANDARD,RANGING_VOLATILE,generated,,,,,,,Generated from GRID_TRADING
2026-02-11T00:54:36.540284,XRP,GRID_TRADING,BUY,1.41088,1.3403359999999997,1.42,0.7,STANDARD,RANGING_CALM,generated,,,,,,,Generated from GRID_TRADING
2026-02-11T00:55:08.688328,AVAX,GRID_TRADING,BUY,8.768383,8.32996385,8.820993298,0.7,STANDARD,RANGING_VOLATILE,generated,,,,,,,Generated from GRID_TRADING
2026-02-11T00:55:09.465622,SUI,GRID_TRADING,BUY,0.934075,0.88737125,0.9398915714285714,0.5,STANDARD,RANGING_VOLATILE,generated,,,,,,,Generated from GRID_TRADING
2026-02-11T00:55:10.192021,XRP,GRID_TRADING,BUY,1.41218,1.3415709999999998,1.4213,0.7,STANDARD,RANGING_CALM,generated,,,,,,,Generated from GRID_TRADING
2026-02-11T00:55:42.740838,AVAX,GRID_TRADING,BUY,8.76629,8.327975499999999,8.81888774,0.7,STANDARD,RANGING_VOLATILE,generated,,,,,,,Generated from GRID_TRADING
2026-02-11T00:55:43.550507,SUI,GRID_TRADING,BUY,0.93408,0.8873759999999999,0.9398965714285714,0.5,STANDARD,RANGING_VOLATILE,generated,,,,,,,Generated from GRID_TRADING
2026-02-11T00:55:44.330632,XRP,GRID_TRADING,BUY,1.41207,1.3414665,1.42119,0.7,STANDARD,RANGING_CALM,generated,,,,,,,Generated from GRID_TRADING
2026-02-11T00:56:17.120076,AVAX,GRID_TRADING,BUY,8.766884,8.3285398,8.819485303999999,0.7,STANDARD,RANGING_VOLATILE,generated,,,,,,,Generated from GRID_TRADING
2026-02-11T00:56:18.499359,SUI,GRID_TRADING,BUY,0.934063,0.88735985,0.9398795714285714,0.5,STANDARD,RANGING_VOLATILE,generated,,,,,,,Generated from GRID_TRADING
2026-02-11T00:56:19.416126,XRP,GRID_TRADING,BUY,1.411723,1.34113685,1.420843,0.7,STANDARD,RANGING_CALM,generated,,,,,,,Generated from GRID_TRADING
2026-02-11T00:56:51.595690,AVAX,GRID_TRADING,BUY,8.76441,8.3261895,8.81699646,0.7,STANDARD,RANGING_VOLATILE,generated,,,,,,,Generated from GRID_TRADING
2026-02-11T00:56:52.392180,SUI,GRID_TRADING,BUY,0.933946,0.8872487,0.9397625714285714,0.5,STANDARD,RANGING_VOLATILE,generated,,,,,,,Generated from GRID_TRADING
2026-02-11T00:56:53.147441,XRP,GRID_TRADING,BUY,1.410605,1.34007475,1.4197250000000001,0.7,STANDARD,RANGING_CALM,generated,,,,,,,Generated from GRID_TRADING
2026-02-11T00:58:52.214449,AVAX,GRID_TRADING,BUY,8.768,8.329600000000001,8.820608,0.7,STANDARD,RANGING_VOLATILE,generated,,,,,,,Generated from GRID_TRADING
2026-02-11T00:58:53.539376,SUI,GRID_TRADING,BUY,0.934294,0.8875793,0.9401105714285714,0.5,STANDARD,RANGING_VOLATILE,generated,,,,,,,Generated from GRID_TRADING
2026-02-11T00:58:54.499792,XRP,GRID_TRADING,BUY,1.411187,1.3406276499999998,1.420307,0.7,STANDARD,RANGING_CALM,generated,,,,,,,Generated from GRID_TRADING
2026-02-11T00:59:29.560451,AVAX,GRID_TRADING,BUY,8.76394,8.325743,8.81652364,0.7,STANDARD,RANGING_VOLATILE,generated,,,,,,,Generated from GRID_TRADING
2026-02-11T00:59:30.342483,SUI,GRID_TRADING,BUY,0.93396,0.887262,0.9397765714285714,0.5,STANDARD,RANGING_VOLATILE,generated,,,,,,,Generated from GRID_TRADING
2026-02-11T00:59:31.083791,XRP,GRID_TRADING,BUY,1.4096,1.3391199999999999,1.41872,0.7,STANDARD,RANGING_CALM,generated,,,,,,,Generated from GRID_TRADING
2026-02-11T01:00:02.872349,AVAX,GRID_TRADING,BUY,8.7635,8.325325,8.816081,0.7,STANDARD,RANGING_VOLATILE,generated,,,,,,,Generated from GRID_TRADING
2026-02-11T01:00:03.657586,SUI,GRID_TRADING,BUY,0.933795,0.88710525,0.9396115714285714,0.5,STANDARD,RANGING_VOLATILE,generated,,,,,,,Generated from GRID_TRADING
2026-02-11T01:00:04.448469,XRP,GRID_TRADING,BUY,1.409351,1.33888345,1.418471,0.7,STANDARD,RANGING_CALM,generated,,,,,,,Generated from GRID_TRADING
2026-02-11T01:00:36.765927,AVAX,GRID_TRADING,BUY,8.756871,8.31902745,8.809412226000001,0.7,STANDARD,RANGING_VOLATILE,generated,,,,,,,Generated from GRID_TRADING
2026-02-11T01:00:37.525007,SUI,GRID_TRADING,BUY,0.933079,0.8864250499999999,0.9388955714285714,0.5,STANDARD,RANGING_VOLATILE,generated,,,,,,,Generated from GRID_TRADING
2026-02-11T01:00:38.257684,XRP,GRID_TRADING,BUY,1.408443,1.33802085,1.417563,0.7,STANDARD,RANGING_CALM,generated,,,,,,,Generated from GRID_TRADING
2026-02-11T01:01:10.771668,AVAX,GRID_TRADING,BUY,8.75778,8.319891,8.810326680000001,0.7,STANDARD,RANGING_VOLATILE,generated,,,,,,,Generated from GRID_TRADING
2026-02-11T01:01:12.081660,SUI,GRID_TRADING,BUY,0.93313,0.8864735,0.9389465714285714,0.5,STANDARD,RANGING_VOLATILE,generated,,,,,,,Generated from GRID_TRADING
2026-02-11T01:01:13.037622,XRP,GRID_TRADING,BUY,1.408947,1.33849965,1.418067,0.7,STANDARD,RANGING_CALM,generated,,,,,,,Generated from GRID_TRADING
2026-02-11T01:01:45.426044,AVAX,GRID_TRADING,BUY,8.7608,8.322759999999999,8.8133648,0.7,STANDARD,RANGING_VOLATILE,generated,,,,,,,Generated from GRID_TRADING
2026-02-11T01:01:46.195741,SUI,GRID_TRADING,BUY,0.932612,0.8859813999999999,0.9384285714285714,0.5,STANDARD,RANGING_VOLATILE,generated,,,,,,,Generated from GRID_TRADING
2026-02-11T01:01:46.951559,XRP,GRID_TRADING,BUY,1.40926,1.3387969999999998,1.41838,0.7,STANDARD,RANGING_CALM,generated,,,,,,,Generated from GRID_TRADING
2026-02-11T01:02:18.656573,AVAX,GRID_TRADING,BUY,8.76604,8.327738,8.81863624,0.7,STANDARD,RANGING_VOLATILE,generated,,,,,,,Generated from GRID_TRADING
2026-02-11T01:02:19.442934,SUI,GRID_TRADING,BUY,0.93324,0.8865779999999999,0.9390565714285714,0.5,STANDARD,RANGING_VOLATILE,generated,,,,,,,Generated from GRID_TRADING
2026-02-11T01:02:20.177458,XRP,GRID_TRADING,BUY,1.409596,1.3391162,1.418716,0.7,STANDARD,RANGING_CALM,generated,,,,,,,Generated from GRID_TRADING
2026-02-11T01:02:52.484043,AVAX,GRID_TRADING,BUY,8.7659,8.327605,8.8184954,0.7,STANDARD,RANGING_VOLATILE,generated,,,,,,,Generated from GRID_TRADING
2026-02-11T01:02:53.339893,SUI,GRID_TRADING,BUY,0.933464,0.8867907999999999,0.9392805714285714,0.5,STANDARD,RANGING_VOLATILE,generated,,,,,,,Generated from GRID_TRADING
2026-02-11T01:02:54.145472,XRP,GRID_TRADING,BUY,1.409492,1.3390174,1.418612,0.7,STANDARD,RANGING_CALM,generated,,,,,,,Generated from GRID_TRADING
2026-02-11T01:03:25.752674,AVAX,GRID_TRADING,BUY,8.770044,8.3315418,8.822664264,0.7,STANDARD,,rejected,Grid already active for AVAX,,,,,,
2026-02-11T01:03:25.757123,AVAX,GRID_TRADING,BUY,8.770044,8.3315418,8.822664264,0.7,STANDARD,RANGING_VOLATILE,generated,,,,,,,Generated from GRID_TRADING
2026-02-11T01:03:37.841797,SUI,GRID_TRADING,BUY,0.933916,0.8872201999999999,0.9397325714285714,0.5,STANDARD,,rejected,Grid already active for SUI,,,,,,
2026-02-11T01:03:37.845882,SUI,GRID_TRADING,BUY,0.933916,0.8872201999999999,0.9397325714285714,0.5,STANDARD,RANGING_VOLATILE,generated,,,,,,,Generated from GRID_TRADING
2026-02-11T01:03:43.442252,XRP,GRID_TRADING,BUY,1.410991,1.3404414500000001,1.4201110000000001,0.7,STANDARD,,rejected,Grid already active for XRP,,,,,,
2026-02-11T01:03:43.446026,XRP,GRID_TRADING,BUY,1.410991,1.3404414500000001,1.4201110000000001,0.7,STANDARD,RANGING_CALM,generated,,,,,,,Generated from GRID_TRADING
2026-02-11T01:04:32.877983,AVAX,GRID_TRADING,BUY,8.77282,8.334178999999999,8.825456919999999,0.7,STANDARD,,rejected,Grid already active for AVAX,,,,,,
2026-02-11T01:04:32.882076,AVAX,GRID_TRADING,BUY,8.77282,8.334178999999999,8.825456919999999,0.7,STANDARD,RANGING_VOLATILE,generated,,,,,,,Generated from GRID_TRADING
2026-02-11T01:04:33.670820,SUI,GRID_TRADING,BUY,0.933996,0.8872962,0.9398125714285714,0.5,STANDARD,,rejected,Grid already active for SUI,,,,,,
2026-02-11T01:04:33.676330,SUI,GRID_TRADING,BUY,0.933996,0.8872962,0.9398125714285714,0.5,STANDARD,RANGING_VOLATILE,generated,,,,,,,Generated from GRID_TRADING
2026-02-11T01:04:34.417722,XRP,GRID_TRADING,BUY,1.411225,1.3406637499999998,1.420345,0.7,STANDARD,,rejected,Grid already active for XRP,,,,,,
2026-02-11T01:04:34.422824,XRP,GRID_TRADING,BUY,1.411225,1.3406637499999998,1.420345,0.7,STANDARD,RANGING_CALM,generated,,,,,,,Generated from GRID_TRADING
2026-02-11T01:05:06.864128,AVAX,GRID_TRADING,BUY,8.77402,8.335319,8.82666412,0.7,STANDARD,,rejected,Grid already active for AVAX,,,,,,
2026-02-11T01:05:06.868228,AVAX,GRID_TRADING,BUY,8.77402,8.335319,8.82666412,0.7,STANDARD,RANGING_VOLATILE,generated,,,,,,,Generated from GRID_TRADING
2026-02-11T01:05:07.640259,SUI,GRID_TRADING,BUY,0.934104,0.8873988,0.9399205714285714,0.5,STANDARD,,rejected,Grid already active for SUI,,,,,,
2026-02-11T01:05:07.644052,SUI,GRID_TRADING,BUY,0.934104,0.8873988,0.9399205714285714,0.5,STANDARD,RANGING_VOLATILE,generated,,,,,,,Generated from GRID_TRADING
2026-02-11T01:05:08.392239,XRP,GRID_TRADING,BUY,1.411092,1.3405373999999999,1.420212,0.7,STANDARD,,rejected,Grid already active for XRP,,,,,,
2026-02-11T01:05:08.396073,XRP,GRID_TRADING,BUY,1.411092,1.3405373999999999,1.420212,0.7,STANDARD,RANGING_CALM,generated,,,,,,,Generated from GRID_TRADING
2026-02-11T01:05:40.901616,AVAX,GRID_TRADING,BUY,8.76312,8.324964,8.81569872,0.7,STANDARD,,rejected,Grid already active for AVAX,,,,,,
2026-02-11T01:05:40.920876,AVAX,GRID_TRADING,BUY,8.76312,8.324964,8.81569872,0.7,STANDARD,RANGING_VOLATILE,generated,,,,,,,Generated from GRID_TRADING
2026-02-11T01:05:42.398863,SUI,GRID_TRADING,BUY,0.932534,0.8859073,0.9383505714285714,0.5,STANDARD,,rejected,Grid already active for SUI,,,,,,
2026-02-11T01:05:42.402886,SUI,GRID_TRADING,BUY,0.932534,0.8859073,0.9383505714285714,0.5,STANDARD,RANGING_VOLATILE,generated,,,,,,,Generated from GRID_TRADING
2026-02-11T01:05:43.446160,XRP,GRID_TRADING,BUY,1.40854,1.3381129999999999,1.41766,0.7,STANDARD,,rejected,Grid already active for XRP,,,,,,
2026-02-11T01:05:43.450183,XRP,GRID_TRADING,BUY,1.40854,1.3381129999999999,1.41766,0.7,STANDARD,RANGING_CALM,generated,,,,,,,Generated from GRID_TRADING
2026-02-11T01:06:19.581089,AVAX,GRID_TRADING,BUY,8.759566,8.321587699999998,8.812123395999999,0.7,STANDARD,,executed,,"Grid placed: 5 BUY, 5 SELL",grid_AVAX_5buy_5sell,8.759566,10,,Capital allocated: $486.59
2026-02-11T01:06:19.588787,AVAX,GRID_TRADING,BUY,8.759566,8.321587699999998,8.812123395999999,0.7,STANDARD,RANGING_VOLATILE,generated,,,,,,,Generated from GRID_TRADING
2026-02-11T01:06:24.649375,SUI,GRID_TRADING,BUY,0.93203,0.8854285,0.9378465714285714,0.5,STANDARD,,executed,,"Grid placed: 5 BUY, 5 SELL",grid_SUI_5buy_5sell,0.93203,10,,Capital allocated: $486.59
2026-02-11T01:06:24.656327,SUI,GRID_TRADING,BUY,0.93203,0.8854285,0.9378465714285714,0.5,STANDARD,RANGING_VOLATILE,generated,,,,,,,Generated from GRID_TRADING
2026-02-11T01:06:29.368402,XRP,GRID_TRADING,BUY,1.40734,1.336973,1.41646,0.7,STANDARD,,executed,,"Grid placed: 5 BUY, 5 SELL",grid_XRP_5buy_5sell,1.40734,10,,Capital allocated: $486.59
2026-02-11T01:06:29.376381,XRP,GRID_TRADING,BUY,1.40734,1.336973,1.41646,0.7,STANDARD,RANGING_CALM,generated,,,,,,,Generated from GRID_TRADING
2026-02-11T01:07:01.278338,AVAX,GRID_TRADING,BUY,8.76078,8.322741,8.81334468,0.7,STANDARD,,rejected,Grid already active for AVAX,,,,,,
2026-02-11T01:07:01.282619,AVAX,GRID_TRADING,BUY,8.76078,8.322741,8.81334468,0.7,STANDARD,RANGING_VOLATILE,generated,,,,,,,Generated from GRID_TRADING
2026-02-11T01:07:02.059647,SUI,GRID_TRADING,BUY,0.932189,0.88557955,0.9380055714285714,0.5,STANDARD,,rejected,Grid already active for SUI,,,,,,
2026-02-11T01:07:02.063738,SUI,GRID_TRADING,BUY,0.932189,0.88557955,0.9380055714285714,0.5,STANDARD,RANGING_VOLATILE,generated,,,,,,,Generated from GRID_TRADING
2026-02-11T01:07:02.838912,XRP,GRID_TRADING,BUY,1.407082,1.3367278999999999,1.416202,0.7,STANDARD,,rejected,Grid already active for XRP,,,,,,
2026-02-11T01:07:02.842477,XRP,GRID_TRADING,BUY,1.407082,1.3367278999999999,1.416202,0.7,STANDARD,RANGING_CALM,generated,,,,,,,Generated from GRID_TRADING
2026-02-11T01:07:35.330444,AVAX,GRID_TRADING,BUY,8.76062,8.322588999999999,8.81318372,0.7,STANDARD,,rejected,Grid already active for AVAX,,,,,,
2026-02-11T01:07:35.336108,AVAX,GRID_TRADING,BUY,8.76062,8.322588999999999,8.81318372,0.7,STANDARD,RANGING_VOLATILE,generated,,,,,,,Generated from GRID_TRADING
2026-02-11T01:07:36.167894,SUI,GRID_TRADING,BUY,0.932082,0.8854778999999999,0.9378985714285714,0.5,STANDARD,,rejected,Grid already active for SUI,,,,,,
2026-02-11T01:07:36.171853,SUI,GRID_TRADING,BUY,0.932082,0.8854778999999999,0.9378985714285714,0.5,STANDARD,RANGING_VOLATILE,generated,,,,,,,Generated from GRID_TRADING
2026-02-11T01:07:36.910093,XRP,GRID_TRADING,BUY,1.40675,1.3364124999999998,1.41587,0.7,STANDARD,,rejected,Grid already active for XRP,,,,,,
2026-02-11T01:07:36.914865,XRP,GRID_TRADING,BUY,1.40675,1.3364124999999998,1.41587,0.7,STANDARD,RANGING_CALM,generated,,,,,,,Generated from GRID_TRADING
2026-02-11T01:08:09.431247,AVAX,GRID_TRADING,BUY,8.7665,8.328175,8.819099000000001,0.7,STANDARD,,rejected,Grid already active for AVAX,,,,,,
2026-02-11T01:08:09.435153,AVAX,GRID_TRADING,BUY,8.7665,8.328175,8.819099000000001,0.7,STANDARD,RANGING_VOLATILE,generated,,,,,,,Generated from GRID_TRADING
2026-02-11T01:08:10.766768,SUI,GRID_TRADING,BUY,0.932664,0.8860308,0.9384805714285714,0.5,STANDARD,,rejected,Grid already active for SUI,,,,,,
2026-02-11T01:08:10.770178,SUI,GRID_TRADING,BUY,0.932664,0.8860308,0.9384805714285714,0.5,STANDARD,RANGING_VOLATILE,generated,,,,,,,Generated from GRID_TRADING
2026-02-11T01:08:11.721987,XRP,GRID_TRADING,BUY,1.407561,1.33718295,1.416681,0.7,STANDARD,,rejected,Grid already active for XRP,,,,,,
2026-02-11T01:08:11.725824,XRP,GRID_TRADING,BUY,1.407561,1.33718295,1.416681,0.7,STANDARD,RANGING_CALM,generated,,,,,,,Generated from GRID_TRADING
2026-02-11T01:08:45.322852,AVAX,GRID_TRADING,BUY,8.76282,8.324679,8.81539692,0.7,STANDARD,,rejected,Grid already active for AVAX,,,,,,
2026-02-11T01:08:45.326913,AVAX,GRID_TRADING,BUY,8.76282,8.324679,8.81539692,0.7,STANDARD,RANGING_VOLATILE,generated,,,,,,,Generated from GRID_TRADING
2026-02-11T01:08:46.151796,SUI,GRID_TRADING,BUY,0.932194,0.8855842999999999,0.9380105714285714,0.5,STANDARD,,rejected,Grid already active for SUI,,,,,,
2026-02-11T01:08:46.155840,SUI,GRID_TRADING,BUY,0.932194,0.8855842999999999,0.9380105714285714,0.5,STANDARD,RANGING_VOLATILE,generated,,,,,,,Generated from GRID_TRADING
2026-02-11T01:08:46.903356,XRP,GRID_TRADING,BUY,1.40684,1.336498,1.41596,0.7,STANDARD,,rejected,Grid already active for XRP,,,,,,
2026-02-11T01:08:46.906929,XRP,GRID_TRADING,BUY,1.40684,1.336498,1.41596,0.7,STANDARD,RANGING_CALM,generated,,,,,,,Generated from GRID_TRADING
2026-02-11T01:09:19.231164,AVAX,GRID_TRADING,BUY,8.75704,8.319187999999999,8.80958224,0.7,STANDARD,,rejected,Grid already active for AVAX,,,,,,
2026-02-11T01:09:19.234930,AVAX,GRID_TRADING,BUY,8.75704,8.319187999999999,8.80958224,0.7,STANDARD,RANGING_VOLATILE,generated,,,,,,,Generated from GRID_TRADING
2026-02-11T01:09:20.026741,SUI,GRID_TRADING,BUY,0.931948,0.8853506,0.9377645714285714,0.5,STANDARD,,rejected,Grid already active for SUI,,,,,,
2026-02-11T01:09:20.030764,SUI,GRID_TRADING,BUY,0.931948,0.8853506,0.9377645714285714,0.5,STANDARD,RANGING_VOLATILE,generated,,,,,,,Generated from GRID_TRADING
2026-02-11T01:09:20.791914,XRP,GRID_TRADING,BUY,1.40608,1.3357759999999999,1.4152,0.7,STANDARD,,rejected,Grid already active for XRP,,,,,,
2026-02-11T01:09:20.796303,XRP,GRID_TRADING,BUY,1.40608,1.3357759999999999,1.4152,0.7,STANDARD,RANGING_CALM,generated,,,,,,,Generated from GRID_TRADING
2026-02-11T01:09:53.290317,AVAX,GRID_TRADING,BUY,8.7597,8.321715,8.8122582,0.7,STANDARD,,rejected,Grid already active for AVAX,,,,,,
2026-02-11T01:09:53.294586,AVAX,GRID_TRADING,BUY,8.7597,8.321715,8.8122582,0.7,STANDARD,RANGING_VOLATILE,generated,,,,,,,Generated from GRID_TRADING
2026-02-11T01:09:54.062501,SUI,GRID_TRADING,BUY,0.932203,0.88559285,0.9380195714285714,0.5,STANDARD,,rejected,Grid already active for SUI,,,,,,
2026-02-11T01:09:54.066234,SUI,GRID_TRADING,BUY,0.932203,0.88559285,0.9380195714285714,0.5,STANDARD,RANGING_VOLATILE,generated,,,,,,,Generated from GRID_TRADING
2026-02-11T01:09:54.838995,XRP,GRID_TRADING,BUY,1.406797,1.33645715,1.415917,0.7,STANDARD,,rejected,Grid already active for XRP,,,,,,
2026-02-11T01:09:54.842564,XRP,GRID_TRADING,BUY,1.406797,1.33645715,1.415917,0.7,STANDARD,RANGING_CALM,generated,,,,,,,Generated from GRID_TRADING
2026-02-11T01:10:27.339740,AVAX,GRID_TRADING,BUY,8.76072,8.322683999999999,8.81328432,0.7,STANDARD,,rejected,Grid already active for AVAX,,,,,,
2026-02-11T01:10:27.343691,AVAX,GRID_TRADING,BUY,8.76072,8.322683999999999,8.81328432,0.7,STANDARD,RANGING_VOLATILE,generated,,,,,,,Generated from GRID_TRADING
2026-02-11T01:10:28.678030,SUI,GRID_TRADING,BUY,0.932117,0.8855111499999999,0.9379335714285714,0.5,STANDARD,,rejected,Grid already active for SUI,,,,,,
2026-02-11T01:10:28.682016,SUI,GRID_TRADING,BUY,0.932117,0.8855111499999999,0.9379335714285714,0.5,STANDARD,RANGING_VOLATILE,generated,,,,,,,Generated from GRID_TRADING
2026-02-11T01:10:29.592270,XRP,GRID_TRADING,BUY,1.407134,1.3367773,1.4162540000000001,0.7,STANDARD,,rejected,Grid already active for XRP,,,,,,
2026-02-11T01:10:29.596583,XRP,GRID_TRADING,BUY,1.407134,1.3367773,1.4162540000000001,0.7,STANDARD,RANGING_CALM,generated,,,,,,,Generated from GRID_TRADING
2026-02-11T01:11:01.346002,AVAX,GRID_TRADING,BUY,8.75194,8.314343,8.80445164,0.7,STANDARD,,rejected,Grid already active for AVAX,,,,,,
2026-02-11T01:11:01.350971,AVAX,GRID_TRADING,BUY,8.75194,8.314343,8.80445164,0.7,STANDARD,RANGING_VOLATILE,generated,,,,,,,Generated from GRID_TRADING
2026-02-11T01:11:02.177126,SUI,GRID_TRADING,BUY,0.931414,0.8848432999999999,0.9372305714285714,0.5,STANDARD,,rejected,Grid already active for SUI,,,,,,
2026-02-11T01:11:02.181581,SUI,GRID_TRADING,BUY,0.931414,0.8848432999999999,0.9372305714285714,0.5,STANDARD,RANGING_VOLATILE,generated,,,,,,,Generated from GRID_TRADING
2026-02-11T01:11:02.927546,XRP,GRID_TRADING,BUY,1.406166,1.3358577,1.415286,0.7,STANDARD,,rejected,Grid already active for XRP,,,,,,
2026-02-11T01:11:02.931327,XRP,GRID_TRADING,BUY,1.406166,1.3358577,1.415286,0.7,STANDARD,RANGING_CALM,generated,,,,,,,Generated from GRID_TRADING
2026-02-11T01:11:35.184322,AVAX,GRID_TRADING,BUY,8.75252,8.314894,8.805035120000001,0.7,STANDARD,,rejected,Grid already active for AVAX,,,,,,
2026-02-11T01:11:35.187970,AVAX,GRID_TRADING,BUY,8.75252,8.314894,8.805035120000001,0.7,STANDARD,RANGING_VOLATILE,generated,,,,,,,Generated from GRID_TRADING
2026-02-11T01:11:36.052667,SUI,GRID_TRADING,BUY,0.93145,0.8848775,0.9372665714285714,0.5,STANDARD,,rejected,Grid already active for SUI,,,,,,
2026-02-11T01:11:36.056186,SUI,GRID_TRADING,BUY,0.93145,0.8848775,0.9372665714285714,0.5,STANDARD,RANGING_VOLATILE,generated,,,,,,,Generated from GRID_TRADING
2026-02-11T01:11:36.786706,XRP,GRID_TRADING,BUY,1.40704,1.336688,1.41616,0.7,STANDARD,,rejected,Grid already active for XRP,,,,,,
2026-02-11T01:11:36.790728,XRP,GRID_TRADING,BUY,1.40704,1.336688,1.41616,0.7,STANDARD,RANGING_CALM,generated,,,,,,,Generated from GRID_TRADING
2026-02-11T01:12:09.031562,AVAX,GRID_TRADING,BUY,8.7508,8.31326,8.8033048,0.7,STANDARD,,rejected,Grid already active for AVAX,,,,,,
2026-02-11T01:12:09.034961,AVAX,GRID_TRADING,BUY,8.7508,8.31326,8.8033048,0.7,STANDARD,RANGING_VOLATILE,generated,,,,,,,Generated from GRID_TRADING
2026-02-11T01:12:09.799360,SUI,GRID_TRADING,BUY,0.93122,0.884659,0.9370365714285714,0.5,STANDARD,,rejected,Grid already active for SUI,,,,,,
2026-02-11T01:12:09.803038,SUI,GRID_TRADING,BUY,0.93122,0.884659,0.9370365714285714,0.5,STANDARD,RANGING_VOLATILE,generated,,,,,,,Generated from GRID_TRADING
2026-02-11T01:12:10.529937,XRP,GRID_TRADING,BUY,1.407153,1.33679535,1.4162730000000001,0.7,STANDARD,,rejected,Grid already active for XRP,,,,,,
2026-02-11T01:12:10.533541,XRP,GRID_TRADING,BUY,1.407153,1.33679535,1.4162730000000001,0.7,STANDARD,RANGING_CALM,generated,,,,,,,Generated from GRID_TRADING
2026-02-11T01:12:42.998136,AVAX,GRID_TRADING,BUY,8.7517,8.314115,8.8042102,0.7,STANDARD,,rejected,Grid already active for AVAX,,,,,,
2026-02-11T01:12:43.001946,AVAX,GRID_TRADING,BUY,8.7517,8.314115,8.8042102,0.7,STANDARD,RANGING_VOLATILE,generated,,,,,,,Generated from GRID_TRADING
2026-02-11T01:12:44.364544,SUI,GRID_TRADING,BUY,0.93141,0.8848394999999999,0.9372265714285714,0.5,STANDARD,,rejected,Grid already active for SUI,,,,,,
2026-02-11T01:12:44.368473,SUI,GRID_TRADING,BUY,0.93141,0.8848394999999999,0.9372265714285714,0.5,STANDARD,RANGING_VOLATILE,generated,,,,,,,Generated from GRID_TRADING
2026-02-11T01:12:45.275420,XRP,GRID_TRADING,BUY,1.40734,1.336973,1.41646,0.7,STANDARD,,rejected,Grid already active for XRP,,,,,,
2026-02-11T01:12:45.279295,XRP,GRID_TRADING,BUY,1.40734,1.336973,1.41646,0.7,STANDARD,RANGING_CALM,generated,,,,,,,Generated from GRID_TRADING
2026-02-11T01:13:17.292093,AVAX,GRID_TRADING,BUY,8.754982,8.3172329,8.807511892,0.7,STANDARD,,rejected,Grid already active for AVAX,,,,,,
2026-02-11T01:13:17.295773,AVAX,GRID_TRADING,BUY,8.754982,8.3172329,8.807511892,0.7,STANDARD,RANGING_VOLATILE,generated,,,,,,,Generated from GRID_TRADING
2026-02-11T01:13:18.335221,SUI,GRID_TRADING,BUY,0.931754,0.8851663,0.9375705714285714,0.5,STANDARD,,rejected,Grid already active for SUI,,,,,,
2026-02-11T01:13:18.339197,SUI,GRID_TRADING,BUY,0.931754,0.8851663,0.9375705714285714,0.5,STANDARD,RANGING_VOLATILE,generated,,,,,,,Generated from GRID_TRADING
2026-02-11T01:13:19.070304,XRP,GRID_TRADING,BUY,1.4078,1.33741,1.41692,0.7,STANDARD,,rejected,Grid already active for XRP,,,,,,
2026-02-11T01:13:19.074655,XRP,GRID_TRADING,BUY,1.4078,1.33741,1.41692,0.7,STANDARD,RANGING_CALM,generated,,,,,,,Generated from GRID_TRADING
2026-02-11T01:13:52.378589,AVAX,GRID_TRADING,BUY,8.758818,8.320877099999999,8.811370907999999,0.7,STANDARD,,rejected,Grid already active for AVAX,,,,,,
2026-02-11T01:13:52.382387,AVAX,GRID_TRADING,BUY,8.758818,8.320877099999999,8.811370907999999,0.7,STANDARD,RANGING_VOLATILE,generated,,,,,,,Generated from GRID_TRADING
2026-02-11T01:13:53.155292,SUI,GRID_TRADING,BUY,0.93263,0.8859984999999999,0.9384465714285714,0.5,STANDARD,,rejected,Grid already active for SUI,,,,,,
2026-02-11T01:13:53.159565,SUI,GRID_TRADING,BUY,0.93263,0.8859984999999999,0.9384465714285714,0.5,STANDARD,RANGING_VOLATILE,generated,,,,,,,Generated from GRID_TRADING
2026-02-11T01:13:53.887164,XRP,GRID_TRADING,BUY,1.409014,1.3385633,1.418134,0.7,STANDARD,,rejected,Grid already active for XRP,,,,,,
2026-02-11T01:13:53.891679,XRP,GRID_TRADING,BUY,1.409014,1.3385633,1.418134,0.7,STANDARD,RANGING_CALM,generated,,,,,,,Generated from GRID_TRADING
2026-02-11T01:14:26.543916,AVAX,GRID_TRADING,BUY,8.75456,8.316832,8.807087359999999,0.7,STANDARD,,rejected,Grid already active for AVAX,,,,,,
2026-02-11T01:14:26.547459,AVAX,GRID_TRADING,BUY,8.75456,8.316832,8.807087359999999,0.7,STANDARD,RANGING_VOLATILE,generated,,,,,,,Generated from GRID_TRADING
2026-02-11T01:14:27.323986,SUI,GRID_TRADING,BUY,0.932516,0.8858902,0.9383325714285714,0.5,STANDARD,,rejected,Grid already active for SUI,,,,,,
2026-02-11T01:14:27.327683,SUI,GRID_TRADING,BUY,0.932516,0.8858902,0.9383325714285714,0.5,STANDARD,RANGING_VOLATILE,generated,,,,,,,Generated from GRID_TRADING
2026-02-11T01:14:28.072560,XRP,GRID_TRADING,BUY,1.409084,1.3386297999999999,1.418204,0.7,STANDARD,,rejected,Grid already active for XRP,,,,,,
2026-02-11T01:14:28.076381,XRP,GRID_TRADING,BUY,1.409084,1.3386297999999999,1.418204,0.7,STANDARD,RANGING_CALM,generated,,,,,,,Generated from GRID_TRADING
2026-02-11T01:15:00.135545,LTC,MOMENTUM_SCALPING,BUY,53.4134,53.352777369848944,53.51443771691844,0.7000000000000001,STANDARD,,failed,,"ERROR: '""success""'",,,,,Exception during signal coordination
2026-02-11T01:15:00.139768,LTC,MOMENTUM_SCALPING,BUY,53.4134,53.352777369848944,53.51443771691844,0.7000000000000001,STANDARD,RANGING_CALM,generated,,,,,,,Generated from MOMENTUM_SCALPING
2026-02-11T01:15:01.467053,AVAX,GRID_TRADING,BUY,8.754427,8.31670565,8.806953562,0.7,STANDARD,,rejected,Grid already active for AVAX,,,,,,
2026-02-11T01:15:01.471806,AVAX,GRID_TRADING,BUY,8.754427,8.31670565,8.806953562,0.7,STANDARD,RANGING_VOLATILE,generated,,,,,,,Generated from GRID_TRADING
2026-02-11T01:15:02.613361,SUI,GRID_TRADING,BUY,0.932325,0.8857087499999999,0.9381415714285714,0.5,STANDARD,,rejected,Grid already active for SUI,,,,,,
2026-02-11T01:15:02.617069,SUI,GRID_TRADING,BUY,0.932325,0.8857087499999999,0.9381415714285714,0.5,STANDARD,RANGING_VOLATILE,generated,,,,,,,Generated from GRID_TRADING
2026-02-11T01:15:03.529049,XRP,GRID_TRADING,BUY,1.40872,1.3382839999999998,1.41784,0.7,STANDARD,,rejected,Grid already active for XRP,,,,,,
2026-02-11T01:15:03.532575,XRP,GRID_TRADING,BUY,1.40872,1.3382839999999998,1.41784,0.7,STANDARD,RANGING_CALM,generated,,,,,,,Generated from GRID_TRADING
2026-02-11T01:15:35.525707,AVAX,GRID_TRADING,BUY,8.763338,8.325171099999999,8.815918027999999,0.7,STANDARD,,rejected,Grid already active for AVAX,,,,,,
2026-02-11T01:15:35.529104,AVAX,GRID_TRADING,BUY,8.763338,8.325171099999999,8.815918027999999,0.7,STANDARD,RANGING_VOLATILE,generated,,,,,,,Generated from GRID_TRADING
2026-02-11T01:15:36.314360,SUI,GRID_TRADING,BUY,0.933398,0.8867280999999999,0.9392145714285713,0.5,STANDARD,,rejected,Grid already active for SUI,,,,,,
2026-02-11T01:15:36.318272,SUI,GRID_TRADING,BUY,0.933398,0.8867280999999999,0.9392145714285713,0.5,STANDARD,RANGING_VOLATILE,generated,,,,,,,Generated from GRID_TRADING
2026-02-11T01:15:37.034506,XRP,GRID_TRADING,BUY,1.409922,1.3394259,1.419042,0.7,STANDARD,,rejected,Grid already active for XRP,,,,,,
2026-02-11T01:15:37.038875,XRP,GRID_TRADING,BUY,1.409922,1.3394259,1.419042,0.7,STANDARD,RANGING_CALM,generated,,,,,,,Generated from GRID_TRADING
2026-02-11T01:16:09.192671,AVAX,GRID_TRADING,BUY,8.768763,8.33032485,8.821375578,0.7,STANDARD,,rejected,Grid already active for AVAX,,,,,,
2026-02-11T01:16:09.196369,AVAX,GRID_TRADING,BUY,8.768763,8.33032485,8.821375578,0.7,STANDARD,RANGING_VOLATILE,generated,,,,,,,Generated from GRID_TRADING
2026-02-11T01:16:09.960695,SUI,GRID_TRADING,BUY,0.93421,0.8874995,0.9400265714285714,0.5,STANDARD,,rejected,Grid already active for SUI,,,,,,
2026-02-11T01:16:09.964434,SUI,GRID_TRADING,BUY,0.93421,0.8874995,0.9400265714285714,0.5,STANDARD,RANGING_VOLATILE,generated,,,,,,,Generated from GRID_TRADING
2026-02-11T01:16:10.700664,XRP,GRID_TRADING,BUY,1.411024,1.3404728,1.420144,0.7,STANDARD,,rejected,Grid already active for XRP,,,,,,
2026-02-11T01:16:10.709572,XRP,GRID_TRADING,BUY,1.411024,1.3404728,1.420144,0.7,STANDARD,RANGING_CALM,generated,,,,,,,Generated from GRID_TRADING
2026-02-11T01:16:43.104593,AVAX,GRID_TRADING,BUY,8.7679,8.329505,8.820507399999999,0.7,STANDARD,,rejected,Grid already active for AVAX,,,,,,
2026-02-11T01:16:43.108990,AVAX,GRID_TRADING,BUY,8.7679,8.329505,8.820507399999999,0.7,STANDARD,RANGING_VOLATILE,generated,,,,,,,Generated from GRID_TRADING
2026-02-11T01:16:43.913032,SUI,GRID_TRADING,BUY,0.93416,0.8874519999999999,0.9399765714285714,0.5,STANDARD,,rejected,Grid already active for SUI,,,,,,
2026-02-11T01:16:43.916658,SUI,GRID_TRADING,BUY,0.93416,0.8874519999999999,0.9399765714285714,0.5,STANDARD,RANGING_VOLATILE,generated,,,,,,,Generated from GRID_TRADING
2026-02-11T01:16:44.674797,XRP,GRID_TRADING,BUY,1.411033,1.34048135,1.420153,0.7,STANDARD,,rejected,Grid already active for XRP,,,,,,
2026-02-11T01:16:44.678494,XRP,GRID_TRADING,BUY,1.411033,1.34048135,1.420153,0.7,STANDARD,RANGING_CALM,generated,,,,,,,Generated from GRID_TRADING
2026-02-11T01:17:17.559286,AVAX,GRID_TRADING,BUY,8.763878,8.3256841,8.816461268,0.7,STANDARD,,rejected,Grid already active for AVAX,,,,,,
2026-02-11T01:17:17.563104,AVAX,GRID_TRADING,BUY,8.763878,8.3256841,8.816461268,0.7,STANDARD,RANGING_VOLATILE,generated,,,,,,,Generated from GRID_TRADING
2026-02-11T01:17:18.776173,SUI,GRID_TRADING,BUY,0.933373,0.8867043499999999,0.9391895714285714,0.5,STANDARD,,rejected,Grid already active for SUI,,,,,,
2026-02-11T01:17:18.779745,SUI,GRID_TRADING,BUY,0.933373,0.8867043499999999,0.9391895714285714,0.5,STANDARD,RANGING_VOLATILE,generated,,,,,,,Generated from GRID_TRADING
2026-02-11T01:17:19.749140,XRP,GRID_TRADING,BUY,1.40996,1.339462,1.4190800000000001,0.7,STANDARD,,rejected,Grid already active for XRP,,,,,,
2026-02-11T01:17:19.753358,XRP,GRID_TRADING,BUY,1.40996,1.339462,1.4190800000000001,0.7,STANDARD,RANGING_CALM,generated,,,,,,,Generated from GRID_TRADING
2026-02-11T01:17:56.188948,AVAX,GRID_TRADING,BUY,8.759512,8.321536400000001,8.812069072000002,0.7,STANDARD,,executed,,"Grid placed: 5 BUY, 5 SELL",grid_AVAX_5buy_5sell,8.759512,10,,Capital allocated: $486.59
2026-02-11T01:17:56.195420,AVAX,GRID_TRADING,BUY,8.759512,8.321536400000001,8.812069072000002,0.7,STANDARD,RANGING_VOLATILE,generated,,,,,,,Generated from GRID_TRADING
2026-02-11T01:18:01.375794,SUI,GRID_TRADING,BUY,0.933306,0.8866407,0.9391225714285714,0.5,STANDARD,,executed,,"Grid placed: 5 BUY, 5 SELL",grid_SUI_5buy_5sell,0.933306,10,,Capital allocated: $486.59
2026-02-11T01:18:01.383034,SUI,GRID_TRADING,BUY,0.933306,0.8866407,0.9391225714285714,0.5,STANDARD,RANGING_VOLATILE,generated,,,,,,,Generated from GRID_TRADING
2026-02-11T01:18:06.170705,XRP,GRID_TRADING,BUY,1.40942,1.338949,1.41854,0.7,STANDARD,,executed,,"Grid placed: 5 BUY, 5 SELL",grid_XRP_5buy_5sell,1.40942,10,,Capital allocated: $486.59
2026-02-11T01:18:06.177256,XRP,GRID_TRADING,BUY,1.40942,1.338949,1.41854,0.7,STANDARD,RANGING_CALM,generated,,,,,,,Generated from GRID_TRADING
2026-02-11T01:18:38.237946,AVAX,GRID_TRADING,BUY,8.761196,8.3231362,8.813763176,0.7,STANDARD,,rejected,Grid already active for AVAX,,,,,,
2026-02-11T01:18:38.241568,AVAX,GRID_TRADING,BUY,8.761196,8.3231362,8.813763176,0.7,STANDARD,RANGING_VOLATILE,generated,,,,,,,Generated from GRID_TRADING
2026-02-11T01:18:39.063412,SUI,GRID_TRADING,BUY,0.933465,0.88679175,0.9392815714285714,0.5,STANDARD,,rejected,Grid already active for SUI,,,,,,
2026-02-11T01:18:39.067782,SUI,GRID_TRADING,BUY,0.933465,0.88679175,0.9392815714285714,0.5,STANDARD,RANGING_VOLATILE,generated,,,,,,,Generated from GRID_TRADING
2026-02-11T01:18:39.939654,XRP,GRID_TRADING,BUY,1.409993,1.33949335,1.419113,0.7,STANDARD,,rejected,Grid already active for XRP,,,,,,
2026-02-11T01:18:39.943720,XRP,GRID_TRADING,BUY,1.409993,1.33949335,1.419113,0.7,STANDARD,RANGING_CALM,generated,,,,,,,Generated from GRID_TRADING
2026-02-11T01:19:13.177816,AVAX,GRID_TRADING,BUY,8.76242,8.324299,8.81499452,0.7,STANDARD,,rejected,Grid already active for AVAX,,,,,,
2026-02-11T01:19:13.181563,AVAX,GRID_TRADING,BUY,8.76242,8.324299,8.81499452,0.7,STANDARD,RANGING_VOLATILE,generated,,,,,,,Generated from GRID_TRADING
2026-02-11T01:19:14.011198,SUI,GRID_TRADING,BUY,0.93353,0.8868535,0.9393465714285714,0.5,STANDARD,,rejected,Grid already active for SUI,,,,,,
2026-02-11T01:19:14.015163,SUI,GRID_TRADING,BUY,0.93353,0.8868535,0.9393465714285714,0.5,STANDARD,RANGING_VOLATILE,generated,,,,,,,Generated from GRID_TRADING
2026-02-11T01:19:14.794932,XRP,GRID_TRADING,BUY,1.410696,1.3401611999999998,1.419816,0.7,STANDARD,,rejected,Grid already active for XRP,,,,,,
2026-02-11T01:19:14.798949,XRP,GRID_TRADING,BUY,1.410696,1.3401611999999998,1.419816,0.7,STANDARD,RANGING_CALM,generated,,,,,,,Generated from GRID_TRADING
2026-02-11T01:19:47.999473,AVAX,GRID_TRADING,BUY,8.762409,8.32428855,8.814983454,0.7,STANDARD,,rejected,Grid already active for AVAX,,,,,,
2026-02-11T01:19:48.003501,AVAX,GRID_TRADING,BUY,8.762409,8.32428855,8.814983454,0.7,STANDARD,RANGING_VOLATILE,generated,,,,,,,Generated from GRID_TRADING
2026-02-11T01:19:49.217213,SUI,GRID_TRADING,BUY,0.93359,0.8869104999999999,0.9394065714285714,0.5,STANDARD,,rejected,Grid already active for SUI,,,,,,
2026-02-11T01:19:49.221333,SUI,GRID_TRADING,BUY,0.93359,0.8869104999999999,0.9394065714285714,0.5,STANDARD,RANGING_VOLATILE,generated,,,,,,,Generated from GRID_TRADING
2026-02-11T01:19:50.275130,XRP,GRID_TRADING,BUY,1.4101,1.3395949999999999,1.41922,0.7,STANDARD,,rejected,Grid already active for XRP,,,,,,
2026-02-11T01:19:50.278644,XRP,GRID_TRADING,BUY,1.4101,1.3395949999999999,1.41922,0.7,STANDARD,RANGING_CALM,generated,,,,,,,Generated from GRID_TRADING
2026-02-11T01:20:22.350792,AVAX,GRID_TRADING,BUY,8.766515,8.32818925,8.81911409,0.7,STANDARD,,rejected,Grid already active for AVAX,,,,,,
2026-02-11T01:20:22.354079,AVAX,GRID_TRADING,BUY,8.766515,8.32818925,8.81911409,0.7,STANDARD,RANGING_VOLATILE,generated,,,,,,,Generated from GRID_TRADING
2026-02-11T01:20:23.159924,SUI,GRID_TRADING,BUY,0.933606,0.8869257,0.9394225714285714,0.5,STANDARD,,rejected,Grid already active for SUI,,,,,,
2026-02-11T01:20:23.164563,SUI,GRID_TRADING,BUY,0.933606,0.8869257,0.9394225714285714,0.5,STANDARD,RANGING_VOLATILE,generated,,,,,,,Generated from GRID_TRADING
2026-02-11T01:20:23.949960,XRP,GRID_TRADING,BUY,1.41046,1.339937,1.41958,0.7,STANDARD,,rejected,Grid already active for XRP,,,,,,
2026-02-11T01:20:23.953908,XRP,GRID_TRADING,BUY,1.41046,1.339937,1.41958,0.7,STANDARD,RANGING_CALM,generated,,,,,,,Generated from GRID_TRADING
2026-02-11T01:20:55.960209,AVAX,GRID_TRADING,BUY,8.76316,8.325002,8.81573896,0.7,STANDARD,,rejected,Grid already active for AVAX,,,,,,
2026-02-11T01:20:55.964407,AVAX,GRID_TRADING,BUY,8.76316,8.325002,8.81573896,0.7,STANDARD,RANGING_VOLATILE,generated,,,,,,,Generated from GRID_TRADING
2026-02-11T01:20:57.052370,SUI,GRID_TRADING,BUY,0.933156,0.8864981999999999,0.9389725714285714,0.5,STANDARD,,rejected,Grid already active for SUI,,,,,,
2026-02-11T01:20:57.055970,SUI,GRID_TRADING,BUY,0.933156,0.8864981999999999,0.9389725714285714,0.5,STANDARD,RANGING_VOLATILE,generated,,,,,,,Generated from GRID_TRADING
2026-02-11T01:20:57.839599,XRP,GRID_TRADING,BUY,1.40992,1.339424,1.41904,0.7,STANDARD,,rejected,Grid already active for XRP,,,,,,
2026-02-11T01:20:57.843279,XRP,GRID_TRADING,BUY,1.40992,1.339424,1.41904,0.7,STANDARD,RANGING_CALM,generated,,,,,,,Generated from GRID_TRADING
2026-02-11T01:21:30.112563,AVAX,GRID_TRADING,BUY,8.75252,8.314894,8.805035120000001,0.7,STANDARD,,rejected,Grid already active for AVAX,,,,,,
2026-02-11T01:21:30.116417,AVAX,GRID_TRADING,BUY,8.75252,8.314894,8.805035120000001,0.7,STANDARD,RANGING_VOLATILE,generated,,,,,,,Generated from GRID_TRADING
2026-02-11T01:21:31.041393,SUI,GRID_TRADING,BUY,0.931471,0.88489745,0.9372875714285714,0.5,STANDARD,,rejected,Grid already active for SUI,,,,,,
2026-02-11T01:21:31.049802,SUI,GRID_TRADING,BUY,0.931471,0.88489745,0.9372875714285714,0.5,STANDARD,RANGING_VOLATILE,generated,,,,,,,Generated from GRID_TRADING
2026-02-11T01:21:31.916962,XRP,GRID_TRADING,BUY,1.408091,1.3376864499999999,1.417211,0.7,STANDARD,,rejected,Grid already active for XRP,,,,,,
2026-02-11T01:21:31.920788,XRP,GRID_TRADING,BUY,1.408091,1.3376864499999999,1.417211,0.7,STANDARD,RANGING_CALM,generated,,,,,,,Generated from GRID_TRADING
2026-02-11T01:22:04.727119,AVAX,GRID_TRADING,BUY,8.75298,8.315331,8.80549788,0.7,STANDARD,,rejected,Grid already active for AVAX,,,,,,
2026-02-11T01:22:04.731314,AVAX,GRID_TRADING,BUY,8.75298,8.315331,8.80549788,0.7,STANDARD,RANGING_VOLATILE,generated,,,,,,,Generated from GRID_TRADING
2026-02-11T01:22:05.958680,SUI,GRID_TRADING,BUY,0.931304,0.8847387999999999,0.9371205714285714,0.5,STANDARD,,rejected,Grid already active for SUI,,,,,,
2026-02-11T01:22:05.962925,SUI,GRID_TRADING,BUY,0.931304,0.8847387999999999,0.9371205714285714,0.5,STANDARD,RANGING_VOLATILE,generated,,,,,,,Generated from GRID_TRADING
2026-02-11T01:22:06.941276,XRP,GRID_TRADING,BUY,1.407919,1.33752305,1.417039,0.7,STANDARD,,rejected,Grid already active for XRP,,,,,,
2026-02-11T01:22:06.945766,XRP,GRID_TRADING,BUY,1.407919,1.33752305,1.417039,0.7,STANDARD,RANGING_CALM,generated,,,,,,,Generated from GRID_TRADING
2026-02-11T01:22:38.747720,AVAX,GRID_TRADING,BUY,8.7536,8.31592,8.8061216,0.7,STANDARD,,rejected,Grid already active for AVAX,,,,,,
2026-02-11T01:22:38.751772,AVAX,GRID_TRADING,BUY,8.7536,8.31592,8.8061216,0.7,STANDARD,RANGING_VOLATILE,generated,,,,,,,Generated from GRID_TRADING
2026-02-11T01:22:39.641135,SUI,GRID_TRADING,BUY,0.931524,0.8849478,0.9373405714285714,0.5,STANDARD,,rejected,Grid already active for SUI,,,,,,
2026-02-11T01:22:39.645393,SUI,GRID_TRADING,BUY,0.931524,0.8849478,0.9373405714285714,0.5,STANDARD,RANGING_VOLATILE,generated,,,,,,,Generated from GRID_TRADING
2026-02-11T01:22:40.443137,XRP,GRID_TRADING,BUY,1.40934,1.338873,1.41846,0.7,STANDARD,,rejected,Grid already active for XRP,,,,,,
2026-02-11T01:22:40.446910,XRP,GRID_TRADING,BUY,1.40934,1.338873,1.41846,0.7,STANDARD,RANGING_CALM,generated,,,,,,,Generated from GRID_TRADING
2026-02-11T01:23:12.766632,AVAX,GRID_TRADING,BUY,8.75154,8.313963,8.80404924,0.7,STANDARD,,rejected,Grid already active for AVAX,,,,,,
2026-02-11T01:23:12.770279,AVAX,GRID_TRADING,BUY,8.75154,8.313963,8.80404924,0.7,STANDARD,RANGING_VOLATILE,generated,,,,,,,Generated from GRID_TRADING
2026-02-11T01:23:13.601203,SUI,GRID_TRADING,BUY,0.93156,0.884982,0.9373765714285714,0.5,STANDARD,,rejected,Grid already active for SUI,,,,,,
2026-02-11T01:23:13.605964,SUI,GRID_TRADING,BUY,0.93156,0.884982,0.9373765714285714,0.5,STANDARD,RANGING_VOLATILE,generated,,,,,,,Generated from GRID_TRADING
2026-02-11T01:23:14.389547,XRP,GRID_TRADING,BUY,1.40934,1.338873,1.41846,0.7,STANDARD,,rejected,Grid already active for XRP,,,,,,
2026-02-11T01:23:14.393644,XRP,GRID_TRADING,BUY,1.40934,1.338873,1.41846,0.7,STANDARD,RANGING_CALM,generated,,,,,,,Generated from GRID_TRADING
2026-02-11T01:23:46.543097,AVAX,GRID_TRADING,BUY,8.751214,8.313653299999999,8.803721284,0.7,STANDARD,,rejected,Grid already active for AVAX,,,,,,
2026-02-11T01:23:46.547447,AVAX,GRID_TRADING,BUY,8.751214,8.313653299999999,8.803721284,0.7,STANDARD,RANGING_VOLATILE,generated,,,,,,,Generated from GRID_TRADING
2026-02-11T01:23:47.494906,SUI,GRID_TRADING,BUY,0.931516,0.8849402,0.9373325714285714,0.5,STANDARD,,rejected,Grid already active for SUI,,,,,,
2026-02-11T01:23:47.498743,SUI,GRID_TRADING,BUY,0.931516,0.8849402,0.9373325714285714,0.5,STANDARD,RANGING_VOLATILE,generated,,,,,,,Generated from GRID_TRADING
2026-02-11T01:23:48.312040,XRP,GRID_TRADING,BUY,1.409273,1.33880935,1.418393,0.7,STANDARD,,rejected,Grid already active for XRP,,,,,,
2026-02-11T01:23:48.315981,XRP,GRID_TRADING,BUY,1.409273,1.33880935,1.418393,0.7,STANDARD,RANGING_CALM,generated,,,,,,,Generated from GRID_TRADING
2026-02-11T01:24:22.860320,AVAX,GRID_TRADING,BUY,8.747091,8.309736449999999,8.799573546,0.7,STANDARD,,rejected,Grid already active for AVAX,,,,,,
2026-02-11T01:24:22.864277,AVAX,GRID_TRADING,BUY,8.747091,8.309736449999999,8.799573546,0.7,STANDARD,RANGING_VOLATILE,generated,,,,,,,Generated from GRID_TRADING
2026-02-11T01:24:24.098899,SUI,GRID_TRADING,BUY,0.930793,0.8842533499999999,0.9366095714285714,0.5,STANDARD,,rejected,Grid already active for SUI,,,,,,
2026-02-11T01:24:24.102362,SUI,GRID_TRADING,BUY,0.930793,0.8842533499999999,0.9366095714285714,0.5,STANDARD,RANGING_VOLATILE,generated,,,,,,,Generated from GRID_TRADING
2026-02-11T01:24:25.067199,XRP,GRID_TRADING,BUY,1.407794,1.3374043,1.416914,0.7,STANDARD,,rejected,Grid already active for XRP,,,,,,
2026-02-11T01:24:25.071099,XRP,GRID_TRADING,BUY,1.407794,1.3374043,1.416914,0.7,STANDARD,RANGING_CALM,generated,,,,,,,Generated from GRID_TRADING
2026-02-11T01:24:57.502117,AVAX,GRID_TRADING,BUY,8.741788,8.3046986,8.794238728,0.7,STANDARD,,rejected,Grid already active for AVAX,,,,,,
2026-02-11T01:24:57.506672,AVAX,GRID_TRADING,BUY,8.741788,8.3046986,8.794238728,0.7,STANDARD,RANGING_VOLATILE,generated,,,,,,,Generated from GRID_TRADING
2026-02-11T01:24:58.380774,SUI,GRID_TRADING,BUY,0.930142,0.8836349,0.9359585714285714,0.5,STANDARD,,rejected,Grid already active for SUI,,,,,,
2026-02-11T01:24:58.385024,SUI,GRID_TRADING,BUY,0.930142,0.8836349,0.9359585714285714,0.5,STANDARD,RANGING_VOLATILE,generated,,,,,,,Generated from GRID_TRADING
2026-02-11T01:24:59.245357,XRP,GRID_TRADING,BUY,1.4069,1.336555,1.41602,0.7,STANDARD,,rejected,Grid already active for XRP,,,,,,
2026-02-11T01:24:59.249060,XRP,GRID_TRADING,BUY,1.4069,1.336555,1.41602,0.7,STANDARD,RANGING_CALM,generated,,,,,,,Generated from GRID_TRADING
2026-02-11T01:25:31.676176,AVAX,GRID_TRADING,BUY,8.748307,8.31089165,8.800796842,0.7,STANDARD,,rejected,Grid already active for AVAX,,,,,,
2026-02-11T01:25:31.680387,AVAX,GRID_TRADING,BUY,8.748307,8.31089165,8.800796842,0.7,STANDARD,RANGING_VOLATILE,generated,,,,,,,Generated from GRID_TRADING
2026-02-11T01:25:32.783404,SUI,GRID_TRADING,BUY,0.930762,0.8842239,0.9365785714285714,0.5,STANDARD,,rejected,Grid already active for SUI,,,,,,
2026-02-11T01:25:32.787130,SUI,GRID_TRADING,BUY,0.930762,0.8842239,0.9365785714285714,0.5,STANDARD,RANGING_VOLATILE,generated,,,,,,,Generated from GRID_TRADING
2026-02-11T01:25:33.574419,XRP,GRID_TRADING,BUY,1.407827,1.33743565,1.416947,0.7,STANDARD,,rejected,Grid already active for XRP,,,,,,
2026-02-11T01:25:33.578017,XRP,GRID_TRADING,BUY,1.407827,1.33743565,1.416947,0.7,STANDARD,RANGING_CALM,generated,,,,,,,Generated from GRID_TRADING
2026-02-11T01:26:05.508312,AVAX,GRID_TRADING,BUY,8.74996,8.312462,8.80245976,0.7,STANDARD,,rejected,Grid already active for AVAX,,,,,,
2026-02-11T01:26:05.512197,AVAX,GRID_TRADING,BUY,8.74996,8.312462,8.80245976,0.7,STANDARD,RANGING_VOLATILE,generated,,,,,,,Generated from GRID_TRADING
2026-02-11T01:26:06.348012,SUI,GRID_TRADING,BUY,0.93093,0.8843835,0.9367465714285714,0.5,STANDARD,,rejected,Grid already active for SUI,,,,,,
2026-02-11T01:26:06.351437,SUI,GRID_TRADING,BUY,0.93093,0.8843835,0.9367465714285714,0.5,STANDARD,RANGING_VOLATILE,generated,,,,,,,Generated from GRID_TRADING
2026-02-11T01:26:07.319845,XRP,GRID_TRADING,BUY,1.408,1.3376,1.41712,0.7,STANDARD,,rejected,Grid already active for XRP,,,,,,
2026-02-11T01:26:07.324169,XRP,GRID_TRADING,BUY,1.408,1.3376,1.41712,0.7,STANDARD,RANGING_CALM,generated,,,,,,,Generated from GRID_TRADING
2026-02-11T01:26:40.091704,AVAX,GRID_TRADING,BUY,8.751018,8.3134671,8.803524108,0.7,STANDARD,,rejected,Grid already active for AVAX,,,,,,
2026-02-11T01:26:40.095549,AVAX,GRID_TRADING,BUY,8.751018,8.3134671,8.803524108,0.7,STANDARD,RANGING_VOLATILE,generated,,,,,,,Generated from GRID_TRADING
2026-02-11T01:26:41.341024,SUI,GRID_TRADING,BUY,0.931046,0.8844937,0.9368625714285714,0.5,STANDARD,,rejected,Grid already active for SUI,,,,,,
2026-02-11T01:26:41.344621,SUI,GRID_TRADING,BUY,0.931046,0.8844937,0.9368625714285714,0.5,STANDARD,RANGING_VOLATILE,generated,,,,,,,Generated from GRID_TRADING
2026-02-11T01:26:42.347119,XRP,GRID_TRADING,BUY,1.408076,1.3376722,1.4171960000000001,0.7,STANDARD,,rejected,Grid already active for XRP,,,,,,
2026-02-11T01:26:42.350984,XRP,GRID_TRADING,BUY,1.408076,1.3376722,1.4171960000000001,0.7,STANDARD,RANGING_CALM,generated,,,,,,,Generated from GRID_TRADING
2026-02-11T01:27:14.284920,AVAX,GRID_TRADING,BUY,8.747207,8.309846649999999,8.799690241999999,0.7,STANDARD,,rejected,Grid already active for AVAX,,,,,,
2026-02-11T01:27:14.289079,AVAX,GRID_TRADING,BUY,8.747207,8.309846649999999,8.799690241999999,0.7,STANDARD,RANGING_VOLATILE,generated,,,,,,,Generated from GRID_TRADING
2026-02-11T01:27:15.547026,BTC,MOMENTUM_SCALPING,BUY,68951.34,68949.83112236463,68953.85479605893,0.7000000000000001,STANDARD,,failed,,"ERROR: '""success""'",,,,,Exception during signal coordination
2026-02-11T01:27:15.550950,BTC,MOMENTUM_SCALPING,BUY,68951.34,68949.83112236463,68953.85479605893,0.7000000000000001,STANDARD,TRENDING_STRONG,generated,,,,,,,Generated from MOMENTUM_SCALPING
2026-02-11T01:27:16.412525,SUI,GRID_TRADING,BUY,0.930683,0.88414885,0.9364995714285714,0.5,STANDARD,,rejected,Grid already active for SUI,,,,,,
2026-02-11T01:27:16.426516,SUI,GRID_TRADING,BUY,0.930683,0.88414885,0.9364995714285714,0.5,STANDARD,RANGING_VOLATILE,generated,,,,,,,Generated from GRID_TRADING
2026-02-11T01:27:17.423870,XRP,GRID_TRADING,BUY,1.4077,1.3373149999999998,1.41682,0.7,STANDARD,,rejected,Grid already active for XRP,,,,,,
2026-02-11T01:27:17.427823,XRP,GRID_TRADING,BUY,1.4077,1.3373149999999998,1.41682,0.7,STANDARD,RANGING_CALM,generated,,,,,,,Generated from GRID_TRADING
2026-02-11T01:27:50.026843,AVAX,GRID_TRADING,BUY,8.7444,8.30718,8.7968664,0.7,STANDARD,,rejected,Grid already active for AVAX,,,,,,
2026-02-11T01:27:50.030749,AVAX,GRID_TRADING,BUY,8.7444,8.30718,8.7968664,0.7,STANDARD,RANGING_VOLATILE,generated,,,,,,,Generated from GRID_TRADING
2026-02-11T01:27:50.885797,SUI,GRID_TRADING,BUY,0.930692,0.8841573999999999,0.9365085714285714,0.5,STANDARD,,rejected,Grid already active for SUI,,,,,,
2026-02-11T01:27:50.889889,SUI,GRID_TRADING,BUY,0.930692,0.8841573999999999,0.9365085714285714,0.5,STANDARD,RANGING_VOLATILE,generated,,,,,,,Generated from GRID_TRADING
2026-02-11T01:27:51.692662,XRP,GRID_TRADING,BUY,1.40807,1.3376664999999999,1.41719,0.7,STANDARD,,rejected,Grid already active for XRP,,,,,,
2026-02-11T01:27:51.696927,XRP,GRID_TRADING,BUY,1.40807,1.3376664999999999,1.41719,0.7,STANDARD,RANGING_CALM,generated,,,,,,,Generated from GRID_TRADING
2026-02-11T01:28:23.790145,AVAX,GRID_TRADING,BUY,8.743716,8.3065302,8.796178295999999,0.7,STANDARD,,rejected,Grid already active for AVAX,,,,,,
2026-02-11T01:28:23.793905,AVAX,GRID_TRADING,BUY,8.743716,8.3065302,8.796178295999999,0.7,STANDARD,RANGING_VOLATILE,generated,,,,,,,Generated from GRID_TRADING
2026-02-11T01:28:24.625166,SUI,GRID_TRADING,BUY,0.930626,0.8840946999999999,0.9364425714285713,0.5,STANDARD,,rejected,Grid already active for SUI,,,,,,
2026-02-11T01:28:24.628879,SUI,GRID_TRADING,BUY,0.930626,0.8840946999999999,0.9364425714285713,0.5,STANDARD,RANGING_VOLATILE,generated,,,,,,,Generated from GRID_TRADING
2026-02-11T01:28:25.463003,XRP,GRID_TRADING,BUY,1.408149,1.33774155,1.4172690000000001,0.7,STANDARD,,rejected,Grid already active for XRP,,,,,,
2026-02-11T01:28:25.466857,XRP,GRID_TRADING,BUY,1.408149,1.33774155,1.4172690000000001,0.7,STANDARD,RANGING_CALM,generated,,,,,,,Generated from GRID_TRADING
2026-02-11T01:28:58.495911,AVAX,GRID_TRADING,BUY,8.743399,8.306229049999999,8.795859394,0.7,STANDARD,,rejected,Grid already active for AVAX,,,,,,
2026-02-11T01:28:58.499685,AVAX,GRID_TRADING,BUY,8.743399,8.306229049999999,8.795859394,0.7,STANDARD,RANGING_VOLATILE,generated,,,,,,,Generated from GRID_TRADING
2026-02-11T01:28:59.764630,SUI,GRID_TRADING,BUY,0.930574,0.8840452999999999,0.9363905714285714,0.5,STANDARD,,rejected,Grid already active for SUI,,,,,,
2026-02-11T01:28:59.768828,SUI,GRID_TRADING,BUY,0.930574,0.8840452999999999,0.9363905714285714,0.5,STANDARD,RANGING_VOLATILE,generated,,,,,,,Generated from GRID_TRADING
2026-02-11T01:29:00.756955,XRP,GRID_TRADING,BUY,1.408224,1.3378127999999998,1.417344,0.7,STANDARD,,rejected,Grid already active for XRP,,,,,,
2026-02-11T01:29:00.760503,XRP,GRID_TRADING,BUY,1.408224,1.3378127999999998,1.417344,0.7,STANDARD,RANGING_CALM,generated,,,,,,,Generated from GRID_TRADING
2026-02-11T01:29:34.661570,AVAX,GRID_TRADING,BUY,8.748352,8.3109344,8.800842112,0.7,STANDARD,,rejected,Grid already active for AVAX,,,,,,
2026-02-11T01:29:34.665582,AVAX,GRID_TRADING,BUY,8.748352,8.3109344,8.800842112,0.7,STANDARD,RANGING_VOLATILE,generated,,,,,,,Generated from GRID_TRADING
2026-02-11T01:29:35.528329,SUI,GRID_TRADING,BUY,0.931008,0.8844576,0.9368245714285713,0.5,STANDARD,,rejected,Grid already active for SUI,,,,,,
2026-02-11T01:29:35.533165,SUI,GRID_TRADING,BUY,0.931008,0.8844576,0.9368245714285713,0.5,STANDARD,RANGING_VOLATILE,generated,,,,,,,Generated from GRID_TRADING
2026-02-11T01:29:36.428702,XRP,GRID_TRADING,BUY,1.409685,1.33920075,1.418805,0.7,STANDARD,,rejected,Grid already active for XRP,,,,,,
2026-02-11T01:29:36.432333,XRP,GRID_TRADING,BUY,1.409685,1.33920075,1.418805,0.7,STANDARD,RANGING_CALM,generated,,,,,,,Generated from GRID_TRADING
2026-02-11T01:30:09.378039,AVAX,GRID_TRADING,BUY,8.744452,8.3072294,8.796918712,0.7,STANDARD,,rejected,Grid already active for AVAX,,,,,,
2026-02-11T01:30:09.382215,AVAX,GRID_TRADING,BUY,8.744452,8.3072294,8.796918712,0.7,STANDARD,RANGING_VOLATILE,generated,,,,,,,Generated from GRID_TRADING
2026-02-11T01:30:10.326996,SUI,GRID_TRADING,BUY,0.930824,0.8842827999999999,0.9366405714285714,0.5,STANDARD,,rejected,Grid already active for SUI,,,,,,
2026-02-11T01:30:10.331886,SUI,GRID_TRADING,BUY,0.930824,0.8842827999999999,0.9366405714285714,0.5,STANDARD,RANGING_VOLATILE,generated,,,,,,,Generated from GRID_TRADING
2026-02-11T01:30:11.141682,XRP,GRID_TRADING,BUY,1.40978,1.339291,1.4189,0.7,STANDARD,,rejected,Grid already active for XRP,,,,,,
2026-02-11T01:30:11.145621,XRP,GRID_TRADING,BUY,1.40978,1.339291,1.4189,0.7,STANDARD,RANGING_CALM,generated,,,,,,,Generated from GRID_TRADING
2026-02-11T01:30:43.288396,AVAX,GRID_TRADING,BUY,8.749078,8.3116241,8.801572468000002,0.7,STANDARD,,rejected,Grid already active for AVAX,,,,,,
2026-02-11T01:30:43.292794,AVAX,GRID_TRADING,BUY,8.749078,8.3116241,8.801572468000002,0.7,STANDARD,RANGING_VOLATILE,generated,,,,,,,Generated from GRID_TRADING
2026-02-11T01:30:44.146060,SUI,GRID_TRADING,BUY,0.931094,0.8845392999999999,0.9369105714285714,0.5,STANDARD,,rejected,Grid already active for SUI,,,,,,
2026-02-11T01:30:44.151067,SUI,GRID_TRADING,BUY,0.931094,0.8845392999999999,0.9369105714285714,0.5,STANDARD,RANGING_VOLATILE,generated,,,,,,,Generated from GRID_TRADING
2026-02-11T01:30:45.172423,XRP,GRID_TRADING,BUY,1.410624,1.3400928,1.4197440000000001,0.7,STANDARD,,rejected,Grid already active for XRP,,,,,,
2026-02-11T01:30:45.176031,XRP,GRID_TRADING,BUY,1.410624,1.3400928,1.4197440000000001,0.7,STANDARD,RANGING_CALM,generated,,,,,,,Generated from GRID_TRADING
2026-02-11T01:31:17.646318,AVAX,GRID_TRADING,BUY,8.748594,8.3111643,8.801085564000001,0.7,STANDARD,,rejected,Grid already active for AVAX,,,,,,
2026-02-11T01:31:17.651149,AVAX,GRID_TRADING,BUY,8.748594,8.3111643,8.801085564000001,0.7,STANDARD,RANGING_VOLATILE,generated,,,,,,,Generated from GRID_TRADING
2026-02-11T01:31:18.950426,SUI,GRID_TRADING,BUY,0.931079,0.8845250499999999,0.9368955714285714,0.5,STANDARD,,rejected,Grid already active for SUI,,,,,,
2026-02-11T01:31:18.954573,SUI,GRID_TRADING,BUY,0.931079,0.8845250499999999,0.9368955714285714,0.5,STANDARD,RANGING_VOLATILE,generated,,,,,,,Generated from GRID_TRADING
2026-02-11T01:31:20.090871,XRP,GRID_TRADING,BUY,1.410195,1.33968525,1.419315,0.7,STANDARD,,rejected,Grid already active for XRP,,,,,,
2026-02-11T01:31:20.094937,XRP,GRID_TRADING,BUY,1.410195,1.33968525,1.419315,0.7,STANDARD,RANGING_CALM,generated,,,,,,,Generated from GRID_TRADING
2026-02-11T01:31:52.248799,AVAX,GRID_TRADING,BUY,8.74778,8.310391000000001,8.80026668,0.7,STANDARD,,rejected,Grid already active for AVAX,,,,,,
2026-02-11T01:31:52.252956,AVAX,GRID_TRADING,BUY,8.74778,8.310391000000001,8.80026668,0.7,STANDARD,RANGING_VOLATILE,generated,,,,,,,Generated from GRID_TRADING
2026-02-11T01:31:53.162709,SUI,GRID_TRADING,BUY,0.931402,0.8848318999999999,0.9372185714285713,0.5,STANDARD,,rejected,Grid already active for SUI,,,,,,
2026-02-11T01:31:53.167990,SUI,GRID_TRADING,BUY,0.931402,0.8848318999999999,0.9372185714285713,0.5,STANDARD,RANGING_VOLATILE,generated,,,,,,,Generated from GRID_TRADING
2026-02-11T01:31:54.013022,XRP,GRID_TRADING,BUY,1.41054,1.340013,1.41966,0.7,STANDARD,,rejected,Grid already active for XRP,,,,,,
2026-02-11T01:31:54.018298,XRP,GRID_TRADING,BUY,1.41054,1.340013,1.41966,0.7,STANDARD,RANGING_CALM,generated,,,,,,,Generated from GRID_TRADING
2026-02-11T01:32:26.446030,AVAX,GRID_TRADING,BUY,8.75036,8.312842,8.80286216,0.7,STANDARD,,rejected,Grid already active for AVAX,,,,,,
2026-02-11T01:32:26.450424,AVAX,GRID_TRADING,BUY,8.75036,8.312842,8.80286216,0.7,STANDARD,RANGING_VOLATILE,generated,,,,,,,Generated from GRID_TRADING
2026-02-11T01:32:27.301675,SUI,GRID_TRADING,BUY,0.931365,0.8847967499999999,0.9371815714285714,0.5,STANDARD,,rejected,Grid already active for SUI,,,,,,
2026-02-11T01:32:27.305513,SUI,GRID_TRADING,BUY,0.931365,0.8847967499999999,0.9371815714285714,0.5,STANDARD,RANGING_VOLATILE,generated,,,,,,,Generated from GRID_TRADING
2026-02-11T01:32:28.114903,XRP,GRID_TRADING,BUY,1.41024,1.3397279999999998,1.41936,0.7,STANDARD,,rejected,Grid already active for XRP,,,,,,
2026-02-11T01:32:28.118783,XRP,GRID_TRADING,BUY,1.41024,1.3397279999999998,1.41936,0.7,STANDARD,RANGING_CALM,generated,,,,,,,Generated from GRID_TRADING
2026-02-11T01:33:00.417494,AVAX,GRID_TRADING,BUY,8.75104,8.313488,8.80354624,0.7,STANDARD,,rejected,Grid already active for AVAX,,,,,,
2026-02-11T01:33:00.421098,AVAX,GRID_TRADING,BUY,8.75104,8.313488,8.80354624,0.7,STANDARD,RANGING_VOLATILE,generated,,,,,,,Generated from GRID_TRADING
2026-02-11T01:33:01.288561,SUI,GRID_TRADING,BUY,0.93132,0.884754,0.9371365714285714,0.5,STANDARD,,rejected,Grid already active for SUI,,,,,,
2026-02-11T01:33:01.292645,SUI,GRID_TRADING,BUY,0.93132,0.884754,0.9371365714285714,0.5,STANDARD,RANGING_VOLATILE,generated,,,,,,,Generated from GRID_TRADING
2026-02-11T01:33:02.085605,XRP,GRID_TRADING,BUY,1.4102,1.3396899999999998,1.41932,0.7,STANDARD,,rejected,Grid already active for XRP,,,,,,
2026-02-11T01:33:02.089346,XRP,GRID_TRADING,BUY,1.4102,1.3396899999999998,1.41932,0.7,STANDARD,RANGING_CALM,generated,,,,,,,Generated from GRID_TRADING
2026-02-11T01:33:34.797496,AVAX,GRID_TRADING,BUY,8.749464,8.311990799999998,8.801960784,0.7,STANDARD,,rejected,Grid already active for AVAX,,,,,,
2026-02-11T01:33:34.801704,AVAX,GRID_TRADING,BUY,8.749464,8.311990799999998,8.801960784,0.7,STANDARD,RANGING_VOLATILE,generated,,,,,,,Generated from GRID_TRADING
2026-02-11T01:33:36.093999,SUI,GRID_TRADING,BUY,0.930742,0.8842049,0.9365585714285714,0.5,STANDARD,,rejected,Grid already active for SUI,,,,,,
2026-02-11T01:33:36.098549,SUI,GRID_TRADING,BUY,0.930742,0.8842049,0.9365585714285714,0.5,STANDARD,RANGING_VOLATILE,generated,,,,,,,Generated from GRID_TRADING
2026-02-11T01:33:37.118554,XRP,GRID_TRADING,BUY,1.40926,1.3387969999999998,1.41838,0.7,STANDARD,,rejected,Grid already active for XRP,,,,,,
2026-02-11T01:33:37.122184,XRP,GRID_TRADING,BUY,1.40926,1.3387969999999998,1.41838,0.7,STANDARD,RANGING_CALM,generated,,,,,,,Generated from GRID_TRADING
2026-02-11T01:34:09.271597,AVAX,GRID_TRADING,BUY,8.747585,8.31020575,8.800070510000001,0.7,STANDARD,,rejected,Grid already active for AVAX,,,,,,
2026-02-11T01:34:09.275690,AVAX,GRID_TRADING,BUY,8.747585,8.31020575,8.800070510000001,0.7,STANDARD,RANGING_VOLATILE,generated,,,,,,,Generated from GRID_TRADING
2026-02-11T01:34:10.577445,BTC,MOMENTUM_SCALPING,BUY,68883.76,68881.2501069437,68887.94315509382,0.7500000000000001,HIGH_CONVICTION,,failed,,"ERROR: '""success""'",,,,,Exception during signal coordination
2026-02-11T01:34:10.581869,BTC,MOMENTUM_SCALPING,BUY,68883.76,68881.2501069437,68887.94315509382,0.7500000000000001,HIGH_CONVICTION,TRENDING_STRONG,generated,,,,,,,Generated from MOMENTUM_SCALPING
2026-02-11T01:34:11.409485,SUI,GRID_TRADING,BUY,0.93097,0.8844215,0.9367865714285714,0.5,STANDARD,,rejected,Grid already active for SUI,,,,,,
2026-02-11T01:34:11.414311,SUI,GRID_TRADING,BUY,0.93097,0.8844215,0.9367865714285714,0.5,STANDARD,RANGING_VOLATILE,generated,,,,,,,Generated from GRID_TRADING
2026-02-11T01:34:12.244863,XRP,GRID_TRADING,BUY,1.40984,1.339348,1.41896,0.7,STANDARD,,rejected,Grid already active for XRP,,,,,,
2026-02-11T01:34:12.248791,XRP,GRID_TRADING,BUY,1.40984,1.339348,1.41896,0.7,STANDARD,RANGING_CALM,generated,,,,,,,Generated from GRID_TRADING
2026-02-11T01:34:46.832259,AVAX,GRID_TRADING,BUY,8.749904,8.3124088,8.802403424000001,0.7,STANDARD,,rejected,Grid already active for AVAX,,,,,,
2026-02-11T01:34:46.836030,AVAX,GRID_TRADING,BUY,8.749904,8.3124088,8.802403424000001,0.7,STANDARD,RANGING_VOLATILE,generated,,,,,,,Generated from GRID_TRADING
2026-02-11T01:34:47.669943,SUI,GRID_TRADING,BUY,0.930968,0.8844196,0.9367845714285714,0.5,STANDARD,,rejected,Grid already active for SUI,,,,,,
2026-02-11T01:34:47.673904,SUI,GRID_TRADING,BUY,0.930968,0.8844196,0.9367845714285714,0.5,STANDARD,RANGING_VOLATILE,generated,,,,,,,Generated from GRID_TRADING
2026-02-11T01:34:48.481756,XRP,GRID_TRADING,BUY,1.40996,1.339462,1.4190800000000001,0.7,STANDARD,,rejected,Grid already active for XRP,,,,,,
2026-02-11T01:34:48.485680,XRP,GRID_TRADING,BUY,1.40996,1.339462,1.4190800000000001,0.7,STANDARD,RANGING_CALM,generated,,,,,,,Generated from GRID_TRADING
2026-02-11T01:35:20.747732,AVAX,GRID_TRADING,BUY,8.7558,8.318010000000001,8.8083348,0.7,STANDARD,,rejected,Grid already active for AVAX,,,,,,
2026-02-11T01:35:20.751277,AVAX,GRID_TRADING,BUY,8.7558,8.318010000000001,8.8083348,0.7,STANDARD,RANGING_VOLATILE,generated,,,,,,,Generated from GRID_TRADING
2026-02-11T01:35:21.805375,SUI,GRID_TRADING,BUY,0.931962,0.8853638999999999,0.9377785714285714,0.5,STANDARD,,rejected,Grid already active for SUI,,,,,,
2026-02-11T01:35:21.809295,SUI,GRID_TRADING,BUY,0.931962,0.8853638999999999,0.9377785714285714,0.5,STANDARD,RANGING_VOLATILE,generated,,,,,,,Generated from GRID_TRADING
2026-02-11T01:35:22.600347,XRP,GRID_TRADING,BUY,1.413,1.34235,1.42212,0.7,STANDARD,,rejected,Grid already active for XRP,,,,,,
2026-02-11T01:35:22.604014,XRP,GRID_TRADING,BUY,1.413,1.34235,1.42212,0.7,STANDARD,RANGING_CALM,generated,,,,,,,Generated from GRID_TRADING
2026-02-11T01:36:10.279165,AVAX,GRID_TRADING,BUY,8.7583,8.320385,8.8108498,0.7,STANDARD,RANGING_VOLATILE,generated,,,,,,,Generated from GRID_TRADING
2026-02-11T01:36:11.042535,AVAX,GRID_TRADING,BUY,8.7583,8.320385,8.8108498,0.7,STANDARD,,rejected,Grid already active for AVAX,,,,,,
2026-02-11T01:36:11.701583,SUI,GRID_TRADING,BUY,0.932454,0.8858313,0.9382705714285714,0.5,STANDARD,RANGING_VOLATILE,generated,,,,,,,Generated from GRID_TRADING
2026-02-11T01:36:12.473870,SUI,GRID_TRADING,BUY,0.932454,0.8858313,0.9382705714285714,0.5,STANDARD,,rejected,Grid already active for SUI,,,,,,
2026-02-11T01:36:12.706942,XRP,GRID_TRADING,BUY,1.41322,1.3425589999999998,1.42234,0.7,STANDARD,RANGING_CALM,generated,,,,,,,Generated from GRID_TRADING
2026-02-11T01:36:13.489015,XRP,GRID_TRADING,BUY,1.41322,1.3425589999999998,1.42234,0.7,STANDARD,,rejected,Grid already active for XRP,,,,,,
2026-02-11T01:36:45.274518,AVAX,GRID_TRADING,BUY,8.75942,8.321449,8.81197652,0.7,STANDARD,RANGING_VOLATILE,generated,,,,,,,Generated from GRID_TRADING
2026-02-11T01:36:48.336127,AVAX,GRID_TRADING,BUY,8.75942,8.321449,8.81197652,0.7,STANDARD,,rejected,Grid already active for AVAX,,,,,,
2026-02-11T01:36:48.404969,SUI,GRID_TRADING,BUY,0.932538,0.8859111,0.9383545714285714,0.5,STANDARD,RANGING_VOLATILE,generated,,,,,,,Generated from GRID_TRADING
2026-02-11T01:36:55.849598,SUI,GRID_TRADING,BUY,0.932538,0.8859111,0.9383545714285714,0.5,STANDARD,,rejected,Grid already active for SUI,,,,,,
2026-02-11T01:36:55.873575,XRP,GRID_TRADING,BUY,1.41224,1.3416279999999998,1.42136,0.7,STANDARD,RANGING_CALM,generated,,,,,,,Generated from GRID_TRADING
2026-02-11T01:37:01.094406,XRP,GRID_TRADING,BUY,1.41224,1.3416279999999998,1.42136,0.7,STANDARD,,rejected,Grid already active for XRP,,,,,,
2026-02-11T01:37:32.198290,AVAX,GRID_TRADING,BUY,8.757667,8.31978365,8.810213002,0.7,STANDARD,RANGING_VOLATILE,generated,,,,,,,Generated from GRID_TRADING
2026-02-11T01:37:33.157022,AVAX,GRID_TRADING,BUY,8.757667,8.31978365,8.810213002,0.7,STANDARD,,rejected,Grid already active for AVAX,,,,,,
2026-02-11T01:37:33.228998,SUI,GRID_TRADING,BUY,0.93238,0.8857609999999999,0.9381965714285714,0.5,STANDARD,RANGING_VOLATILE,generated,,,,,,,Generated from GRID_TRADING
2026-02-11T01:37:34.089889,SUI,GRID_TRADING,BUY,0.93238,0.8857609999999999,0.9381965714285714,0.5,STANDARD,,rejected,Grid already active for SUI,,,,,,
2026-02-11T01:37:34.117083,XRP,GRID_TRADING,BUY,1.41294,1.342293,1.42206,0.7,STANDARD,RANGING_CALM,generated,,,,,,,Generated from GRID_TRADING
2026-02-11T01:37:34.963287,XRP,GRID_TRADING,BUY,1.41294,1.342293,1.42206,0.7,STANDARD,,rejected,Grid already active for XRP,,,,,,
2026-02-11T01:38:06.080154,AVAX,GRID_TRADING,BUY,8.75756,8.319682,8.81010536,0.7,STANDARD,RANGING_VOLATILE,generated,,,,,,,Generated from GRID_TRADING
2026-02-11T01:38:06.913146,AVAX,GRID_TRADING,BUY,8.75756,8.319682,8.81010536,0.7,STANDARD,,rejected,Grid already active for AVAX,,,,,,
2026-02-11T01:38:06.979971,SUI,GRID_TRADING,BUY,0.932428,0.8858066,0.9382445714285714,0.5,STANDARD,RANGING_VOLATILE,generated,,,,,,,Generated from GRID_TRADING
2026-02-11T01:38:07.745480,SUI,GRID_TRADING,BUY,0.932428,0.8858066,0.9382445714285714,0.5,STANDARD,,rejected,Grid already active for SUI,,,,,,
2026-02-11T01:38:07.769430,XRP,GRID_TRADING,BUY,1.4116,1.3410199999999999,1.42072,0.7,STANDARD,RANGING_CALM,generated,,,,,,,Generated from GRID_TRADING
2026-02-11T01:38:08.529907,XRP,GRID_TRADING,BUY,1.4116,1.3410199999999999,1.42072,0.7,STANDARD,,rejected,Grid already active for XRP,,,,,,
2026-02-11T01:38:40.416155,AVAX,GRID_TRADING,BUY,8.75794,8.320043,8.81048764,0.7,STANDARD,RANGING_VOLATILE,generated,,,,,,,Generated from GRID_TRADING
2026-02-11T01:38:41.384555,AVAX,GRID_TRADING,BUY,8.75794,8.320043,8.81048764,0.7,STANDARD,,rejected,Grid already active for AVAX,,,,,,
2026-02-11T01:38:42.058854,SUI,GRID_TRADING,BUY,0.932618,0.8859870999999999,0.9384345714285713,0.5,STANDARD,RANGING_VOLATILE,generated,,,,,,,Generated from GRID_TRADING
2026-02-11T01:38:42.907724,SUI,GRID_TRADING,BUY,0.932618,0.8859870999999999,0.9384345714285713,0.5,STANDARD,,rejected,Grid already active for SUI,,,,,,
2026-02-11T01:38:43.124556,XRP,GRID_TRADING,BUY,1.411647,1.34106465,1.4207670000000001,0.7,STANDARD,RANGING_CALM,generated,,,,,,,Generated from GRID_TRADING
2026-02-11T01:38:44.054754,XRP,GRID_TRADING,BUY,1.411647,1.34106465,1.4207670000000001,0.7,STANDARD,,rejected,Grid already active for XRP,,,,,,
2026-02-11T01:39:15.562007,AVAX,GRID_TRADING,BUY,8.76089,8.3228455,8.813455339999999,0.7,STANDARD,RANGING_VOLATILE,generated,,,,,,,Generated from GRID_TRADING
2026-02-11T01:39:16.673359,AVAX,GRID_TRADING,BUY,8.76089,8.3228455,8.813455339999999,0.7,STANDARD,,rejected,Grid already active for AVAX,,,,,,
2026-02-11T01:39:16.739240,SUI,GRID_TRADING,BUY,0.932912,0.8862663999999999,0.9387285714285714,0.5,STANDARD,RANGING_VOLATILE,generated,,,,,,,Generated from GRID_TRADING
2026-02-11T01:39:17.619938,SUI,GRID_TRADING,BUY,0.932912,0.8862663999999999,0.9387285714285714,0.5,STANDARD,,rejected,Grid already active for SUI,,,,,,
2026-02-11T01:39:17.643687,XRP,GRID_TRADING,BUY,1.41166,1.3410769999999999,1.42078,0.7,STANDARD,RANGING_CALM,generated,,,,,,,Generated from GRID_TRADING
2026-02-11T01:39:18.442861,XRP,GRID_TRADING,BUY,1.41166,1.3410769999999999,1.42078,0.7,STANDARD,,rejected,Grid already active for XRP,,,,,,
2026-02-11T01:39:49.805948,AVAX,GRID_TRADING,BUY,8.754603,8.31687285,8.807130617999999,0.7,STANDARD,RANGING_VOLATILE,generated,,,,,,,Generated from GRID_TRADING
2026-02-11T01:39:50.644093,AVAX,GRID_TRADING,BUY,8.754603,8.31687285,8.807130617999999,0.7,STANDARD,,rejected,Grid already active for AVAX,,,,,,
2026-02-11T01:39:50.708672,SUI,GRID_TRADING,BUY,0.931656,0.8850732,0.9374725714285714,0.5,STANDARD,RANGING_VOLATILE,generated,,,,,,,Generated from GRID_TRADING
2026-02-11T01:39:51.597388,SUI,GRID_TRADING,BUY,0.931656,0.8850732,0.9374725714285714,0.5,STANDARD,,rejected,Grid already active for SUI,,,,,,
2026-02-11T01:39:51.620894,XRP,GRID_TRADING,BUY,1.409844,1.3393518,1.4189640000000001,0.7,STANDARD,RANGING_CALM,generated,,,,,,,Generated from GRID_TRADING
2026-02-11T01:39:52.590885,XRP,GRID_TRADING,BUY,1.409844,1.3393518,1.4189640000000001,0.7,STANDARD,,rejected,Grid already active for XRP,,,,,,
2026-02-11T01:40:24.618118,AVAX,GRID_TRADING,BUY,8.7523,8.314684999999999,8.8048138,0.7,STANDARD,RANGING_VOLATILE,generated,,,,,,,Generated from GRID_TRADING
2026-02-11T01:40:25.375408,AVAX,GRID_TRADING,BUY,8.7523,8.314684999999999,8.8048138,0.7,STANDARD,,rejected,Grid already active for AVAX,,,,,,
2026-02-11T01:40:25.439753,SUI,GRID_TRADING,BUY,0.931738,0.8851511,0.9375545714285713,0.5,STANDARD,RANGING_VOLATILE,generated,,,,,,,Generated from GRID_TRADING
2026-02-11T01:40:26.233840,SUI,GRID_TRADING,BUY,0.931738,0.8851511,0.9375545714285713,0.5,STANDARD,,rejected,Grid already active for SUI,,,,,,
2026-02-11T01:40:26.259630,XRP,GRID_TRADING,BUY,1.410272,1.3397584,1.419392,0.7,STANDARD,RANGING_CALM,generated,,,,,,,Generated from GRID_TRADING
2026-02-11T01:40:27.147221,XRP,GRID_TRADING,BUY,1.410272,1.3397584,1.419392,0.7,STANDARD,,rejected,Grid already active for XRP,,,,,,
2026-02-11T01:40:59.066495,AVAX,GRID_TRADING,BUY,8.758345,8.32042775,8.81089507,0.7,STANDARD,RANGING_VOLATILE,generated,,,,,,,Generated from GRID_TRADING
2026-02-11T01:40:59.838287,AVAX,GRID_TRADING,BUY,8.758345,8.32042775,8.81089507,0.7,STANDARD,,rejected,Grid already active for AVAX,,,,,,
2026-02-11T01:41:00.521848,SUI,GRID_TRADING,BUY,0.932419,0.88579805,0.9382355714285714,0.5,STANDARD,RANGING_VOLATILE,generated,,,,,,,Generated from GRID_TRADING
2026-02-11T01:41:01.471316,SUI,GRID_TRADING,BUY,0.932419,0.88579805,0.9382355714285714,0.5,STANDARD,,rejected,Grid already active for SUI,,,,,,
2026-02-11T01:41:01.726223,XRP,GRID_TRADING,BUY,1.41044,1.339918,1.41956,0.7,STANDARD,RANGING_CALM,generated,,,,,,,Generated from GRID_TRADING
2026-02-11T01:41:02.572637,XRP,GRID_TRADING,BUY,1.41044,1.339918,1.41956,0.7,STANDARD,,rejected,Grid already active for XRP,,,,,,
2026-02-11T01:41:35.490294,AVAX,GRID_TRADING,BUY,8.756408,8.3185876,8.808946448,0.7,STANDARD,RANGING_VOLATILE,generated,,,,,,,Generated from GRID_TRADING
2026-02-11T01:41:36.237355,AVAX,GRID_TRADING,BUY,8.756408,8.3185876,8.808946448,0.7,STANDARD,,rejected,Grid already active for AVAX,,,,,,
2026-02-11T01:41:36.296381,SUI,GRID_TRADING,BUY,0.93207,0.8854664999999999,0.9378865714285713,0.5,STANDARD,RANGING_VOLATILE,generated,,,,,,,Generated from GRID_TRADING
2026-02-11T01:41:37.059784,SUI,GRID_TRADING,BUY,0.93207,0.8854664999999999,0.9378865714285713,0.5,STANDARD,,rejected,Grid already active for SUI,,,,,,
2026-02-11T01:41:37.087716,XRP,GRID_TRADING,BUY,1.41004,1.339538,1.41916,0.7,STANDARD,RANGING_CALM,generated,,,,,,,Generated from GRID_TRADING
2026-02-11T01:41:37.939314,XRP,GRID_TRADING,BUY,1.41004,1.339538,1.41916,0.7,STANDARD,,rejected,Grid already active for XRP,,,,,,
2026-02-11T01:42:09.235476,AVAX,GRID_TRADING,BUY,8.75774,8.319853,8.81028644,0.7,STANDARD,RANGING_VOLATILE,generated,,,,,,,Generated from GRID_TRADING
2026-02-11T01:42:10.036215,AVAX,GRID_TRADING,BUY,8.75774,8.319853,8.81028644,0.7,STANDARD,,rejected,Grid already active for AVAX,,,,,,
2026-02-11T01:42:10.101760,SUI,GRID_TRADING,BUY,0.932106,0.8855006999999999,0.9379225714285714,0.5,STANDARD,RANGING_VOLATILE,generated,,,,,,,Generated from GRID_TRADING
2026-02-11T01:42:10.936028,SUI,GRID_TRADING,BUY,0.932106,0.8855006999999999,0.9379225714285714,0.5,STANDARD,,rejected,Grid already active for SUI,,,,,,
2026-02-11T01:42:10.961246,XRP,GRID_TRADING,BUY,1.40986,1.3393669999999998,1.41898,0.7,STANDARD,RANGING_CALM,generated,,,,,,,Generated from GRID_TRADING
2026-02-11T01:42:11.810855,XRP,GRID_TRADING,BUY,1.40986,1.3393669999999998,1.41898,0.7,STANDARD,,rejected,Grid already active for XRP,,,,,,
2026-02-11T01:42:43.571677,AVAX,GRID_TRADING,BUY,8.7604,8.32238,8.8129624,0.7,STANDARD,RANGING_VOLATILE,generated,,,,,,,Generated from GRID_TRADING
2026-02-11T01:42:44.345464,AVAX,GRID_TRADING,BUY,8.7604,8.32238,8.8129624,0.7,STANDARD,,rejected,Grid already active for AVAX,,,,,,
2026-02-11T01:42:44.407138,SUI,GRID_TRADING,BUY,0.932368,0.8857495999999999,0.9381845714285714,0.5,STANDARD,RANGING_VOLATILE,generated,,,,,,,Generated from GRID_TRADING
2026-02-11T01:42:45.274029,SUI,GRID_TRADING,BUY,0.932368,0.8857495999999999,0.9381845714285714,0.5,STANDARD,,rejected,Grid already active for SUI,,,,,,
2026-02-11T01:42:45.304836,XRP,GRID_TRADING,BUY,1.410682,1.3401478999999998,1.419802,0.7,STANDARD,RANGING_CALM,generated,,,,,,,Generated from GRID_TRADING
2026-02-11T01:42:46.128730,XRP,GRID_TRADING,BUY,1.410682,1.3401478999999998,1.419802,0.7,STANDARD,,rejected,Grid already active for XRP,,,,,,
2026-02-11T01:43:18.132221,AVAX,GRID_TRADING,BUY,8.771734,8.3331473,8.824364404,0.7,STANDARD,RANGING_VOLATILE,generated,,,,,,,Generated from GRID_TRADING
2026-02-11T01:43:18.992503,AVAX,GRID_TRADING,BUY,8.771734,8.3331473,8.824364404,0.7,STANDARD,,rejected,Grid already active for AVAX,,,,,,
2026-02-11T01:43:19.658497,SUI,GRID_TRADING,BUY,0.934111,0.8874054499999999,0.9399275714285714,0.5,STANDARD,RANGING_VOLATILE,generated,,,,,,,Generated from GRID_TRADING
2026-02-11T01:43:20.526885,SUI,GRID_TRADING,BUY,0.934111,0.8874054499999999,0.9399275714285714,0.5,STANDARD,,rejected,Grid already active for SUI,,,,,,
2026-02-11T01:43:20.840711,XRP,GRID_TRADING,BUY,1.4135,1.342825,1.42262,0.7,STANDARD,RANGING_CALM,generated,,,,,,,Generated from GRID_TRADING
2026-02-11T01:43:21.660533,XRP,GRID_TRADING,BUY,1.4135,1.342825,1.42262,0.7,STANDARD,,rejected,Grid already active for XRP,,,,,,
2026-02-11T01:43:53.480139,AVAX,GRID_TRADING,BUY,8.773879,8.33518505,8.826522274,0.7,STANDARD,RANGING_VOLATILE,generated,,,,,,,Generated from GRID_TRADING
2026-02-11T01:43:54.531453,AVAX,GRID_TRADING,BUY,8.773879,8.33518505,8.826522274,0.7,STANDARD,,rejected,Grid already active for AVAX,,,,,,
2026-02-11T01:43:54.600485,SUI,GRID_TRADING,BUY,0.933963,0.88726485,0.9397795714285714,0.5,STANDARD,RANGING_VOLATILE,generated,,,,,,,Generated from GRID_TRADING
2026-02-11T01:43:55.578393,SUI,GRID_TRADING,BUY,0.933963,0.88726485,0.9397795714285714,0.5,STANDARD,,rejected,Grid already active for SUI,,,,,,
2026-02-11T01:43:55.606682,XRP,GRID_TRADING,BUY,1.412693,1.3420583499999998,1.421813,0.7,STANDARD,RANGING_CALM,generated,,,,,,,Generated from GRID_TRADING
2026-02-11T01:43:56.381646,XRP,GRID_TRADING,BUY,1.412693,1.3420583499999998,1.421813,0.7,STANDARD,,rejected,Grid already active for XRP,,,,,,
2026-02-11T01:44:27.618608,AVAX,GRID_TRADING,BUY,8.773501,8.334825949999999,8.826142006,0.7,STANDARD,RANGING_VOLATILE,generated,,,,,,,Generated from GRID_TRADING
2026-02-11T01:44:28.560492,AVAX,GRID_TRADING,BUY,8.773501,8.334825949999999,8.826142006,0.7,STANDARD,,rejected,Grid already active for AVAX,,,,,,
2026-02-11T01:44:28.620961,SUI,GRID_TRADING,BUY,0.933638,0.8869560999999999,0.9394545714285714,0.5,STANDARD,RANGING_VOLATILE,generated,,,,,,,Generated from GRID_TRADING
2026-02-11T01:44:29.432379,SUI,GRID_TRADING,BUY,0.933638,0.8869560999999999,0.9394545714285714,0.5,STANDARD,,rejected,Grid already active for SUI,,,,,,
2026-02-11T01:44:29.455840,XRP,GRID_TRADING,BUY,1.412451,1.34182845,1.421571,0.7,STANDARD,RANGING_CALM,generated,,,,,,,Generated from GRID_TRADING
2026-02-11T01:44:30.303880,XRP,GRID_TRADING,BUY,1.412451,1.34182845,1.421571,0.7,STANDARD,,rejected,Grid already active for XRP,,,,,,
2026-02-11T01:45:02.132340,AVAX,GRID_TRADING,BUY,8.7721,8.333495,8.8247326,0.7,STANDARD,RANGING_VOLATILE,generated,,,,,,,Generated from GRID_TRADING
2026-02-11T01:45:02.972525,AVAX,GRID_TRADING,BUY,8.7721,8.333495,8.8247326,0.7,STANDARD,,rejected,Grid already active for AVAX,,,,,,
2026-02-11T01:45:03.046704,SUI,GRID_TRADING,BUY,0.933749,0.88706155,0.9395655714285714,0.5,STANDARD,RANGING_VOLATILE,generated,,,,,,,Generated from GRID_TRADING
2026-02-11T01:45:03.888178,SUI,GRID_TRADING,BUY,0.933749,0.88706155,0.9395655714285714,0.5,STANDARD,,rejected,Grid already active for SUI,,,,,,
2026-02-11T01:45:03.912288,XRP,GRID_TRADING,BUY,1.412201,1.34159095,1.421321,0.7,STANDARD,RANGING_CALM,generated,,,,,,,Generated from GRID_TRADING
2026-02-11T01:45:04.755775,XRP,GRID_TRADING,BUY,1.412201,1.34159095,1.421321,0.7,STANDARD,,rejected,Grid already active for XRP,,,,,,
2026-02-11T01:45:37.028413,AVAX,GRID_TRADING,BUY,8.7797,8.340715,8.8323782,0.7,STANDARD,RANGING_VOLATILE,generated,,,,,,,Generated from GRID_TRADING
2026-02-11T01:45:37.833328,AVAX,GRID_TRADING,BUY,8.7797,8.340715,8.8323782,0.7,STANDARD,,rejected,Grid already active for AVAX,,,,,,
2026-02-11T01:45:38.523587,SUI,GRID_TRADING,BUY,0.934046,0.8873437,0.9398625714285714,0.5,STANDARD,RANGING_VOLATILE,generated,,,,,,,Generated from GRID_TRADING
2026-02-11T01:45:39.416980,SUI,GRID_TRADING,BUY,0.934046,0.8873437,0.9398625714285714,0.5,STANDARD,,rejected,Grid already active for SUI,,,,,,
2026-02-11T01:45:39.637762,XRP,GRID_TRADING,BUY,1.412574,1.3419453,1.421694,0.7,STANDARD,RANGING_CALM,generated,,,,,,,Generated from GRID_TRADING
2026-02-11T01:45:40.410772,XRP,GRID_TRADING,BUY,1.412574,1.3419453,1.421694,0.7,STANDARD,,rejected,Grid already active for XRP,,,,,,
2026-02-11T01:46:16.646701,AVAX,GRID_TRADING,BUY,8.772482,8.3338579,8.825116892,0.7,STANDARD,RANGING_VOLATILE,generated,,,,,,,Generated from GRID_TRADING
2026-02-11T01:46:17.451697,AVAX,GRID_TRADING,BUY,8.772482,8.3338579,8.825116892,0.7,STANDARD,,rejected,Grid already active for AVAX,,,,,,
2026-02-11T01:46:18.186937,SUI,GRID_TRADING,BUY,0.933047,0.88639465,0.9388635714285714,0.5,STANDARD,RANGING_VOLATILE,generated,,,,,,,Generated from GRID_TRADING
2026-02-11T01:46:19.019917,SUI,GRID_TRADING,BUY,0.933047,0.88639465,0.9388635714285714,0.5,STANDARD,,rejected,Grid already active for SUI,,,,,,
2026-02-11T01:46:19.237714,XRP,GRID_TRADING,BUY,1.41104,1.340488,1.42016,0.7,STANDARD,RANGING_CALM,generated,,,,,,,Generated from GRID_TRADING
2026-02-11T01:46:20.039100,XRP,GRID_TRADING,BUY,1.41104,1.340488,1.42016,0.7,STANDARD,,rejected,Grid already active for XRP,,,,,,
2026-02-11T01:46:51.973167,AVAX,GRID_TRADING,BUY,8.7711,8.332545,8.8237266,0.7,STANDARD,RANGING_VOLATILE,generated,,,,,,,Generated from GRID_TRADING
2026-02-11T01:46:52.837611,AVAX,GRID_TRADING,BUY,8.7711,8.332545,8.8237266,0.7,STANDARD,,rejected,Grid already active for AVAX,,,,,,
2026-02-11T01:46:52.900198,SUI,GRID_TRADING,BUY,0.933228,0.8865665999999999,0.9390445714285713,0.5,STANDARD,RANGING_VOLATILE,generated,,,,,,,Generated from GRID_TRADING
2026-02-11T01:47:00.297913,SUI,GRID_TRADING,BUY,0.933228,0.8865665999999999,0.9390445714285713,0.5,STANDARD,,rejected,Grid already active for SUI,,,,,,
2026-02-11T01:47:00.322759,XRP,GRID_TRADING,BUY,1.411175,1.34061625,1.420295,0.7,STANDARD,RANGING_CALM,generated,,,,,,,Generated from GRID_TRADING
2026-02-11T01:47:01.136370,XRP,GRID_TRADING,BUY,1.411175,1.34061625,1.420295,0.7,STANDARD,,rejected,Grid already active for XRP,,,,,,
2026-02-11T01:47:32.886853,AVAX,GRID_TRADING,BUY,8.76939,8.3309205,8.82200634,0.7,STANDARD,RANGING_VOLATILE,generated,,,,,,,Generated from GRID_TRADING
2026-02-11T01:47:33.653909,AVAX,GRID_TRADING,BUY,8.76939,8.3309205,8.82200634,0.7,STANDARD,,rejected,Grid already active for AVAX,,,,,,
2026-02-11T01:47:33.732429,SUI,GRID_TRADING,BUY,0.933168,0.8865096,0.9389845714285714,0.5,STANDARD,RANGING_VOLATILE,generated,,,,,,,Generated from GRID_TRADING
2026-02-11T01:47:34.512714,SUI,GRID_TRADING,BUY,0.933168,0.8865096,0.9389845714285714,0.5,STANDARD,,rejected,Grid already active for SUI,,,,,,
2026-02-11T01:47:34.534621,XRP,GRID_TRADING,BUY,1.4114,1.34083,1.42052,0.7,STANDARD,RANGING_CALM,generated,,,,,,,Generated from GRID_TRADING
2026-02-11T01:47:35.626189,XRP,GRID_TRADING,BUY,1.4114,1.34083,1.42052,0.7,STANDARD,,rejected,Grid already active for XRP,,,,,,
2026-02-11T01:48:06.846935,AVAX,GRID_TRADING,BUY,8.77132,8.332754,8.82394792,0.7,STANDARD,RANGING_VOLATILE,generated,,,,,,,Generated from GRID_TRADING
2026-02-11T01:48:07.614667,AVAX,GRID_TRADING,BUY,8.77132,8.332754,8.82394792,0.7,STANDARD,,rejected,Grid already active for AVAX,,,,,,
2026-02-11T01:48:07.674124,SUI,GRID_TRADING,BUY,0.933424,0.8867528,0.9392405714285714,0.5,STANDARD,RANGING_VOLATILE,generated,,,,,,,Generated from GRID_TRADING
2026-02-11T01:48:08.499760,SUI,GRID_TRADING,BUY,0.933424,0.8867528,0.9392405714285714,0.5,STANDARD,,rejected,Grid already active for SUI,,,,,,
2026-02-11T01:48:08.524304,XRP,GRID_TRADING,BUY,1.411646,1.3410636999999999,1.420766,0.7,STANDARD,RANGING_CALM,generated,,,,,,,Generated from GRID_TRADING
2026-02-11T01:48:09.335501,XRP,GRID_TRADING,BUY,1.411646,1.3410636999999999,1.420766,0.7,STANDARD,,rejected,Grid already active for XRP,,,,,,
2026-02-11T01:48:41.914718,AVAX,GRID_TRADING,BUY,8.768713,8.33027735,8.821325278,0.7,STANDARD,RANGING_VOLATILE,generated,,,,,,,Generated from GRID_TRADING
2026-02-11T01:48:42.781301,AVAX,GRID_TRADING,BUY,8.768713,8.33027735,8.821325278,0.7,STANDARD,,rejected,Grid already active for AVAX,,,,,,
2026-02-11T01:48:43.444919,SUI,GRID_TRADING,BUY,0.93299,0.8863405,0.9388065714285714,0.5,STANDARD,RANGING_VOLATILE,generated,,,,,,,Generated from GRID_TRADING
2026-02-11T01:48:44.226605,SUI,GRID_TRADING,BUY,0.93299,0.8863405,0.9388065714285714,0.5,STANDARD,,rejected,Grid already active for SUI,,,,,,
2026-02-11T01:48:44.525796,XRP,GRID_TRADING,BUY,1.411025,1.34047375,1.420145,0.7,STANDARD,RANGING_CALM,generated,,,,,,,Generated from GRID_TRADING
2026-02-11T01:48:45.359181,XRP,GRID_TRADING,BUY,1.411025,1.34047375,1.420145,0.7,STANDARD,,rejected,Grid already active for XRP,,,,,,
2026-02-11T01:49:16.987527,AVAX,GRID_TRADING,BUY,8.768594,8.3301643,8.821205564,0.7,STANDARD,RANGING_VOLATILE,generated,,,,,,,Generated from GRID_TRADING
2026-02-11T01:49:17.820475,AVAX,GRID_TRADING,BUY,8.768594,8.3301643,8.821205564,0.7,STANDARD,,rejected,Grid already active for AVAX,,,,,,
2026-02-11T01:49:17.887125,SUI,GRID_TRADING,BUY,0.933441,0.8867689499999999,0.9392575714285714,0.5,STANDARD,RANGING_VOLATILE,generated,,,,,,,Generated from GRID_TRADING
2026-02-11T01:49:18.683020,SUI,GRID_TRADING,BUY,0.933441,0.8867689499999999,0.9392575714285714,0.5,STANDARD,,rejected,Grid already active for SUI,,,,,,
2026-02-11T01:49:18.711336,XRP,GRID_TRADING,BUY,1.411703,1.3411178499999998,1.420823,0.7,STANDARD,RANGING_CALM,generated,,,,,,,Generated from GRID_TRADING
2026-02-11T01:49:19.536236,XRP,GRID_TRADING,BUY,1.411703,1.3411178499999998,1.420823,0.7,STANDARD,,rejected,Grid already active for XRP,,,,,,
2026-02-11T01:49:50.969591,AVAX,GRID_TRADING,BUY,8.768154,8.329746299999998,8.820762923999999,0.7,STANDARD,RANGING_VOLATILE,generated,,,,,,,Generated from GRID_TRADING
2026-02-11T01:49:51.951646,AVAX,GRID_TRADING,BUY,8.768154,8.329746299999998,8.820762923999999,0.7,STANDARD,,rejected,Grid already active for AVAX,,,,,,
2026-02-11T01:49:52.018183,SUI,GRID_TRADING,BUY,0.933218,0.8865571,0.9390345714285714,0.5,STANDARD,RANGING_VOLATILE,generated,,,,,,,Generated from GRID_TRADING
2026-02-11T01:49:52.789350,SUI,GRID_TRADING,BUY,0.933218,0.8865571,0.9390345714285714,0.5,STANDARD,,rejected,Grid already active for SUI,,,,,,
2026-02-11T01:49:52.816274,XRP,GRID_TRADING,BUY,1.4114,1.34083,1.42052,0.7,STANDARD,RANGING_CALM,generated,,,,,,,Generated from GRID_TRADING
2026-02-11T01:49:53.707919,XRP,GRID_TRADING,BUY,1.4114,1.34083,1.42052,0.7,STANDARD,,rejected,Grid already active for XRP,,,,,,
2026-02-11T01:50:11.739834,AVAX,GRID_TRADING,BUY,8.766833,8.32849135,8.819433998000001,0.7,STANDARD,RANGING_VOLATILE,generated,,,,,,,Generated from GRID_TRADING
2026-02-11T01:50:12.573574,AVAX,GRID_TRADING,BUY,8.766833,8.32849135,8.819433998000001,0.7,STANDARD,,rejected,Grid already active for AVAX,,,,,,
2026-02-11T01:50:12.643452,SUI,GRID_TRADING,BUY,0.932857,0.88621415,0.9386735714285714,0.5,STANDARD,RANGING_VOLATILE,generated,,,,,,,Generated from GRID_TRADING
2026-02-11T01:50:13.451674,SUI,GRID_TRADING,BUY,0.932857,0.88621415,0.9386735714285714,0.5,STANDARD,,rejected,Grid already active for SUI,,,,,,
2026-02-11T01:50:13.484070,XRP,GRID_TRADING,BUY,1.410906,1.3403607,1.420026,0.7,STANDARD,RANGING_CALM,generated,,,,,,,Generated from GRID_TRADING
2026-02-11T01:50:14.325160,XRP,GRID_TRADING,BUY,1.410906,1.3403607,1.420026,0.7,STANDARD,,rejected,Grid already active for XRP,,,,,,
2026-02-11T01:50:24.925156,AVAX,GRID_TRADING,BUY,8.76284,8.324698,8.81541704,0.7,STANDARD,RANGING_VOLATILE,generated,,,,,,,Generated from GRID_TRADING
2026-02-11T01:50:25.689604,AVAX,GRID_TRADING,BUY,8.76284,8.324698,8.81541704,0.7,STANDARD,,rejected,Grid already active for AVAX,,,,,,
2026-02-11T01:50:25.752464,SUI,GRID_TRADING,BUY,0.93266,0.886027,0.9384765714285714,0.5,STANDARD,RANGING_VOLATILE,generated,,,,,,,Generated from GRID_TRADING
2026-02-11T01:50:26.619090,SUI,GRID_TRADING,BUY,0.93266,0.886027,0.9384765714285714,0.5,STANDARD,,rejected,Grid already active for SUI,,,,,,
2026-02-11T01:50:26.643037,XRP,GRID_TRADING,BUY,1.41156,1.340982,1.42068,0.7,STANDARD,RANGING_CALM,generated,,,,,,,Generated from GRID_TRADING
2026-02-11T01:50:27.457108,XRP,GRID_TRADING,BUY,1.41156,1.340982,1.42068,0.7,STANDARD,,rejected,Grid already active for XRP,,,,,,
2026-02-11T01:50:46.494328,AVAX,GRID_TRADING,BUY,8.761604,8.3235238,8.814173624,0.7,STANDARD,RANGING_VOLATILE,generated,,,,,,,Generated from GRID_TRADING
2026-02-11T01:50:47.373390,AVAX,GRID_TRADING,BUY,8.761604,8.3235238,8.814173624,0.7,STANDARD,,rejected,Grid already active for AVAX,,,,,,
2026-02-11T01:50:48.110267,SUI,GRID_TRADING,BUY,0.932551,0.88592345,0.9383675714285714,0.5,STANDARD,RANGING_VOLATILE,generated,,,,,,,Generated from GRID_TRADING
2026-02-11T01:50:48.996965,SUI,GRID_TRADING,BUY,0.932551,0.88592345,0.9383675714285714,0.5,STANDARD,,rejected,Grid already active for SUI,,,,,,
2026-02-11T01:50:49.273898,XRP,GRID_TRADING,BUY,1.411116,1.3405601999999999,1.420236,0.7,STANDARD,RANGING_CALM,generated,,,,,,,Generated from GRID_TRADING
2026-02-11T01:50:50.100999,XRP,GRID_TRADING,BUY,1.411116,1.3405601999999999,1.420236,0.7,STANDARD,,rejected,Grid already active for XRP,,,,,,
2026-02-11T01:50:58.581312,AVAX,GRID_TRADING,BUY,8.761786,8.323696700000001,8.814356716,0.7,STANDARD,RANGING_VOLATILE,generated,,,,,,,Generated from GRID_TRADING
2026-02-11T01:50:59.468558,AVAX,GRID_TRADING,BUY,8.761786,8.323696700000001,8.814356716,0.7,STANDARD,,rejected,Grid already active for AVAX,,,,,,
2026-02-11T01:50:59.533765,SUI,GRID_TRADING,BUY,0.932578,0.8859490999999999,0.9383945714285714,0.5,STANDARD,RANGING_VOLATILE,generated,,,,,,,Generated from GRID_TRADING
2026-02-11T01:51:00.300106,SUI,GRID_TRADING,BUY,0.932578,0.8859490999999999,0.9383945714285714,0.5,STANDARD,,rejected,Grid already active for SUI,,,,,,
2026-02-11T01:51:00.324739,XRP,GRID_TRADING,BUY,1.41138,1.340811,1.4205,0.7,STANDARD,RANGING_CALM,generated,,,,,,,Generated from GRID_TRADING
2026-02-11T01:51:01.126069,XRP,GRID_TRADING,BUY,1.41138,1.340811,1.4205,0.7,STANDARD,,rejected,Grid already active for XRP,,,,,,
2026-02-11T01:51:22.933417,AVAX,GRID_TRADING,BUY,8.76234,8.324223,8.81491404,0.7,STANDARD,RANGING_VOLATILE,generated,,,,,,,Generated from GRID_TRADING
2026-02-11T01:51:23.770489,AVAX,GRID_TRADING,BUY,8.76234,8.324223,8.81491404,0.7,STANDARD,,rejected,Grid already active for AVAX,,,,,,
2026-02-11T01:51:23.833222,SUI,GRID_TRADING,BUY,0.932548,0.8859206,0.9383645714285714,0.5,STANDARD,RANGING_VOLATILE,generated,,,,,,,Generated from GRID_TRADING
2026-02-11T01:51:24.712673,SUI,GRID_TRADING,BUY,0.932548,0.8859206,0.9383645714285714,0.5,STANDARD,,rejected,Grid already active for SUI,,,,,,
2026-02-11T01:51:24.741634,XRP,GRID_TRADING,BUY,1.411159,1.34060105,1.420279,0.7,STANDARD,RANGING_CALM,generated,,,,,,,Generated from GRID_TRADING
2026-02-11T01:51:25.542097,XRP,GRID_TRADING,BUY,1.411159,1.34060105,1.420279,0.7,STANDARD,,rejected,Grid already active for XRP,,,,,,
2026-02-11T01:51:32.341478,AVAX,GRID_TRADING,BUY,8.76194,8.323842999999998,8.81451164,0.7,STANDARD,RANGING_VOLATILE,generated,,,,,,,Generated from GRID_TRADING
2026-02-11T01:51:33.159038,AVAX,GRID_TRADING,BUY,8.76194,8.323842999999998,8.81451164,0.7,STANDARD,,rejected,Grid already active for AVAX,,,,,,
2026-02-11T01:51:33.226824,SUI,GRID_TRADING,BUY,0.932427,0.88580565,0.9382435714285714,0.5,STANDARD,RANGING_VOLATILE,generated,,,,,,,Generated from GRID_TRADING
2026-02-11T01:51:34.054496,SUI,GRID_TRADING,BUY,0.932427,0.88580565,0.9382435714285714,0.5,STANDARD,,rejected,Grid already active for SUI,,,,,,
2026-02-11T01:51:34.078765,XRP,GRID_TRADING,BUY,1.41102,1.340469,1.42014,0.7,STANDARD,RANGING_CALM,generated,,,,,,,Generated from GRID_TRADING
2026-02-11T01:51:34.894179,XRP,GRID_TRADING,BUY,1.41102,1.340469,1.42014,0.7,STANDARD,,rejected,Grid already active for XRP,,,,,,
2026-02-11T01:51:57.415867,AVAX,GRID_TRADING,BUY,8.7625,8.324374999999998,8.815074999999998,0.7,STANDARD,RANGING_VOLATILE,generated,,,,,,,Generated from GRID_TRADING
2026-02-11T01:51:58.322662,AVAX,GRID_TRADING,BUY,8.7625,8.324374999999998,8.815074999999998,0.7,STANDARD,,rejected,Grid already active for AVAX,,,,,,
2026-02-11T01:51:58.393698,SUI,GRID_TRADING,BUY,0.93276,0.886122,0.9385765714285714,0.5,STANDARD,RANGING_VOLATILE,generated,,,,,,,Generated from GRID_TRADING
2026-02-11T01:51:59.249206,SUI,GRID_TRADING,BUY,0.93276,0.886122,0.9385765714285714,0.5,STANDARD,,rejected,Grid already active for SUI,,,,,,
2026-02-11T01:51:59.274269,XRP,GRID_TRADING,BUY,1.41148,1.340906,1.4206,0.7,STANDARD,RANGING_CALM,generated,,,,,,,Generated from GRID_TRADING
2026-02-11T01:52:00.039160,XRP,GRID_TRADING,BUY,1.41148,1.340906,1.4206,0.7,STANDARD,,rejected,Grid already active for XRP,,,,,,
2026-02-11T01:52:05.996122,AVAX,GRID_TRADING,BUY,8.764442,8.3262199,8.817028652000001,0.7,STANDARD,RANGING_VOLATILE,generated,,,,,,,Generated from GRID_TRADING
2026-02-11T01:52:06.799282,AVAX,GRID_TRADING,BUY,8.764442,8.3262199,8.817028652000001,0.7,STANDARD,,rejected,Grid already active for AVAX,,,,,,
2026-02-11T01:52:06.863680,SUI,GRID_TRADING,BUY,0.93275,0.8861125,0.9385665714285714,0.5,STANDARD,RANGING_VOLATILE,generated,,,,,,,Generated from GRID_TRADING
2026-02-11T01:52:07.734292,SUI,GRID_TRADING,BUY,0.93275,0.8861125,0.9385665714285714,0.5,STANDARD,,rejected,Grid already active for SUI,,,,,,
2026-02-11T01:52:07.760888,XRP,GRID_TRADING,BUY,1.41158,1.3410009999999999,1.4207,0.7,STANDARD,RANGING_CALM,generated,,,,,,,Generated from GRID_TRADING
2026-02-11T01:52:08.533113,XRP,GRID_TRADING,BUY,1.41158,1.3410009999999999,1.4207,0.7,STANDARD,,rejected,Grid already active for XRP,,,,,,
2026-02-11T01:52:31.171088,AVAX,GRID_TRADING,BUY,8.76253,8.324403499999999,8.81510518,0.7,STANDARD,RANGING_VOLATILE,generated,,,,,,,Generated from GRID_TRADING
2026-02-11T01:52:31.938377,AVAX,GRID_TRADING,BUY,8.76253,8.324403499999999,8.81510518,0.7,STANDARD,,rejected,Grid already active for AVAX,,,,,,
2026-02-11T01:52:32.021700,SUI,GRID_TRADING,BUY,0.932512,0.8858864,0.9383285714285714,0.5,STANDARD,RANGING_VOLATILE,generated,,,,,,,Generated from GRID_TRADING
2026-02-11T01:52:32.835094,SUI,GRID_TRADING,BUY,0.932512,0.8858864,0.9383285714285714,0.5,STANDARD,,rejected,Grid already active for SUI,,,,,,
2026-02-11T01:52:32.864996,XRP,GRID_TRADING,BUY,1.41166,1.3410769999999999,1.42078,0.7,STANDARD,RANGING_CALM,generated,,,,,,,Generated from GRID_TRADING
2026-02-11T01:52:33.971484,XRP,GRID_TRADING,BUY,1.41166,1.3410769999999999,1.42078,0.7,STANDARD,,rejected,Grid already active for XRP,,,,,,
2026-02-11T01:52:39.597399,AVAX,GRID_TRADING,BUY,8.7614,8.32333,8.8139684,0.7,STANDARD,RANGING_VOLATILE,generated,,,,,,,Generated from GRID_TRADING
2026-02-11T01:52:40.377197,AVAX,GRID_TRADING,BUY,8.7614,8.32333,8.8139684,0.7,STANDARD,,rejected,Grid already active for AVAX,,,,,,
2026-02-11T01:52:40.464042,SUI,GRID_TRADING,BUY,0.932444,0.8858218,0.9382605714285714,0.5,STANDARD,RANGING_VOLATILE,generated,,,,,,,Generated from GRID_TRADING
2026-02-11T01:52:41.279996,SUI,GRID_TRADING,BUY,0.932444,0.8858218,0.9382605714285714,0.5,STANDARD,,rejected,Grid already active for SUI,,,,,,
2026-02-11T01:52:41.304490,XRP,GRID_TRADING,BUY,1.412,1.3414,1.42112,0.7,STANDARD,RANGING_CALM,generated,,,,,,,Generated from GRID_TRADING
2026-02-11T01:52:42.160899,XRP,GRID_TRADING,BUY,1.412,1.3414,1.42112,0.7,STANDARD,,rejected,Grid already active for XRP,,,,,,
2026-02-11T01:53:05.922589,AVAX,GRID_TRADING,BUY,8.7608,8.322759999999999,8.8133648,0.7,STANDARD,RANGING_VOLATILE,generated,,,,,,,Generated from GRID_TRADING
2026-02-11T01:53:06.680815,AVAX,GRID_TRADING,BUY,8.7608,8.322759999999999,8.8133648,0.7,STANDARD,,rejected,Grid already active for AVAX,,,,,,
2026-02-11T01:53:07.359246,SUI,GRID_TRADING,BUY,0.932492,0.8858674,0.9383085714285714,0.5,STANDARD,RANGING_VOLATILE,generated,,,,,,,Generated from GRID_TRADING
2026-02-11T01:53:08.146575,SUI,GRID_TRADING,BUY,0.932492,0.8858674,0.9383085714285714,0.5,STANDARD,,rejected,Grid already active for SUI,,,,,,
2026-02-11T01:53:08.403515,XRP,GRID_TRADING,BUY,1.412125,1.34151875,1.421245,0.7,STANDARD,RANGING_CALM,generated,,,,,,,Generated from GRID_TRADING
2026-02-11T01:53:09.198968,XRP,GRID_TRADING,BUY,1.412125,1.34151875,1.421245,0.7,STANDARD,,rejected,Grid already active for XRP,,,,,,
2026-02-11T01:53:13.307671,AVAX,GRID_TRADING,BUY,8.765,8.32675,8.817590000000001,0.7,STANDARD,RANGING_VOLATILE,generated,,,,,,,Generated from GRID_TRADING
2026-02-11T01:53:14.120374,AVAX,GRID_TRADING,BUY,8.765,8.32675,8.817590000000001,0.7,STANDARD,,rejected,Grid already active for AVAX,,,,,,
2026-02-11T01:53:14.188097,SUI,GRID_TRADING,BUY,0.932926,0.8862797,0.9387425714285714,0.5,STANDARD,RANGING_VOLATILE,generated,,,,,,,Generated from GRID_TRADING
2026-02-11T01:53:15.011088,SUI,GRID_TRADING,BUY,0.932926,0.8862797,0.9387425714285714,0.5,STANDARD,,rejected,Grid already active for SUI,,,,,,
2026-02-11T01:53:15.034007,XRP,GRID_TRADING,BUY,1.412926,1.3422796999999997,1.422046,0.7,STANDARD,RANGING_CALM,generated,,,,,,,Generated from GRID_TRADING
2026-02-11T01:53:15.796804,XRP,GRID_TRADING,BUY,1.412926,1.3422796999999997,1.422046,0.7,STANDARD,,rejected,Grid already active for XRP,,,,,,
2026-02-11T01:53:40.699226,AVAX,GRID_TRADING,BUY,8.765852,8.3275594,8.818447112000001,0.7,STANDARD,RANGING_VOLATILE,generated,,,,,,,Generated from GRID_TRADING
2026-02-11T01:53:41.471089,AVAX,GRID_TRADING,BUY,8.765852,8.3275594,8.818447112000001,0.7,STANDARD,,rejected,Grid already active for AVAX,,,,,,
2026-02-11T01:53:41.550392,SUI,GRID_TRADING,BUY,0.932788,0.8861486,0.9386045714285713,0.5,STANDARD,RANGING_VOLATILE,generated,,,,,,,Generated from GRID_TRADING
2026-02-11T01:53:42.372602,SUI,GRID_TRADING,BUY,0.932788,0.8861486,0.9386045714285713,0.5,STANDARD,,rejected,Grid already active for SUI,,,,,,
2026-02-11T01:53:42.398633,XRP,GRID_TRADING,BUY,1.4122,1.3415899999999998,1.42132,0.7,STANDARD,RANGING_CALM,generated,,,,,,,Generated from GRID_TRADING
2026-02-11T01:53:43.283707,XRP,GRID_TRADING,BUY,1.4122,1.3415899999999998,1.42132,0.7,STANDARD,,rejected,Grid already active for XRP,,,,,,
2026-02-11T01:53:46.894400,AVAX,GRID_TRADING,BUY,8.770023,8.33152185,8.822643138,0.7,STANDARD,RANGING_VOLATILE,generated,,,,,,,Generated from GRID_TRADING
2026-02-11T01:53:47.672208,AVAX,GRID_TRADING,BUY,8.770023,8.33152185,8.822643138,0.7,STANDARD,,rejected,Grid already active for AVAX,,,,,,
2026-02-11T01:53:47.736421,SUI,GRID_TRADING,BUY,0.93289,0.8862454999999999,0.9387065714285714,0.5,STANDARD,RANGING_VOLATILE,generated,,,,,,,Generated from GRID_TRADING
2026-02-11T01:53:48.635310,SUI,GRID_TRADING,BUY,0.93289,0.8862454999999999,0.9387065714285714,0.5,STANDARD,,rejected,Grid already active for SUI,,,,,,
2026-02-11T01:53:48.659083,XRP,GRID_TRADING,BUY,1.41242,1.341799,1.42154,0.7,STANDARD,RANGING_CALM,generated,,,,,,,Generated from GRID_TRADING
2026-02-11T01:53:49.455363,XRP,GRID_TRADING,BUY,1.41242,1.341799,1.42154,0.7,STANDARD,,rejected,Grid already active for XRP,,,,,,
2026-02-11T01:54:18.878026,AVAX,GRID_TRADING,BUY,8.767433,8.32906135,8.820037598,0.7,STANDARD,RANGING_VOLATILE,generated,,,,,,,Generated from GRID_TRADING
2026-02-11T01:54:19.774230,AVAX,GRID_TRADING,BUY,8.767433,8.32906135,8.820037598,0.7,STANDARD,,rejected,Grid already active for AVAX,,,,,,
2026-02-11T01:54:19.851934,SUI,GRID_TRADING,BUY,0.93278,0.886141,0.9385965714285714,0.5,STANDARD,RANGING_VOLATILE,generated,,,,,,,Generated from GRID_TRADING
2026-02-11T01:54:20.715542,SUI,GRID_TRADING,BUY,0.93278,0.886141,0.9385965714285714,0.5,STANDARD,,rejected,Grid already active for SUI,,,,,,
2026-02-11T01:54:20.744946,XRP,GRID_TRADING,BUY,1.412334,1.3417173,1.421454,0.7,STANDARD,RANGING_CALM,generated,,,,,,,Generated from GRID_TRADING
2026-02-11T01:54:21.602278,XRP,GRID_TRADING,BUY,1.412334,1.3417173,1.421454,0.7,STANDARD,,rejected,Grid already active for XRP,,,,,,
2026-02-11T01:54:38.475175,AVAX,GRID_TRADING,BUY,8.77132,8.332754,8.82394792,0.7,STANDARD,RANGING_VOLATILE,generated,,,,,,,Generated from GRID_TRADING
2026-02-11T01:54:39.301224,AVAX,GRID_TRADING,BUY,8.77132,8.332754,8.82394792,0.7,STANDARD,,rejected,Grid already active for AVAX,,,,,,
2026-02-11T01:54:39.378903,SUI,GRID_TRADING,BUY,0.933318,0.8866520999999999,0.9391345714285714,0.5,STANDARD,RANGING_VOLATILE,generated,,,,,,,Generated from GRID_TRADING
2026-02-11T01:54:40.155394,SUI,GRID_TRADING,BUY,0.933318,0.8866520999999999,0.9391345714285714,0.5,STANDARD,,rejected,Grid already active for SUI,,,,,,
2026-02-11T01:54:40.183457,XRP,GRID_TRADING,BUY,1.41227,1.3416564999999998,1.42139,0.7,STANDARD,RANGING_CALM,generated,,,,,,,Generated from GRID_TRADING
2026-02-11T01:54:41.250638,XRP,GRID_TRADING,BUY,1.41227,1.3416564999999998,1.42139,0.7,STANDARD,,rejected,Grid already active for XRP,,,,,,
2026-02-11T01:55:12.170024,AVAX,GRID_TRADING,BUY,8.765054,8.3268013,8.817644324,0.7,STANDARD,RANGING_VOLATILE,generated,,,,,,,Generated from GRID_TRADING
2026-02-11T01:55:12.871949,AVAX,GRID_TRADING,BUY,8.765323,8.32705685,8.817914938000001,0.7,STANDARD,RANGING_VOLATILE,generated,,,,,,,Generated from GRID_TRADING
2026-02-11T01:55:13.019826,AVAX,GRID_TRADING,BUY,8.765054,8.3268013,8.817644324,0.7,STANDARD,,rejected,Grid already active for AVAX,,,,,,
2026-02-11T01:55:13.675052,SUI,GRID_TRADING,BUY,0.932462,0.8858389,0.9382785714285714,0.5,STANDARD,RANGING_VOLATILE,generated,,,,,,,Generated from GRID_TRADING
2026-02-11T01:55:13.683643,AVAX,GRID_TRADING,BUY,8.765323,8.32705685,8.817914938000001,0.7,STANDARD,,rejected,Grid already active for AVAX,,,,,,
2026-02-11T01:55:13.765247,SUI,GRID_TRADING,BUY,0.932462,0.8858389,0.9382785714285714,0.5,STANDARD,RANGING_VOLATILE,generated,,,,,,,Generated from GRID_TRADING
2026-02-11T01:55:14.433142,SUI,GRID_TRADING,BUY,0.932462,0.8858389,0.9382785714285714,0.5,STANDARD,,rejected,Grid already active for SUI,,,,,,
2026-02-11T01:55:14.518811,SUI,GRID_TRADING,BUY,0.932462,0.8858389,0.9382785714285714,0.5,STANDARD,,rejected,Grid already active for SUI,,,,,,
2026-02-11T01:55:14.658436,XRP,GRID_TRADING,BUY,1.4111,1.3405449999999999,1.42022,0.7,STANDARD,RANGING_CALM,generated,,,,,,,Generated from GRID_TRADING
2026-02-11T01:55:14.741241,XRP,GRID_TRADING,BUY,1.4111,1.3405449999999999,1.42022,0.7,STANDARD,RANGING_CALM,generated,,,,,,,Generated from GRID_TRADING
2026-02-11T01:55:15.435459,XRP,GRID_TRADING,BUY,1.4111,1.3405449999999999,1.42022,0.7,STANDARD,,rejected,Grid already active for XRP,,,,,,
2026-02-11T01:55:15.522207,XRP,GRID_TRADING,BUY,1.4111,1.3405449999999999,1.42022,0.7,STANDARD,,rejected,Grid already active for XRP,,,,,,
2026-02-11T13:39:28.257783,AVAX,GRID_TRADING,BUY,8.645843,8.515443202040816,8.889578015817904,0.6956051548833531,STANDARD,RANGING_CALM,generated,,,,,,,Generated from GRID_TRADING
2026-02-11T13:39:28.980671,AVAX,GRID_TRADING,BUY,8.645843,8.515443202040816,8.889578015817904,0.6956051548833531,STANDARD,,rejected,Grid already active for AVAX,,,,,,
2026-02-11T13:39:29.197961,BTC,VWAP_SCALPING,BUY,67445.721522,67414.971522,69057.92198276476,0.94,HIGH_CONVICTION,TRENDING_STRONG,generated,,,,,,,Generated from VWAP_SCALPING
2026-02-11T13:39:30.383836,BTC,VWAP_SCALPING,BUY,67445.721522,67414.971522,69057.92198276476,0.94,HIGH_CONVICTION,,failed,,"ERROR: '""success""'",,,,,Exception during signal coordination
2026-02-11T13:39:30.797774,ETH,VWAP_SCALPING,BUY,1960.853953,1959.686095857143,2028.7514052471345,0.7818060368687175,STANDARD,TRENDING_STRONG,generated,,,,,,,Generated from VWAP_SCALPING
2026-02-11T13:39:31.689803,ETH,VWAP_SCALPING,BUY,1960.853953,1959.686095857143,2028.7514052471345,0.7818060368687175,STANDARD,,failed,,"ERROR: '""success""'",,,,,Exception during signal coordination
2026-02-11T13:39:38.948775,DOGE,VWAP_SCALPING,BUY,0.090135,0.09006107142857143,0.0941114327127127,0.792918324031941,STANDARD,TRENDING_MODERATE,generated,,,,,,,Generated from VWAP_SCALPING
2026-02-11T13:40:12.816707,DOGE,VWAP_SCALPING,BUY,0.090135,0.09006107142857143,0.0941114327127127,0.792918324031941,STANDARD,,failed,,"ERROR: '""success""'",,,,,Exception during signal coordination
2026-02-11T13:40:13.058548,SOL,VWAP_SCALPING,BUY,81.482593,81.43223585714286,84.88595640742267,0.7491258722160666,STANDARD,TRENDING_STRONG,generated,,,,,,,Generated from VWAP_SCALPING
2026-02-11T13:40:13.980371,SOL,VWAP_SCALPING,BUY,81.482593,81.43223585714286,84.88595640742267,0.7491258722160666,STANDARD,,failed,,"ERROR: '""success""'",,,,,Exception during signal coordination
2026-02-11T13:40:45.273101,AVAX,GRID_TRADING,BUY,8.62394,8.192742999999998,8.675683639999999,0.5,STANDARD,RANGING_CALM,generated,,,,,,,Generated from GRID_TRADING
2026-02-11T13:40:46.287352,AVAX,GRID_TRADING,BUY,8.62394,8.192742999999998,8.675683639999999,0.5,STANDARD,,rejected,Grid already active for AVAX,,,,,,
2026-02-11T13:41:17.417421,AVAX,GRID_TRADING,BUY,8.619335,8.18836825,8.67105101,0.5,STANDARD,RANGING_CALM,generated,,,,,,,Generated from GRID_TRADING
2026-02-11T13:41:29.499777,AVAX,GRID_TRADING,BUY,8.619335,8.18836825,8.67105101,0.5,STANDARD,,rejected,Grid already active for AVAX,,,,,,
2026-02-11T13:42:01.383587,AVAX,GRID_TRADING,BUY,8.613316,8.1826502,8.664995895999999,0.5,STANDARD,RANGING_CALM,generated,,,,,,,Generated from GRID_TRADING
2026-02-11T13:42:02.138364,AVAX,GRID_TRADING,BUY,8.613316,8.1826502,8.664995895999999,0.5,STANDARD,,rejected,Grid already active for AVAX,,,,,,
2026-02-11T13:42:34.174896,AVAX,GRID_TRADING,BUY,8.610729,8.18019255,8.662393373999999,0.5,STANDARD,RANGING_CALM,generated,,,,,,,Generated from GRID_TRADING
2026-02-11T13:42:34.879854,AVAX,GRID_TRADING,BUY,8.610729,8.18019255,8.662393373999999,0.5,STANDARD,,rejected,Grid already active for AVAX,,,,,,
2026-02-11T13:43:06.160730,AVAX,GRID_TRADING,BUY,8.608969,8.17852055,8.660622814,0.5,STANDARD,RANGING_CALM,generated,,,,,,,Generated from GRID_TRADING
2026-02-11T13:43:06.914982,AVAX,GRID_TRADING,BUY,8.608969,8.17852055,8.660622814,0.5,STANDARD,,rejected,Grid already active for AVAX,,,,,,
2026-02-11T13:43:07.024211,LTC,VWAP_SCALPING,BUY,52.228882,52.108882,53.4544857205684,0.6243516673798578,STANDARD,RANGING_CALM,generated,,,,,,,Generated from VWAP_SCALPING
2026-02-11T13:43:07.914740,LTC,VWAP_SCALPING,BUY,52.228882,52.108882,53.4544857205684,0.6243516673798578,STANDARD,,failed,,"ERROR: '""success""'",,,,,Exception during signal coordination
2026-02-11T13:43:39.293856,AVAX,GRID_TRADING,BUY,8.600137,8.17013015,8.651737822,0.5,STANDARD,RANGING_CALM,generated,,,,,,,Generated from GRID_TRADING
2026-02-11T13:43:40.017532,AVAX,GRID_TRADING,BUY,8.600137,8.17013015,8.651737822,0.5,STANDARD,,rejected,Grid already active for AVAX,,,,,,
2026-02-11T13:43:40.312275,LINK,VWAP_SCALPING,BUY,8.2895,8.198964285714286,8.62917827507693,0.6212638376703955,STANDARD,TRENDING_STRONG,generated,,,,,,,Generated from VWAP_SCALPING
2026-02-11T13:43:41.219717,LINK,VWAP_SCALPING,BUY,8.2895,8.198964285714286,8.62917827507693,0.6212638376703955,STANDARD,,failed,,"ERROR: '""success""'",,,,,Exception during signal coordination
2026-02-11T13:44:13.042261,AVAX,GRID_TRADING,BUY,8.609137,8.17868015,8.660791822,0.5,STANDARD,RANGING_CALM,generated,,,,,,,Generated from GRID_TRADING
2026-02-11T13:44:13.755217,AVAX,GRID_TRADING,BUY,8.609137,8.17868015,8.660791822,0.5,STANDARD,,rejected,Grid already active for AVAX,,,,,,
2026-02-11T13:44:47.391662,AVAX,GRID_TRADING,BUY,8.608945,8.17849775,8.66059867,0.5,STANDARD,RANGING_CALM,generated,,,,,,,Generated from GRID_TRADING
2026-02-11T13:44:48.116149,AVAX,GRID_TRADING,BUY,8.608945,8.17849775,8.66059867,0.5,STANDARD,,rejected,Grid already active for AVAX,,,,,,
2026-02-11T13:45:20.086171,AVAX,GRID_TRADING,BUY,8.614458,8.1837351,8.666144748,0.5,STANDARD,RANGING_CALM,generated,,,,,,,Generated from GRID_TRADING
2026-02-11T13:45:21.078323,AVAX,GRID_TRADING,BUY,8.614458,8.1837351,8.666144748,0.5,STANDARD,,rejected,Grid already active for AVAX,,,,,,
2026-02-11T13:45:52.509575,AVAX,GRID_TRADING,BUY,8.619319,8.18835305,8.671034914000002,0.5,STANDARD,RANGING_CALM,generated,,,,,,,Generated from GRID_TRADING
2026-02-11T13:45:53.231221,AVAX,GRID_TRADING,BUY,8.619319,8.18835305,8.671034914000002,0.5,STANDARD,,rejected,Grid already active for AVAX,,,,,,
2026-02-11T13:46:25.055435,AVAX,GRID_TRADING,BUY,8.627654,8.1962713,8.679419924,0.5,STANDARD,RANGING_CALM,generated,,,,,,,Generated from GRID_TRADING
2026-02-11T13:46:25.814241,AVAX,GRID_TRADING,BUY,8.627654,8.1962713,8.679419924,0.5,STANDARD,,rejected,Grid already active for AVAX,,,,,,
2026-02-11T13:46:57.915715,AVAX,GRID_TRADING,BUY,8.627397,8.196027149999999,8.679161382,0.5,STANDARD,RANGING_CALM,generated,,,,,,,Generated from GRID_TRADING
2026-02-11T13:46:58.663900,AVAX,GRID_TRADING,BUY,8.627397,8.196027149999999,8.679161382,0.5,STANDARD,,rejected,Grid already active for AVAX,,,,,,
2026-02-11T13:47:29.995825,AVAX,GRID_TRADING,BUY,8.618749000000001,8.488736259183673,8.881790426103619,0.7075526114597784,STANDARD,RANGING_CALM,generated,,,,,,,Generated from GRID_TRADING
2026-02-11T13:47:30.991405,AVAX,GRID_TRADING,BUY,8.618749000000001,8.488736259183673,8.881790426103619,0.7075526114597784,STANDARD,,rejected,Grid already active for AVAX,,,,,,
2026-02-11T13:47:31.028126,BTC,VWAP_SCALPING,BUY,67269.222652,67257.43693771429,69051.65161411228,0.94,HIGH_CONVICTION,TRENDING_STRONG,generated,,,,,,,Generated from VWAP_SCALPING
2026-02-11T13:47:31.926252,BTC,VWAP_SCALPING,BUY,67269.222652,67257.43693771429,69051.65161411228,0.94,HIGH_CONVICTION,,failed,,"ERROR: '""success""'",,,,,Exception during signal coordination
2026-02-11T13:47:31.962663,ETH,VWAP_SCALPING,BUY,1957.587349,1956.687349,2028.558201577996,0.7922127887750069,STANDARD,TRENDING_MODERATE,generated,,,,,,,Generated from VWAP_SCALPING
2026-02-11T13:47:32.845500,ETH,VWAP_SCALPING,BUY,1957.587349,1956.687349,2028.558201577996,0.7922127887750069,STANDARD,,failed,,"ERROR: '""success""'",,,,,Exception during signal coordination
2026-02-11T13:48:03.909457,AVAX,GRID_TRADING,BUY,8.615468,8.1846946,8.667160808,0.5,STANDARD,RANGING_CALM,generated,,,,,,,Generated from GRID_TRADING
2026-02-11T13:48:04.636010,AVAX,GRID_TRADING,BUY,8.615468,8.1846946,8.667160808,0.5,STANDARD,,rejected,Grid already active for AVAX,,,,,,
2026-02-11T13:48:04.951375,DOGE,VWAP_SCALPING,BUY,0.089728,0.08965407142857143,0.0941114327127127,0.8151205752101768,HIGH_CONVICTION,TRENDING_MODERATE,generated,,,,,,,Generated from VWAP_SCALPING
2026-02-11T13:48:05.845304,DOGE,VWAP_SCALPING,BUY,0.089728,0.08965407142857143,0.0941114327127127,0.8151205752101768,HIGH_CONVICTION,,failed,,"ERROR: '""success""'",,,,,Exception during signal coordination
2026-02-11T13:48:37.435339,AVAX,GRID_TRADING,BUY,8.619269,8.188305549999999,8.670984614,0.5,STANDARD,RANGING_CALM,generated,,,,,,,Generated from GRID_TRADING
2026-02-11T13:48:38.193682,AVAX,GRID_TRADING,BUY,8.619269,8.188305549999999,8.670984614,0.5,STANDARD,,rejected,Grid already active for AVAX,,,,,,
2026-02-11T13:48:39.317662,SOL,VWAP_SCALPING,BUY,81.469193,81.41883585714287,84.88595640742267,0.7498075175210123,STANDARD,TRENDING_STRONG,generated,,,,,,,Generated from VWAP_SCALPING
2026-02-11T13:48:40.213555,SOL,VWAP_SCALPING,BUY,81.469193,81.41883585714287,84.88595640742267,0.7498075175210123,STANDARD,,failed,,"ERROR: '""success""'",,,,,Exception during signal coordination
2026-02-11T13:49:11.173272,AVAX,GRID_TRADING,BUY,8.617778,8.186889099999998,8.669484667999999,0.5,STANDARD,RANGING_CALM,generated,,,,,,,Generated from GRID_TRADING
2026-02-11T13:49:11.889923,AVAX,GRID_TRADING,BUY,8.617778,8.186889099999998,8.669484667999999,0.5,STANDARD,,rejected,Grid already active for AVAX,,,,,,
2026-02-11T13:49:43.462483,AVAX,GRID_TRADING,BUY,8.610637,8.18010515,8.662300822,0.5,STANDARD,RANGING_CALM,generated,,,,,,,Generated from GRID_TRADING
2026-02-11T13:49:44.171828,AVAX,GRID_TRADING,BUY,8.610637,8.18010515,8.662300822,0.5,STANDARD,,rejected,Grid already active for AVAX,,,,,,
2026-02-11T13:50:17.180804,AVAX,GRID_TRADING,BUY,8.613007,8.18235665,8.664685042,0.5,STANDARD,RANGING_CALM,generated,,,,,,,Generated from GRID_TRADING
2026-02-11T13:50:17.940299,AVAX,GRID_TRADING,BUY,8.613007,8.18235665,8.664685042,0.5,STANDARD,,rejected,Grid already active for AVAX,,,,,,
2026-02-11T13:50:50.691232,AVAX,GRID_TRADING,BUY,8.6158,8.18501,8.6674948,0.5,STANDARD,RANGING_CALM,generated,,,,,,,Generated from GRID_TRADING
2026-02-11T13:50:51.400556,AVAX,GRID_TRADING,BUY,8.6158,8.18501,8.6674948,0.5,STANDARD,,rejected,Grid already active for AVAX,,,,,,
2026-02-11T13:51:23.347696,AVAX,GRID_TRADING,BUY,8.601582,8.1715029,8.653191492000001,0.5,STANDARD,RANGING_CALM,generated,,,,,,,Generated from GRID_TRADING
2026-02-11T13:51:24.065646,AVAX,GRID_TRADING,BUY,8.601582,8.1715029,8.653191492000001,0.5,STANDARD,,rejected,Grid already active for AVAX,,,,,,
2026-02-11T13:51:55.430773,AVAX,GRID_TRADING,BUY,8.591041,8.16148895,8.642587246,0.5,STANDARD,RANGING_CALM,generated,,,,,,,Generated from GRID_TRADING
2026-02-11T13:51:56.212179,AVAX,GRID_TRADING,BUY,8.591041,8.16148895,8.642587246,0.5,STANDARD,,rejected,Grid already active for AVAX,,,,,,
2026-02-11T13:51:56.302486,LTC,VWAP_SCALPING,BUY,52.178353,52.058353000000004,53.40386153800987,0.7417774322018612,STANDARD,RANGING_CALM,generated,,,,,,,Generated from VWAP_SCALPING
2026-02-11T13:51:57.231511,LTC,VWAP_SCALPING,BUY,52.178353,52.058353000000004,53.40386153800987,0.7417774322018612,STANDARD,,failed,,"ERROR: '""success""'",,,,,Exception during signal coordination
2026-02-11T13:51:57.259809,LINK,VWAP_SCALPING,BUY,8.283261,8.193796714285714,8.628277644756094,0.6231009722230918,STANDARD,TRENDING_STRONG,generated,,,,,,,Generated from VWAP_SCALPING
2026-02-11T13:51:58.158238,LINK,VWAP_SCALPING,BUY,8.283261,8.193796714285714,8.628277644756094,0.6231009722230918,STANDARD,,failed,,"ERROR: '""success""'",,,,,Exception during signal coordination
2026-02-11T13:52:29.162439,AVAX,GRID_TRADING,BUY,8.589331,8.159864449999999,8.640866985999999,0.5,STANDARD,RANGING_CALM,generated,,,,,,,Generated from GRID_TRADING
2026-02-11T13:52:29.888528,AVAX,GRID_TRADING,BUY,8.589331,8.159864449999999,8.640866985999999,0.5,STANDARD,,rejected,Grid already active for AVAX,,,,,,
2026-02-11T13:53:02.212625,AVAX,GRID_TRADING,BUY,8.584946,8.1556987,8.636455676,0.5,STANDARD,RANGING_CALM,generated,,,,,,,Generated from GRID_TRADING
2026-02-11T13:53:02.926872,AVAX,GRID_TRADING,BUY,8.584946,8.1556987,8.636455676,0.5,STANDARD,,rejected,Grid already active for AVAX,,,,,,
2026-02-11T13:53:34.575789,AVAX,GRID_TRADING,BUY,8.594486,8.1647617,8.646052916,0.5,STANDARD,RANGING_CALM,generated,,,,,,,Generated from GRID_TRADING
2026-02-11T13:53:35.302285,AVAX,GRID_TRADING,BUY,8.594486,8.1647617,8.646052916,0.5,STANDARD,,rejected,Grid already active for AVAX,,,,,,
2026-02-11T13:54:07.182710,AVAX,GRID_TRADING,BUY,8.601847,8.171754649999999,8.653458082,0.5,STANDARD,RANGING_CALM,generated,,,,,,,Generated from GRID_TRADING
2026-02-11T13:54:07.886724,AVAX,GRID_TRADING,BUY,8.601847,8.171754649999999,8.653458082,0.5,STANDARD,,rejected,Grid already active for AVAX,,,,,,
2026-02-11T13:54:39.079364,AVAX,GRID_TRADING,BUY,8.600523,8.170496850000001,8.652126138000002,0.5,STANDARD,RANGING_CALM,generated,,,,,,,Generated from GRID_TRADING
2026-02-11T13:54:39.797568,AVAX,GRID_TRADING,BUY,8.600523,8.170496850000001,8.652126138000002,0.5,STANDARD,,rejected,Grid already active for AVAX,,,,,,
2026-02-11T13:55:11.754640,AVAX,GRID_TRADING,BUY,8.611304,8.1807388,8.662971824000001,0.5,STANDARD,RANGING_CALM,generated,,,,,,,Generated from GRID_TRADING
2026-02-11T13:55:12.504786,AVAX,GRID_TRADING,BUY,8.611304,8.1807388,8.662971824000001,0.5,STANDARD,,rejected,Grid already active for AVAX,,,,,,
2026-02-11T13:55:45.337655,BTC,MOMENTUM_SCALPING,SELL,67196.131783,67263.0151307421,67084.65953676318,0.65,STANDARD,RANGING_CALM,generated,,,,,,,Generated from MOMENTUM_SCALPING
2026-02-11T13:55:46.243396,BTC,MOMENTUM_SCALPING,SELL,67196.131783,67263.0151307421,67084.65953676318,0.65,STANDARD,,failed,,"ERROR: '""success""'",,,,,Exception during signal coordination
2026-02-11T13:56:01.670483,AVAX,GRID_TRADING,BUY,8.625162,8.495057644897958,8.883633705532189,0.7047247145444238,STANDARD,RANGING_CALM,generated,,,,,,,Generated from GRID_TRADING
2026-02-11T13:56:02.369409,AVAX,GRID_TRADING,BUY,8.625162,8.495057644897958,8.883633705532189,0.7047247145444238,STANDARD,,rejected,Grid already active for AVAX,,,,,,
2026-02-11T13:56:02.584347,XRP,VWAP_SCALPING,BUY,1.370492,1.369742,1.4204254742981572,0.94,HIGH_CONVICTION,RANGING_CALM,generated,,,,,,,Generated from VWAP_SCALPING
2026-02-11T13:56:03.473211,XRP,VWAP_SCALPING,BUY,1.370492,1.369742,1.4204254742981572,0.94,HIGH_CONVICTION,,failed,,"ERROR: '""success""'",,,,,Exception during signal coordination
2026-02-11T13:56:34.957524,DOGE,VWAP_SCALPING,BUY,0.089881,0.08980707142857143,0.0941114327127127,0.8067742743987024,HIGH_CONVICTION,TRENDING_MODERATE,generated,,,,,,,Generated from VWAP_SCALPING
2026-02-11T13:56:35.880721,DOGE,VWAP_SCALPING,BUY,0.089881,0.08980707142857143,0.0941114327127127,0.8067742743987024,HIGH_CONVICTION,,failed,,"ERROR: '""success""'",,,,,Exception during signal coordination
2026-02-11T13:56:35.963377,AVAX,GRID_TRADING,BUY,8.628762,8.197323899999999,8.680534572000001,0.5,STANDARD,RANGING_CALM,generated,,,,,,,Generated from GRID_TRADING
2026-02-11T13:56:36.685180,AVAX,GRID_TRADING,BUY,8.628762,8.197323899999999,8.680534572000001,0.5,STANDARD,,rejected,Grid already active for AVAX,,,,,,
2026-02-11T13:56:36.717311,XRP,GRID_TRADING,BUY,1.371213,1.30265235,1.379440278,0.7,STANDARD,RANGING_CALM,generated,,,,,,,Generated from GRID_TRADING
2026-02-11T13:56:37.436532,XRP,GRID_TRADING,BUY,1.371213,1.30265235,1.379440278,0.7,STANDARD,,rejected,Grid already active for XRP,,,,,,
2026-02-11T13:57:08.488056,AVAX,GRID_TRADING,BUY,8.623528,8.1923516,8.675269168,0.5,STANDARD,RANGING_CALM,generated,,,,,,,Generated from GRID_TRADING
2026-02-11T13:57:09.240818,AVAX,GRID_TRADING,BUY,8.623528,8.1923516,8.675269168,0.5,STANDARD,,rejected,Grid already active for AVAX,,,,,,
2026-02-11T13:57:09.267534,XRP,GRID_TRADING,BUY,1.372018,1.3034170999999999,1.380250108,0.7,STANDARD,RANGING_CALM,generated,,,,,,,Generated from GRID_TRADING
2026-02-11T13:57:09.986362,XRP,GRID_TRADING,BUY,1.372018,1.3034170999999999,1.380250108,0.7,STANDARD,,rejected,Grid already active for XRP,,,,,,
2026-02-11T13:57:10.016810,SOL,VWAP_SCALPING,BUY,81.509416,81.45905885714286,84.88595640742267,0.7477614116179638,STANDARD,TRENDING_STRONG,generated,,,,,,,Generated from VWAP_SCALPING
2026-02-11T13:57:10.909909,SOL,VWAP_SCALPING,BUY,81.509416,81.45905885714286,84.88595640742267,0.7477614116179638,STANDARD,,failed,,"ERROR: '""success""'",,,,,Exception during signal coordination
2026-02-11T13:57:42.318861,BTC,VWAP_SCALPING,BUY,67284.022087,66757.522087,69047.21415266601,0.94,HIGH_CONVICTION,RANGING_CALM,generated,,,,,,,Generated from VWAP_SCALPING
2026-02-11T13:57:43.188074,BTC,VWAP_SCALPING,BUY,67284.022087,66757.522087,69047.21415266601,0.94,HIGH_CONVICTION,,failed,,"ERROR: '""success""'",,,,,Exception during signal coordination
2026-02-11T13:57:44.191612,AVAX,GRID_TRADING,BUY,8.630357,8.19883915,8.682139142,0.5,STANDARD,RANGING_CALM,generated,,,,,,,Generated from GRID_TRADING
2026-02-11T13:57:44.907031,AVAX,GRID_TRADING,BUY,8.630357,8.19883915,8.682139142,0.5,STANDARD,,rejected,Grid already active for AVAX,,,,,,
2026-02-11T13:57:44.939667,XRP,GRID_TRADING,BUY,1.372688,1.3040535999999998,1.380924128,0.7,STANDARD,RANGING_CALM,generated,,,,,,,Generated from GRID_TRADING
2026-02-11T13:57:45.659910,XRP,GRID_TRADING,BUY,1.372688,1.3040535999999998,1.380924128,0.7,STANDARD,,rejected,Grid already active for XRP,,,,,,
2026-02-11T13:58:17.246174,AVAX,GRID_TRADING,BUY,8.639401,8.20743095,8.691237405999999,0.5,STANDARD,RANGING_CALM,generated,,,,,,,Generated from GRID_TRADING
2026-02-11T13:58:17.993037,AVAX,GRID_TRADING,BUY,8.639401,8.20743095,8.691237405999999,0.5,STANDARD,,rejected,Grid already active for AVAX,,,,,,
2026-02-11T13:58:18.211458,XRP,GRID_TRADING,BUY,1.374687,1.3059526499999998,1.382935122,0.7,STANDARD,RANGING_CALM,generated,,,,,,,Generated from GRID_TRADING
2026-02-11T13:58:18.968713,XRP,GRID_TRADING,BUY,1.374687,1.3059526499999998,1.382935122,0.7,STANDARD,,rejected,Grid already active for XRP,,,,,,
2026-02-11T13:58:50.237598,AVAX,GRID_TRADING,BUY,8.640674,8.2086403,8.692518044,0.5,STANDARD,RANGING_CALM,generated,,,,,,,Generated from GRID_TRADING
2026-02-11T13:58:50.985205,AVAX,GRID_TRADING,BUY,8.640674,8.2086403,8.692518044,0.5,STANDARD,,rejected,Grid already active for AVAX,,,,,,
2026-02-11T13:58:51.012925,XRP,GRID_TRADING,BUY,1.375902,1.3071069,1.384157412,0.7,STANDARD,RANGING_CALM,generated,,,,,,,Generated from GRID_TRADING
2026-02-11T13:58:51.707107,XRP,GRID_TRADING,BUY,1.375902,1.3071069,1.384157412,0.7,STANDARD,,rejected,Grid already active for XRP,,,,,,
2026-02-11T13:59:23.065023,AVAX,GRID_TRADING,BUY,8.652132,8.2195254,8.704044792,0.5,STANDARD,RANGING_CALM,generated,,,,,,,Generated from GRID_TRADING
2026-02-11T13:59:24.047997,AVAX,GRID_TRADING,BUY,8.652132,8.2195254,8.704044792,0.5,STANDARD,,rejected,Grid already active for AVAX,,,,,,
2026-02-11T13:59:24.077373,XRP,GRID_TRADING,BUY,1.375396,1.3066262,1.383648376,0.7,STANDARD,RANGING_CALM,generated,,,,,,,Generated from GRID_TRADING
2026-02-11T13:59:24.777758,XRP,GRID_TRADING,BUY,1.375396,1.3066262,1.383648376,0.7,STANDARD,,rejected,Grid already active for XRP,,,,,,
2026-02-11T13:59:57.253763,AVAX,GRID_TRADING,BUY,8.656028,8.223226599999998,8.707964167999998,0.5,STANDARD,RANGING_CALM,generated,,,,,,,Generated from GRID_TRADING
2026-02-11T13:59:57.967464,AVAX,GRID_TRADING,BUY,8.656028,8.223226599999998,8.707964167999998,0.5,STANDARD,,rejected,Grid already active for AVAX,,,,,,
2026-02-11T13:59:57.995283,XRP,GRID_TRADING,BUY,1.375104,1.3063488,1.383354624,0.7,STANDARD,RANGING_CALM,generated,,,,,,,Generated from GRID_TRADING
2026-02-11T13:59:58.703265,XRP,GRID_TRADING,BUY,1.375104,1.3063488,1.383354624,0.7,STANDARD,,rejected,Grid already active for XRP,,,,,,
2026-02-11T14:00:30.048705,AVAX,GRID_TRADING,BUY,8.660316,8.2273002,8.712277896,0.5,STANDARD,RANGING_CALM,generated,,,,,,,Generated from GRID_TRADING
2026-02-11T14:00:30.800134,AVAX,GRID_TRADING,BUY,8.660316,8.2273002,8.712277896,0.5,STANDARD,,rejected,Grid already active for AVAX,,,,,,
2026-02-11T14:00:31.014982,XRP,GRID_TRADING,BUY,1.377183,1.30832385,1.385446098,0.7,STANDARD,RANGING_CALM,generated,,,,,,,Generated from GRID_TRADING
2026-02-11T14:00:31.766055,XRP,GRID_TRADING,BUY,1.377183,1.30832385,1.385446098,0.7,STANDARD,,rejected,Grid already active for XRP,,,,,,
2026-02-11T14:01:04.382463,AVAX,GRID_TRADING,BUY,8.669109,8.23565355,8.721123654000001,0.5,STANDARD,RANGING_CALM,generated,,,,,,,Generated from GRID_TRADING
2026-02-11T14:01:05.141841,AVAX,GRID_TRADING,BUY,8.669109,8.23565355,8.721123654000001,0.5,STANDARD,,rejected,Grid already active for AVAX,,,,,,
2026-02-11T14:01:05.394067,ETH,VWAP_SCALPING,BUY,1960.801163,1960.6940201428574,2026.563915872002,0.7847681666642666,STANDARD,TRENDING_MODERATE,generated,,,,,,,Generated from VWAP_SCALPING
2026-02-11T14:01:06.282138,ETH,VWAP_SCALPING,BUY,1960.801163,1960.6940201428574,2026.563915872002,0.7847681666642666,STANDARD,,failed,,"ERROR: '""success""'",,,,,Exception during signal coordination
2026-02-11T14:01:38.148536,AVAX,GRID_TRADING,BUY,8.680104,8.2460988,8.732184624,0.5,STANDARD,RANGING_CALM,generated,,,,,,,Generated from GRID_TRADING
2026-02-11T14:01:38.858229,AVAX,GRID_TRADING,BUY,8.680104,8.2460988,8.732184624,0.5,STANDARD,,rejected,Grid already active for AVAX,,,,,,
2026-02-11T14:02:10.533864,AVAX,GRID_TRADING,BUY,8.693002,8.2583519,8.745160012,0.5,STANDARD,RANGING_CALM,generated,,,,,,,Generated from GRID_TRADING
2026-02-11T14:02:11.263180,AVAX,GRID_TRADING,BUY,8.693002,8.2583519,8.745160012,0.5,STANDARD,,rejected,Grid already active for AVAX,,,,,,
2026-02-11T14:02:43.200502,AVAX,GRID_TRADING,BUY,8.698804,8.263863800000001,8.750996824000001,0.5,STANDARD,RANGING_CALM,generated,,,,,,,Generated from GRID_TRADING
2026-02-11T14:02:43.922552,AVAX,GRID_TRADING,BUY,8.698804,8.263863800000001,8.750996824000001,0.5,STANDARD,,rejected,Grid already active for AVAX,,,,,,
2026-02-11T14:03:15.212422,AVAX,GRID_TRADING,BUY,8.710388,8.2748686,8.762650328,0.5,STANDARD,RANGING_CALM,generated,,,,,,,Generated from GRID_TRADING
2026-02-11T14:03:16.209910,AVAX,GRID_TRADING,BUY,8.710388,8.2748686,8.762650328,0.5,STANDARD,,rejected,Grid already active for AVAX,,,,,,
2026-02-11T14:03:47.625008,AVAX,GRID_TRADING,BUY,8.7281,8.291694999999999,8.780468599999999,0.5,STANDARD,RANGING_CALM,generated,,,,,,,Generated from GRID_TRADING
2026-02-11T14:03:48.616735,AVAX,GRID_TRADING,BUY,8.7281,8.291694999999999,8.780468599999999,0.5,STANDARD,,rejected,Grid already active for AVAX,,,,,,
2026-02-11T14:04:20.594542,AVAX,GRID_TRADING,BUY,8.723319,8.591812402040816,8.911846831817904,0.5900125196135201,STANDARD,RANGING_CALM,generated,,,,,,,Generated from GRID_TRADING
2026-02-11T14:04:21.313205,AVAX,GRID_TRADING,BUY,8.723319,8.591812402040816,8.911846831817904,0.5900125196135201,STANDARD,,rejected,Grid already active for AVAX,,,,,,
2026-02-11T14:04:53.292922,AVAX,GRID_TRADING,BUY,8.73188,8.295285999999999,8.78427128,0.5,STANDARD,RANGING_CALM,generated,,,,,,,Generated from GRID_TRADING
2026-02-11T14:04:54.014241,AVAX,GRID_TRADING,BUY,8.73188,8.295285999999999,8.78427128,0.5,STANDARD,,rejected,Grid already active for AVAX,,,,,,
2026-02-11T14:04:54.141077,DOGE,VWAP_SCALPING,BUY,0.090941,0.09086707142857142,0.0941114327127127,0.7489502295610377,STANDARD,TRENDING_MODERATE,generated,,,,,,,Generated from VWAP_SCALPING
2026-02-11T14:04:55.026217,DOGE,VWAP_SCALPING,BUY,0.090941,0.09086707142857142,0.0941114327127127,0.7489502295610377,STANDARD,,failed,,"ERROR: '""success""'",,,,,Exception during signal coordination
2026-02-11T14:05:26.441728,AVAX,GRID_TRADING,BUY,8.729343,8.29287585,8.781719058,0.5,STANDARD,RANGING_CALM,generated,,,,,,,Generated from GRID_TRADING
2026-02-11T14:05:27.239101,AVAX,GRID_TRADING,BUY,8.729343,8.29287585,8.781719058,0.5,STANDARD,,rejected,Grid already active for AVAX,,,,,,
2026-02-11T14:05:27.406128,SOL,VWAP_SCALPING,BUY,81.959074,81.90871685714286,84.88595640742267,0.6248877351603901,STANDARD,TRENDING_STRONG,generated,,,,,,,Generated from VWAP_SCALPING
2026-02-11T14:05:28.601966,SOL,VWAP_SCALPING,BUY,81.959074,81.90871685714286,84.88595640742267,0.6248877351603901,STANDARD,,failed,,"ERROR: '""success""'",,,,,Exception during signal coordination
2026-02-11T14:06:00.085396,AVAX,GRID_TRADING,BUY,8.74867,8.3112365,8.801162020000001,0.5,STANDARD,RANGING_CALM,generated,,,,,,,Generated from GRID_TRADING
2026-02-11T14:06:00.791934,AVAX,GRID_TRADING,BUY,8.74867,8.3112365,8.801162020000001,0.5,STANDARD,,rejected,Grid already active for AVAX,,,,,,
2026-02-11T14:06:00.824934,BTC,VWAP_SCALPING,BUY,67866.458,67865.06514285714,69041.95955362378,0.9211939462616752,HIGH_CONVICTION,RANGING_CALM,generated,,,,,,,Generated from VWAP_SCALPING
2026-02-11T14:06:01.742701,BTC,VWAP_SCALPING,BUY,67866.458,67865.06514285714,69041.95955362378,0.9211939462616752,HIGH_CONVICTION,,failed,,"ERROR: '""success""'",,,,,Exception during signal coordination
2026-02-11T14:06:35.035206,AVAX,GRID_TRADING,BUY,8.725596,8.289316199999998,8.777949576,0.5,STANDARD,RANGING_CALM,generated,,,,,,,Generated from GRID_TRADING
2026-02-11T14:06:35.746501,AVAX,GRID_TRADING,BUY,8.725596,8.289316199999998,8.777949576,0.5,STANDARD,,rejected,Grid already active for AVAX,,,,,,
2026-02-11T14:07:12.407174,AVAX,GRID_TRADING,BUY,8.7698,8.33131,8.8224188,0.5,STANDARD,RANGING_CALM,generated,,,,,,,Generated from GRID_TRADING
2026-02-11T14:07:13.127386,AVAX,GRID_TRADING,BUY,8.7698,8.33131,8.8224188,0.5,STANDARD,,rejected,Grid already active for AVAX,,,,,,
2026-02-11T14:07:44.417021,AVAX,GRID_TRADING,BUY,8.798854,8.3589113,8.851647124000001,0.5,STANDARD,RANGING_CALM,generated,,,,,,,Generated from GRID_TRADING
2026-02-11T14:07:45.432311,AVAX,GRID_TRADING,BUY,8.798854,8.3589113,8.851647124000001,0.5,STANDARD,,rejected,Grid already active for AVAX,,,,,,
2026-02-11T14:08:16.549999,AVAX,GRID_TRADING,BUY,8.774055,8.33535225,8.82669933,0.5,STANDARD,RANGING_CALM,generated,,,,,,,Generated from GRID_TRADING
2026-02-11T14:08:17.541265,AVAX,GRID_TRADING,BUY,8.774055,8.33535225,8.82669933,0.5,STANDARD,,rejected,Grid already active for AVAX,,,,,,
2026-02-11T14:08:49.206880,AVAX,GRID_TRADING,BUY,8.78325,8.3440875,8.8359495,0.5,STANDARD,RANGING_CALM,generated,,,,,,,Generated from GRID_TRADING
2026-02-11T14:08:49.920902,AVAX,GRID_TRADING,BUY,8.78325,8.3440875,8.8359495,0.5,STANDARD,,rejected,Grid already active for AVAX,,,,,,
2026-02-11T14:09:21.823820,AVAX,GRID_TRADING,BUY,8.77442,8.335698999999998,8.827066519999999,0.5,STANDARD,RANGING_CALM,generated,,,,,,,Generated from GRID_TRADING
2026-02-11T14:09:22.810165,AVAX,GRID_TRADING,BUY,8.77442,8.335698999999998,8.827066519999999,0.5,STANDARD,,rejected,Grid already active for AVAX,,,,,,
2026-02-11T14:09:54.355815,AVAX,GRID_TRADING,BUY,8.774423,8.33570185,8.827069538,0.5,STANDARD,RANGING_CALM,generated,,,,,,,Generated from GRID_TRADING
2026-02-11T14:09:55.076005,AVAX,GRID_TRADING,BUY,8.774423,8.33570185,8.827069538,0.5,STANDARD,,rejected,Grid already active for AVAX,,,,,,
2026-02-11T14:09:55.146190,ETH,VWAP_SCALPING,BUY,1980.079581,1980.0581524285715,2001.576915788043,0.6342277613562832,STANDARD,TRENDING_MODERATE,generated,,,,,,,Generated from VWAP_SCALPING
2026-02-11T14:09:56.022032,ETH,VWAP_SCALPING,BUY,1980.079581,1980.0581524285715,2001.576915788043,0.6342277613562832,STANDARD,,failed,,"ERROR: '""success""'",,,,,Exception during signal coordination
2026-02-11T14:10:27.332121,AVAX,GRID_TRADING,BUY,8.796471,8.35664745,8.849249826000001,0.5,STANDARD,RANGING_CALM,generated,,,,,,,Generated from GRID_TRADING
2026-02-11T14:10:28.320958,AVAX,GRID_TRADING,BUY,8.796471,8.35664745,8.849249826000001,0.5,STANDARD,,rejected,Grid already active for AVAX,,,,,,
2026-02-11T14:11:00.339824,AVAX,GRID_TRADING,BUY,8.8457,8.403415,8.8987742,0.5,STANDARD,RANGING_CALM,generated,,,,,,,Generated from GRID_TRADING
2026-02-11T14:11:01.064963,AVAX,GRID_TRADING,BUY,8.8457,8.403415,8.8987742,0.5,STANDARD,,rejected,Grid already active for AVAX,,,,,,
2026-02-11T14:11:33.414811,AVAX,GRID_TRADING,BUY,8.837082,8.3952279,8.890104492,0.5,STANDARD,RANGING_CALM,generated,,,,,,,Generated from GRID_TRADING
2026-02-11T14:11:34.137272,AVAX,GRID_TRADING,BUY,8.837082,8.3952279,8.890104492,0.5,STANDARD,,rejected,Grid already active for AVAX,,,,,,
2026-02-11T14:12:07.021046,AVAX,GRID_TRADING,BUY,8.83844,8.396518,8.89147064,0.5,STANDARD,RANGING_CALM,generated,,,,,,,Generated from GRID_TRADING
2026-02-11T14:12:07.729944,AVAX,GRID_TRADING,BUY,8.83844,8.396518,8.89147064,0.5,STANDARD,,rejected,Grid already active for AVAX,,,,,,
2026-02-11T14:12:39.447008,AVAX,GRID_TRADING,BUY,8.832192,8.3905824,8.885185152,0.5,STANDARD,RANGING_CALM,generated,,,,,,,Generated from GRID_TRADING
2026-02-11T14:12:40.153583,AVAX,GRID_TRADING,BUY,8.832192,8.3905824,8.885185152,0.5,STANDARD,,rejected,Grid already active for AVAX,,,,,,
2026-02-11T14:13:12.065765,AVAX,GRID_TRADING,BUY,8.83128,8.389716,8.884267679999999,0.5,STANDARD,RANGING_CALM,generated,,,,,,,Generated from GRID_TRADING
2026-02-11T14:13:12.802157,AVAX,GRID_TRADING,BUY,8.83128,8.389716,8.884267679999999,0.5,STANDARD,,rejected,Grid already active for AVAX,,,,,,
2026-02-11T14:13:44.692375,AVAX,GRID_TRADING,BUY,8.835891,8.39409645,8.888906346,0.5,STANDARD,RANGING_CALM,generated,,,,,,,Generated from GRID_TRADING
2026-02-11T14:13:45.725025,AVAX,GRID_TRADING,BUY,8.835891,8.39409645,8.888906346,0.5,STANDARD,,rejected,Grid already active for AVAX,,,,,,
2026-02-11T14:14:17.012258,AVAX,GRID_TRADING,BUY,8.834255,8.39254225,8.88726053,0.5,STANDARD,RANGING_CALM,generated,,,,,,,Generated from GRID_TRADING
2026-02-11T14:14:17.728969,AVAX,GRID_TRADING,BUY,8.834255,8.39254225,8.88726053,0.5,STANDARD,,rejected,Grid already active for AVAX,,,,,,
2026-02-11T14:14:48.826173,AVAX,GRID_TRADING,BUY,8.829744,8.388256799999999,8.882722464,0.5,STANDARD,RANGING_CALM,generated,,,,,,,Generated from GRID_TRADING
2026-02-11T14:14:49.534439,AVAX,GRID_TRADING,BUY,8.829744,8.388256799999999,8.882722464,0.5,STANDARD,,rejected,Grid already active for AVAX,,,,,,
2026-02-11T14:15:21.531179,AVAX,GRID_TRADING,BUY,8.85102,8.408469,8.90412612,0.5,STANDARD,RANGING_CALM,generated,,,,,,,Generated from GRID_TRADING
2026-02-11T14:15:22.248258,AVAX,GRID_TRADING,BUY,8.85102,8.408469,8.90412612,0.5,STANDARD,,rejected,Grid already active for AVAX,,,,,,
2026-02-11T14:15:54.147245,AVAX,GRID_TRADING,BUY,8.843093,8.400938349999999,8.896151558,0.5,STANDARD,RANGING_CALM,generated,,,,,,,Generated from GRID_TRADING
2026-02-11T14:15:55.128144,AVAX,GRID_TRADING,BUY,8.843093,8.400938349999999,8.896151558,0.5,STANDARD,,rejected,Grid already active for AVAX,,,,,,
2026-02-11T14:16:26.411416,AVAX,GRID_TRADING,BUY,8.826335,8.38501825,8.87929301,0.5,STANDARD,RANGING_CALM,generated,,,,,,,Generated from GRID_TRADING
2026-02-11T14:16:27.398366,AVAX,GRID_TRADING,BUY,8.826335,8.38501825,8.87929301,0.5,STANDARD,,rejected,Grid already active for AVAX,,,,,,
2026-02-11T14:16:27.428818,BTC,VWAP_SCALPING,BUY,68325.325565,68014.825565,68601.3657339152,0.7461283194910414,STANDARD,RANGING_CALM,generated,,,,,,,Generated from VWAP_SCALPING
2026-02-11T14:16:28.319126,BTC,VWAP_SCALPING,BUY,68325.325565,68014.825565,68601.3657339152,0.7461283194910414,STANDARD,,failed,,"ERROR: '""success""'",,,,,Exception during signal coordination
2026-02-11T14:16:59.543917,AVAX,GRID_TRADING,BUY,8.832466,8.3908427,8.885460796,0.5,STANDARD,RANGING_CALM,generated,,,,,,,Generated from GRID_TRADING
2026-02-11T14:17:00.520181,AVAX,GRID_TRADING,BUY,8.832466,8.3908427,8.885460796,0.5,STANDARD,,rejected,Grid already active for AVAX,,,,,,
2026-02-11T14:17:33.829768,AVAX,GRID_TRADING,BUY,8.81776,8.376871999999999,8.87066656,0.5,STANDARD,RANGING_CALM,generated,,,,,,,Generated from GRID_TRADING
2026-02-11T14:17:34.553610,AVAX,GRID_TRADING,BUY,8.81776,8.376871999999999,8.87066656,0.5,STANDARD,,rejected,Grid already active for AVAX,,,,,,
2026-02-11T14:18:37.687076,AVAX,GRID_TRADING,BUY,8.826631,8.38529945,8.879590786000001,0.5,STANDARD,RANGING_CALM,generated,,,,,,,Generated from GRID_TRADING
2026-02-11T14:18:38.393890,AVAX,GRID_TRADING,BUY,8.826631,8.38529945,8.879590786000001,0.5,STANDARD,,rejected,Grid already active for AVAX,,,,,,
2026-02-11T14:19:09.580495,AVAX,GRID_TRADING,BUY,8.838472,8.396548399999999,8.891502831999999,0.5,STANDARD,RANGING_CALM,generated,,,,,,,Generated from GRID_TRADING
2026-02-11T14:19:10.292187,AVAX,GRID_TRADING,BUY,8.838472,8.396548399999999,8.891502831999999,0.5,STANDARD,,rejected,Grid already active for AVAX,,,,,,
2026-02-11T14:19:41.939684,AVAX,GRID_TRADING,BUY,8.83632,8.394504,8.889337920000001,0.5,STANDARD,RANGING_CALM,generated,,,,,,,Generated from GRID_TRADING
2026-02-11T14:19:42.666726,AVAX,GRID_TRADING,BUY,8.83632,8.394504,8.889337920000001,0.5,STANDARD,,rejected,Grid already active for AVAX,,,,,,
2026-02-11T14:20:14.400647,AVAX,GRID_TRADING,BUY,8.824618,8.383387099999998,8.877565707999999,0.5,STANDARD,RANGING_CALM,generated,,,,,,,Generated from GRID_TRADING
2026-02-11T14:20:15.163680,AVAX,GRID_TRADING,BUY,8.824618,8.383387099999998,8.877565707999999,0.5,STANDARD,,rejected,Grid already active for AVAX,,,,,,
2026-02-11T14:20:46.698640,AVAX,GRID_TRADING,BUY,8.81934,8.378373,8.87225604,0.5,STANDARD,RANGING_CALM,generated,,,,,,,Generated from GRID_TRADING
2026-02-11T14:20:47.465159,AVAX,GRID_TRADING,BUY,8.81934,8.378373,8.87225604,0.5,STANDARD,,rejected,Grid already active for AVAX,,,,,,
2026-02-11T14:21:18.566760,AVAX,GRID_TRADING,BUY,8.79758,8.357700999999999,8.85036548,0.5,STANDARD,RANGING_CALM,generated,,,,,,,Generated from GRID_TRADING
2026-02-11T14:21:19.276132,AVAX,GRID_TRADING,BUY,8.79758,8.357700999999999,8.85036548,0.5,STANDARD,,rejected,Grid already active for AVAX,,,,,,
2026-02-11T14:21:51.215593,AVAX,GRID_TRADING,BUY,8.79178,8.352191,8.84453068,0.5,STANDARD,RANGING_CALM,generated,,,,,,,Generated from GRID_TRADING
2026-02-11T14:21:51.931269,AVAX,GRID_TRADING,BUY,8.79178,8.352191,8.84453068,0.5,STANDARD,,rejected,Grid already active for AVAX,,,,,,
2026-02-11T14:21:52.427840,DOGE,VWAP_SCALPING,BUY,0.091431,0.09135707142857143,0.0941114327127127,0.6222202465700414,STANDARD,TRENDING_MODERATE,generated,,,,,,,Generated from VWAP_SCALPING
2026-02-11T14:21:53.658472,DOGE,VWAP_SCALPING,BUY,0.091431,0.09135707142857143,0.0941114327127127,0.6222202465700414,STANDARD,,failed,,"ERROR: '""success""'",,,,,Exception during signal coordination
2026-02-11T14:22:24.770277,AVAX,GRID_TRADING,BUY,8.7842,8.34499,8.8369052,0.5,STANDARD,RANGING_CALM,generated,,,,,,,Generated from GRID_TRADING
2026-02-11T14:22:25.802564,AVAX,GRID_TRADING,BUY,8.7842,8.34499,8.8369052,0.5,STANDARD,,rejected,Grid already active for AVAX,,,,,,
2026-02-11T14:22:58.586893,AVAX,GRID_TRADING,BUY,8.756128,8.318321599999999,8.808664768,0.5,STANDARD,RANGING_CALM,generated,,,,,,,Generated from GRID_TRADING
2026-02-11T14:22:59.340317,AVAX,GRID_TRADING,BUY,8.756128,8.318321599999999,8.808664768,0.5,STANDARD,,rejected,Grid already active for AVAX,,,,,,
2026-02-11T14:23:31.076880,AVAX,GRID_TRADING,BUY,8.74966,8.312177,8.80215796,0.5,STANDARD,RANGING_CALM,generated,,,,,,,Generated from GRID_TRADING
2026-02-11T14:23:31.786962,AVAX,GRID_TRADING,BUY,8.74966,8.312177,8.80215796,0.5,STANDARD,,rejected,Grid already active for AVAX,,,,,,
2026-02-11T14:24:03.649237,AVAX,GRID_TRADING,BUY,8.747438,8.3100661,8.799922628000001,0.5,STANDARD,RANGING_CALM,generated,,,,,,,Generated from GRID_TRADING
2026-02-11T14:24:04.377269,AVAX,GRID_TRADING,BUY,8.747438,8.3100661,8.799922628000001,0.5,STANDARD,,rejected,Grid already active for AVAX,,,,,,
2026-02-11T14:24:04.875046,SOL,VWAP_SCALPING,BUY,82.026399,81.97604185714286,84.88595640742267,0.6214629761935618,STANDARD,TRENDING_STRONG,generated,,,,,,,Generated from VWAP_SCALPING
2026-02-11T14:24:05.834375,SOL,VWAP_SCALPING,BUY,82.026399,81.97604185714286,84.88595640742267,0.6214629761935618,STANDARD,,failed,,"ERROR: '""success""'",,,,,Exception during signal coordination
2026-02-11T14:24:36.771247,AVAX,GRID_TRADING,BUY,8.74193,8.304833499999999,8.79438158,0.5,STANDARD,RANGING_CALM,generated,,,,,,,Generated from GRID_TRADING
2026-02-11T14:24:37.799783,AVAX,GRID_TRADING,BUY,8.74193,8.304833499999999,8.79438158,0.5,STANDARD,,rejected,Grid already active for AVAX,,,,,,
2026-02-11T14:24:37.832005,BTC,VWAP_SCALPING,BUY,68002.023478,67364.523478,68600.72525259807,0.94,HIGH_CONVICTION,TRENDING_STRONG,generated,,,,,,,Generated from VWAP_SCALPING
2026-02-11T14:24:38.992878,BTC,VWAP_SCALPING,BUY,68002.023478,67364.523478,68600.72525259807,0.94,HIGH_CONVICTION,,failed,,"ERROR: '""success""'",,,,,Exception during signal coordination
2026-02-11T14:25:10.749615,AVAX,GRID_TRADING,BUY,8.740196,8.303186199999999,8.792637176,0.5,STANDARD,RANGING_CALM,generated,,,,,,,Generated from GRID_TRADING
2026-02-11T14:25:11.468933,AVAX,GRID_TRADING,BUY,8.740196,8.303186199999999,8.792637176,0.5,STANDARD,,rejected,Grid already active for AVAX,,,,,,
2026-02-11T14:25:42.865048,AVAX,GRID_TRADING,BUY,8.745479,8.30820505,8.797951873999999,0.5,STANDARD,RANGING_CALM,generated,,,,,,,Generated from GRID_TRADING
2026-02-11T14:25:43.893202,AVAX,GRID_TRADING,BUY,8.745479,8.30820505,8.797951873999999,0.5,STANDARD,,rejected,Grid already active for AVAX,,,,,,
2026-02-11T14:26:15.725615,AVAX,GRID_TRADING,BUY,8.747754,8.3103663,8.800240524000001,0.5,STANDARD,RANGING_CALM,generated,,,,,,,Generated from GRID_TRADING
2026-02-11T14:26:16.505907,AVAX,GRID_TRADING,BUY,8.747754,8.3103663,8.800240524000001,0.5,STANDARD,,rejected,Grid already active for AVAX,,,,,,
2026-02-11T14:26:48.283142,AVAX,GRID_TRADING,BUY,8.74172,8.304634,8.794170320000001,0.5,STANDARD,RANGING_CALM,generated,,,,,,,Generated from GRID_TRADING
2026-02-11T14:26:49.068050,AVAX,GRID_TRADING,BUY,8.74172,8.304634,8.794170320000001,0.5,STANDARD,,rejected,Grid already active for AVAX,,,,,,
2026-02-11T14:27:20.626933,AVAX,GRID_TRADING,BUY,8.7469,8.309555,8.7993814,0.5,STANDARD,RANGING_CALM,generated,,,,,,,Generated from GRID_TRADING
2026-02-11T14:27:21.361187,AVAX,GRID_TRADING,BUY,8.7469,8.309555,8.7993814,0.5,STANDARD,,rejected,Grid already active for AVAX,,,,,,
2026-02-11T14:27:53.207090,AVAX,GRID_TRADING,BUY,8.74944,8.311968,8.80193664,0.5,STANDARD,RANGING_CALM,generated,,,,,,,Generated from GRID_TRADING
2026-02-11T14:27:53.938643,AVAX,GRID_TRADING,BUY,8.74944,8.311968,8.80193664,0.5,STANDARD,,rejected,Grid already active for AVAX,,,,,,
2026-02-11T14:27:53.967828,BTC,MOMENTUM_SCALPING,SELL,68027.073696,68099.13966900337,67906.96374099438,0.7000000000000001,STANDARD,TRENDING_STRONG,generated,,,,,,,Generated from MOMENTUM_SCALPING
2026-02-11T14:27:54.867905,BTC,MOMENTUM_SCALPING,SELL,68027.073696,68099.13966900337,67906.96374099438,0.7000000000000001,STANDARD,,failed,,"ERROR: '""success""'",,,,,Exception during signal coordination
2026-02-11T14:28:28.062275,AVAX,GRID_TRADING,BUY,8.745957,8.30865915,8.798432742000001,0.5,STANDARD,RANGING_CALM,generated,,,,,,,Generated from GRID_TRADING
2026-02-11T14:28:28.783267,AVAX,GRID_TRADING,BUY,8.745957,8.30865915,8.798432742000001,0.5,STANDARD,,rejected,Grid already active for AVAX,,,,,,
2026-02-11T14:29:00.306099,AVAX,GRID_TRADING,BUY,8.752288,8.314673599999999,8.804801728,0.5,STANDARD,RANGING_CALM,generated,,,,,,,Generated from GRID_TRADING
2026-02-11T14:29:01.064593,AVAX,GRID_TRADING,BUY,8.752288,8.314673599999999,8.804801728,0.5,STANDARD,,rejected,Grid already active for AVAX,,,,,,
2026-02-11T14:29:33.022541,AVAX,GRID_TRADING,BUY,8.74356,8.306382,8.796021360000001,0.5,STANDARD,RANGING_CALM,generated,,,,,,,Generated from GRID_TRADING
2026-02-11T14:29:33.741310,AVAX,GRID_TRADING,BUY,8.74356,8.306382,8.796021360000001,0.5,STANDARD,,rejected,Grid already active for AVAX,,,,,,
2026-02-11T14:29:33.802337,ETH,VWAP_SCALPING,BUY,1989.321767,1988.614624142857,2005.2329447653226,0.94,HIGH_CONVICTION,TRENDING_STRONG,generated,,,,,,,Generated from VWAP_SCALPING
2026-02-11T14:29:34.708842,ETH,VWAP_SCALPING,BUY,1989.321767,1988.614624142857,2005.2329447653226,0.94,HIGH_CONVICTION,,failed,,"ERROR: '""success""'",,,,,Exception during signal coordination
2026-02-11T14:30:06.025166,AVAX,GRID_TRADING,BUY,8.743037,8.305885149999998,8.795495222,0.5,STANDARD,RANGING_CALM,generated,,,,,,,Generated from GRID_TRADING
2026-02-11T14:30:06.745895,AVAX,GRID_TRADING,BUY,8.743037,8.305885149999998,8.795495222,0.5,STANDARD,,rejected,Grid already active for AVAX,,,,,,
2026-02-11T14:30:06.886312,DOGE,VWAP_SCALPING,BUY,0.090992,0.09091807142857143,0.0941114327127127,0.7461681292905458,STANDARD,TRENDING_MODERATE,generated,,,,,,,Generated from VWAP_SCALPING
2026-02-11T14:30:08.099446,DOGE,VWAP_SCALPING,BUY,0.090992,0.09091807142857143,0.0941114327127127,0.7461681292905458,STANDARD,,failed,,"ERROR: '""success""'",,,,,Exception during signal coordination
2026-02-11T14:30:39.896027,AVAX,GRID_TRADING,BUY,8.74984,8.312348,8.802339040000001,0.5,STANDARD,RANGING_CALM,generated,,,,,,,Generated from GRID_TRADING
2026-02-11T14:30:40.615920,AVAX,GRID_TRADING,BUY,8.74984,8.312348,8.802339040000001,0.5,STANDARD,,rejected,Grid already active for AVAX,,,,,,
2026-02-11T14:31:12.641984,AVAX,GRID_TRADING,BUY,8.757761,8.31987295,8.810307566,0.5,STANDARD,RANGING_CALM,generated,,,,,,,Generated from GRID_TRADING
2026-02-11T14:31:13.352049,AVAX,GRID_TRADING,BUY,8.757761,8.31987295,8.810307566,0.5,STANDARD,,rejected,Grid already active for AVAX,,,,,,
2026-02-11T14:31:13.443906,LTC,VWAP_SCALPING,BUY,52.758529,52.52710042857143,53.094405620262506,0.94,HIGH_CONVICTION,TRENDING_STRONG,generated,,,,,,,Generated from VWAP_SCALPING
2026-02-11T14:31:14.328918,LTC,VWAP_SCALPING,BUY,52.758529,52.52710042857143,53.094405620262506,0.94,HIGH_CONVICTION,,failed,,"ERROR: '""success""'",,,,,Exception during signal coordination
2026-02-11T14:31:45.956349,AVAX,GRID_TRADING,BUY,8.763053,8.324900349999998,8.815631318,0.5,STANDARD,RANGING_CALM,generated,,,,,,,Generated from GRID_TRADING
2026-02-11T14:31:46.659015,AVAX,GRID_TRADING,BUY,8.763053,8.324900349999998,8.815631318,0.5,STANDARD,,rejected,Grid already active for AVAX,,,,,,
2026-02-11T14:32:18.050863,AVAX,GRID_TRADING,BUY,8.759174,8.321215299999999,8.811729044,0.5,STANDARD,RANGING_CALM,generated,,,,,,,Generated from GRID_TRADING
2026-02-11T14:32:19.051341,AVAX,GRID_TRADING,BUY,8.759174,8.321215299999999,8.811729044,0.5,STANDARD,,rejected,Grid already active for AVAX,,,,,,
2026-02-11T14:32:50.984205,AVAX,GRID_TRADING,BUY,8.7457,8.308414999999998,8.7981742,0.5,STANDARD,RANGING_CALM,generated,,,,,,,Generated from GRID_TRADING
2026-02-11T14:32:51.708178,AVAX,GRID_TRADING,BUY,8.7457,8.308414999999998,8.7981742,0.5,STANDARD,,rejected,Grid already active for AVAX,,,,,,
2026-02-11T14:32:52.231242,SOL,VWAP_SCALPING,BUY,82.039712,81.98935485714286,84.88595640742267,0.6207857564961927,STANDARD,TRENDING_STRONG,generated,,,,,,,Generated from VWAP_SCALPING
2026-02-11T14:32:53.461185,SOL,VWAP_SCALPING,BUY,82.039712,81.98935485714286,84.88595640742267,0.6207857564961927,STANDARD,,failed,,"ERROR: '""success""'",,,,,Exception during signal coordination
2026-02-11T14:33:25.131978,AVAX,GRID_TRADING,BUY,8.732320000000001,8.600684816326531,8.914433976389333,0.5860434099713706,STANDARD,RANGING_CALM,generated,,,,,,,Generated from GRID_TRADING
2026-02-11T14:33:25.861763,AVAX,GRID_TRADING,BUY,8.732320000000001,8.600684816326531,8.914433976389333,0.5860434099713706,STANDARD,,rejected,Grid already active for AVAX,,,,,,
2026-02-11T14:33:25.893739,BTC,VWAP_SCALPING,BUY,67903.523783,67830.98806871429,68419.33407126566,0.94,HIGH_CONVICTION,TRENDING_STRONG,generated,,,,,,,Generated from VWAP_SCALPING
2026-02-11T14:33:26.790265,BTC,VWAP_SCALPING,BUY,67903.523783,67830.98806871429,68419.33407126566,0.94,HIGH_CONVICTION,,failed,,"ERROR: '""success""'",,,,,Exception during signal coordination
2026-02-11T14:33:59.551617,AVAX,GRID_TRADING,BUY,8.73566,8.298877,8.78807396,0.5,STANDARD,RANGING_CALM,generated,,,,,,,Generated from GRID_TRADING
2026-02-11T14:34:00.266641,AVAX,GRID_TRADING,BUY,8.73566,8.298877,8.78807396,0.5,STANDARD,,rejected,Grid already active for AVAX,,,,,,
2026-02-11T14:34:32.018518,AVAX,GRID_TRADING,BUY,8.710981,8.27543195,8.763246886000001,0.5,STANDARD,RANGING_CALM,generated,,,,,,,Generated from GRID_TRADING
2026-02-11T14:34:32.774471,AVAX,GRID_TRADING,BUY,8.710981,8.27543195,8.763246886000001,0.5,STANDARD,,rejected,Grid already active for AVAX,,,,,,
2026-02-11T14:35:04.864895,AVAX,GRID_TRADING,BUY,8.6973,8.262435,8.7494838,0.5,STANDARD,RANGING_CALM,generated,,,,,,,Generated from GRID_TRADING
2026-02-11T14:35:05.586634,AVAX,GRID_TRADING,BUY,8.6973,8.262435,8.7494838,0.5,STANDARD,,rejected,Grid already active for AVAX,,,,,,
2026-02-11T14:35:37.315229,AVAX,GRID_TRADING,BUY,8.68314,8.248982999999999,8.73523884,0.5,STANDARD,RANGING_CALM,generated,,,,,,,Generated from GRID_TRADING
2026-02-11T14:35:38.329608,AVAX,GRID_TRADING,BUY,8.68314,8.248982999999999,8.73523884,0.5,STANDARD,,rejected,Grid already active for AVAX,,,,,,
2026-02-11T14:36:10.137664,AVAX,GRID_TRADING,BUY,8.685815,8.25152425,8.73792989,0.5,STANDARD,RANGING_CALM,generated,,,,,,,Generated from GRID_TRADING
2026-02-11T14:36:10.869345,AVAX,GRID_TRADING,BUY,8.685815,8.25152425,8.73792989,0.5,STANDARD,,rejected,Grid already active for AVAX,,,,,,
2026-02-11T14:36:42.507877,AVAX,GRID_TRADING,BUY,8.693271,8.25860745,8.745430626,0.5,STANDARD,RANGING_CALM,generated,,,,,,,Generated from GRID_TRADING
2026-02-11T14:36:43.220036,AVAX,GRID_TRADING,BUY,8.693271,8.25860745,8.745430626,0.5,STANDARD,,rejected,Grid already active for AVAX,,,,,,
2026-02-11T14:37:15.159766,AVAX,GRID_TRADING,BUY,8.67362,8.239939,8.72566172,0.5,STANDARD,RANGING_CALM,generated,,,,,,,Generated from GRID_TRADING
2026-02-11T14:37:15.911035,AVAX,GRID_TRADING,BUY,8.67362,8.239939,8.72566172,0.5,STANDARD,,rejected,Grid already active for AVAX,,,,,,
2026-02-11T14:37:47.995810,AVAX,GRID_TRADING,BUY,8.69904,8.264088,8.75123424,0.5,STANDARD,RANGING_CALM,generated,,,,,,,Generated from GRID_TRADING
2026-02-11T14:37:48.752660,AVAX,GRID_TRADING,BUY,8.69904,8.264088,8.75123424,0.5,STANDARD,,rejected,Grid already active for AVAX,,,,,,
2026-02-11T14:38:20.498122,AVAX,GRID_TRADING,BUY,8.67952,8.245543999999999,8.73159712,0.5,STANDARD,RANGING_CALM,generated,,,,,,,Generated from GRID_TRADING
2026-02-11T14:38:21.218821,AVAX,GRID_TRADING,BUY,8.67952,8.245543999999999,8.73159712,0.5,STANDARD,,rejected,Grid already active for AVAX,,,,,,
2026-02-11T14:38:21.352509,DOGE,VWAP_SCALPING,BUY,0.090173,0.09009907142857143,0.0941114327127127,0.7908453865754965,STANDARD,TRENDING_MODERATE,generated,,,,,,,Generated from VWAP_SCALPING
2026-02-11T14:38:22.239573,DOGE,VWAP_SCALPING,BUY,0.090173,0.09009907142857143,0.0941114327127127,0.7908453865754965,STANDARD,,failed,,"ERROR: '""success""'",,,,,Exception during signal coordination
2026-02-11T14:38:53.939231,AVAX,GRID_TRADING,BUY,8.6639,8.230705,8.7158834,0.5,STANDARD,RANGING_CALM,generated,,,,,,,Generated from GRID_TRADING
2026-02-11T14:38:54.652650,AVAX,GRID_TRADING,BUY,8.6639,8.230705,8.7158834,0.5,STANDARD,,rejected,Grid already active for AVAX,,,,,,
2026-02-11T14:39:27.816872,AVAX,GRID_TRADING,BUY,8.661248,8.2281856,8.713215488000001,0.5,STANDARD,RANGING_CALM,generated,,,,,,,Generated from GRID_TRADING
2026-02-11T14:39:28.528761,AVAX,GRID_TRADING,BUY,8.661248,8.2281856,8.713215488000001,0.5,STANDARD,,rejected,Grid already active for AVAX,,,,,,
2026-02-11T14:40:00.296359,AVAX,GRID_TRADING,BUY,8.659868,8.226874599999999,8.711827207999999,0.5,STANDARD,RANGING_CALM,generated,,,,,,,Generated from GRID_TRADING
2026-02-11T14:40:01.055331,AVAX,GRID_TRADING,BUY,8.659868,8.226874599999999,8.711827207999999,0.5,STANDARD,,rejected,Grid already active for AVAX,,,,,,
2026-02-11T14:40:32.740672,AVAX,GRID_TRADING,BUY,8.653104,8.2204488,8.705022624000001,0.5,STANDARD,RANGING_CALM,generated,,,,,,,Generated from GRID_TRADING
2026-02-11T14:40:33.508601,AVAX,GRID_TRADING,BUY,8.653104,8.2204488,8.705022624000001,0.5,STANDARD,,rejected,Grid already active for AVAX,,,,,,
2026-02-11T14:41:04.888625,AVAX,GRID_TRADING,BUY,8.651395,8.21882525,8.70330337,0.5,STANDARD,RANGING_CALM,generated,,,,,,,Generated from GRID_TRADING
2026-02-11T14:41:05.598709,AVAX,GRID_TRADING,BUY,8.651395,8.21882525,8.70330337,0.5,STANDARD,,rejected,Grid already active for AVAX,,,,,,
2026-02-11T14:41:05.754786,SOL,VWAP_SCALPING,BUY,81.100057,81.04969985714287,84.88595640742267,0.7685851161244907,STANDARD,TRENDING_STRONG,generated,,,,,,,Generated from VWAP_SCALPING
2026-02-11T14:41:06.635272,SOL,VWAP_SCALPING,BUY,81.100057,81.04969985714287,84.88595640742267,0.7685851161244907,STANDARD,,failed,,"ERROR: '""success""'",,,,,Exception during signal coordination
2026-02-11T14:41:38.402867,AVAX,GRID_TRADING,BUY,8.643733,8.513363344897959,8.88897154153219,0.6965355872069766,STANDARD,RANGING_CALM,generated,,,,,,,Generated from GRID_TRADING
2026-02-11T14:41:39.116371,AVAX,GRID_TRADING,BUY,8.643733,8.513363344897959,8.88897154153219,0.6965355872069766,STANDARD,,rejected,Grid already active for AVAX,,,,,,
2026-02-11T14:41:39.149652,BTC,VWAP_SCALPING,BUY,67193.397957,67160.397957,68447.5925947556,0.94,HIGH_CONVICTION,TRENDING_STRONG,generated,,,,,,,Generated from VWAP_SCALPING
2026-02-11T14:41:40.039938,BTC,VWAP_SCALPING,BUY,67193.397957,67160.397957,68447.5925947556,0.94,HIGH_CONVICTION,,failed,,"ERROR: '""success""'",,,,,Exception during signal coordination
2026-02-11T14:42:11.856385,AVAX,GRID_TRADING,BUY,8.639119,8.20716305,8.690953714,0.5,STANDARD,RANGING_CALM,generated,,,,,,,Generated from GRID_TRADING
2026-02-11T14:42:12.562757,AVAX,GRID_TRADING,BUY,8.639119,8.20716305,8.690953714,0.5,STANDARD,,rejected,Grid already active for AVAX,,,,,,
2026-02-11T14:42:44.325748,AVAX,GRID_TRADING,BUY,8.619243,8.18828085,8.670958458000001,0.5,STANDARD,RANGING_CALM,generated,,,,,,,Generated from GRID_TRADING
2026-02-11T14:42:45.068285,AVAX,GRID_TRADING,BUY,8.619243,8.18828085,8.670958458000001,0.5,STANDARD,,rejected,Grid already active for AVAX,,,,,,
2026-02-11T14:43:16.477405,AVAX,GRID_TRADING,BUY,8.62659,8.1952605,8.678349540000001,0.5,STANDARD,RANGING_CALM,generated,,,,,,,Generated from GRID_TRADING
2026-02-11T14:43:17.243775,AVAX,GRID_TRADING,BUY,8.62659,8.1952605,8.678349540000001,0.5,STANDARD,,rejected,Grid already active for AVAX,,,,,,
2026-02-11T14:43:49.168630,AVAX,GRID_TRADING,BUY,8.638054,8.2061513,8.689882324000001,0.5,STANDARD,RANGING_CALM,generated,,,,,,,Generated from GRID_TRADING
2026-02-11T14:43:49.866584,AVAX,GRID_TRADING,BUY,8.638054,8.2061513,8.689882324000001,0.5,STANDARD,,rejected,Grid already active for AVAX,,,,,,
2026-02-11T14:44:21.321096,AVAX,GRID_TRADING,BUY,8.642105,8.20999975,8.693957630000002,0.5,STANDARD,RANGING_CALM,generated,,,,,,,Generated from GRID_TRADING
2026-02-11T14:44:22.099143,AVAX,GRID_TRADING,BUY,8.642105,8.20999975,8.693957630000002,0.5,STANDARD,,rejected,Grid already active for AVAX,,,,,,
2026-02-11T14:44:22.215024,LTC,VWAP_SCALPING,BUY,52.093529,51.973529,53.08335288800342,0.94,HIGH_CONVICTION,TRENDING_STRONG,generated,,,,,,,Generated from VWAP_SCALPING
2026-02-11T14:44:23.141456,LTC,VWAP_SCALPING,BUY,52.093529,51.973529,53.08335288800342,0.94,HIGH_CONVICTION,,failed,,"ERROR: '""success""'",,,,,Exception during signal coordination
2026-02-11T14:44:55.797053,AVAX,GRID_TRADING,BUY,8.656945,8.22409775,8.70888667,0.5,STANDARD,RANGING_CALM,generated,,,,,,,Generated from GRID_TRADING
2026-02-11T14:44:56.518873,AVAX,GRID_TRADING,BUY,8.656945,8.22409775,8.70888667,0.5,STANDARD,,rejected,Grid already active for AVAX,,,,,,
2026-02-11T14:45:28.567373,AVAX,GRID_TRADING,BUY,8.644939,8.212692050000001,8.696808634000002,0.5,STANDARD,RANGING_CALM,generated,,,,,,,Generated from GRID_TRADING
2026-02-11T14:45:29.365817,AVAX,GRID_TRADING,BUY,8.644939,8.212692050000001,8.696808634000002,0.5,STANDARD,,rejected,Grid already active for AVAX,,,,,,
2026-02-11T14:46:01.467031,AVAX,GRID_TRADING,BUY,8.651552,8.2189744,8.703461312,0.5,STANDARD,RANGING_CALM,generated,,,,,,,Generated from GRID_TRADING
2026-02-11T14:46:02.179886,AVAX,GRID_TRADING,BUY,8.651552,8.2189744,8.703461312,0.5,STANDARD,,rejected,Grid already active for AVAX,,,,,,
2026-02-11T14:46:33.626734,AVAX,GRID_TRADING,BUY,8.642477,8.21035315,8.694331862,0.5,STANDARD,RANGING_CALM,generated,,,,,,,Generated from GRID_TRADING
2026-02-11T14:46:34.388658,AVAX,GRID_TRADING,BUY,8.642477,8.21035315,8.694331862,0.5,STANDARD,,rejected,Grid already active for AVAX,,,,,,
2026-02-11T14:46:34.725066,DOGE,VWAP_SCALPING,BUY,0.089663,0.08958907142857143,0.0941114327127127,0.8986663892804106,HIGH_CONVICTION,TRENDING_MODERATE,generated,,,,,,,Generated from VWAP_SCALPING
2026-02-11T14:46:35.619038,DOGE,VWAP_SCALPING,BUY,0.089663,0.08958907142857143,0.0941114327127127,0.8986663892804106,HIGH_CONVICTION,,failed,,"ERROR: '""success""'",,,,,Exception during signal coordination
2026-02-11T14:47:06.772398,AVAX,GRID_TRADING,BUY,8.619561,8.188582949999999,8.671278366,0.5,STANDARD,RANGING_CALM,generated,,,,,,,Generated from GRID_TRADING
2026-02-11T14:47:07.757178,AVAX,GRID_TRADING,BUY,8.619561,8.188582949999999,8.671278366,0.5,STANDARD,,rejected,Grid already active for AVAX,,,,,,
2026-02-11T14:47:38.847337,AVAX,GRID_TRADING,BUY,8.619761,8.18877295,8.671479566,0.5,STANDARD,RANGING_CALM,generated,,,,,,,Generated from GRID_TRADING
2026-02-11T14:47:39.554089,AVAX,GRID_TRADING,BUY,8.619761,8.18877295,8.671479566,0.5,STANDARD,,rejected,Grid already active for AVAX,,,,,,
2026-02-11T14:48:11.478035,AVAX,GRID_TRADING,BUY,8.618148,8.187240599999999,8.669856888,0.5,STANDARD,RANGING_CALM,generated,,,,,,,Generated from GRID_TRADING
2026-02-11T14:48:12.188333,AVAX,GRID_TRADING,BUY,8.618148,8.187240599999999,8.669856888,0.5,STANDARD,,rejected,Grid already active for AVAX,,,,,,
2026-02-11T14:48:43.896659,AVAX,GRID_TRADING,BUY,8.611985,8.18138575,8.66365691,0.5,STANDARD,RANGING_CALM,generated,,,,,,,Generated from GRID_TRADING
2026-02-11T14:48:44.605699,AVAX,GRID_TRADING,BUY,8.611985,8.18138575,8.66365691,0.5,STANDARD,,rejected,Grid already active for AVAX,,,,,,
2026-02-11T14:49:16.147955,AVAX,GRID_TRADING,BUY,8.607681,8.177296949999999,8.659327086,0.5,STANDARD,RANGING_CALM,generated,,,,,,,Generated from GRID_TRADING
2026-02-11T14:49:16.873566,AVAX,GRID_TRADING,BUY,8.607681,8.177296949999999,8.659327086,0.5,STANDARD,,rejected,Grid already active for AVAX,,,,,,
2026-02-11T14:49:16.902532,BTC,MOMENTUM_SCALPING,SELL,66993.044261,67021.11691982884,66946.25649628526,0.7000000000000001,STANDARD,TRENDING_STRONG,generated,,,,,,,Generated from MOMENTUM_SCALPING
2026-02-11T14:49:17.796427,BTC,MOMENTUM_SCALPING,SELL,66993.044261,67021.11691982884,66946.25649628526,0.7000000000000001,STANDARD,,failed,,"ERROR: '""success""'",,,,,Exception during signal coordination
2026-02-11T14:49:17.919111,SOL,VWAP_SCALPING,BUY,80.828147,80.77778985714286,84.88595640742267,0.7824169202191115,STANDARD,TRENDING_STRONG,generated,,,,,,,Generated from VWAP_SCALPING
2026-02-11T14:49:18.848713,SOL,VWAP_SCALPING,BUY,80.828147,80.77778985714286,84.88595640742267,0.7824169202191115,STANDARD,,failed,,"ERROR: '""success""'",,,,,Exception during signal coordination
2026-02-11T14:49:50.065646,AVAX,VWAP_SCALPING,BUY,8.599194,8.589551142857143,8.966321998945064,0.8026459052019083,HIGH_CONVICTION,RANGING_CALM,generated,,,,,,,Generated from VWAP_SCALPING
2026-02-11T14:49:50.957199,AVAX,VWAP_SCALPING,BUY,8.599194,8.589551142857143,8.966321998945064,0.8026459052019083,HIGH_CONVICTION,,failed,,"ERROR: '""success""'",,,,,Exception during signal coordination
2026-02-11T14:49:50.989342,BTC,VWAP_SCALPING,BUY,66878.154,66846.22542857143,68452.0241925504,0.94,HIGH_CONVICTION,TRENDING_STRONG,generated,,,,,,,Generated from VWAP_SCALPING
2026-02-11T14:49:51.875253,BTC,VWAP_SCALPING,BUY,66878.154,66846.22542857143,68452.0241925504,0.94,HIGH_CONVICTION,,failed,,"ERROR: '""success""'",,,,,Exception during signal coordination
2026-02-11T14:49:51.956176,LINK,VWAP_SCALPING,BUY,8.278833,8.145761571428572,8.622093309725075,0.6223399377662221,STANDARD,TRENDING_STRONG,generated,,,,,,,Generated from VWAP_SCALPING
2026-02-11T14:49:52.844986,LINK,VWAP_SCALPING,BUY,8.278833,8.145761571428572,8.622093309725075,0.6223399377662221,STANDARD,,failed,,"ERROR: '""success""'",,,,,Exception during signal coordination
2026-02-11T14:50:25.968062,AVAX,GRID_TRADING,BUY,8.60276,8.172621999999999,8.65437656,0.5,STANDARD,RANGING_CALM,generated,,,,,,,Generated from GRID_TRADING
2026-02-11T14:50:26.956004,AVAX,GRID_TRADING,BUY,8.60276,8.172621999999999,8.65437656,0.5,STANDARD,,rejected,Grid already active for AVAX,,,,,,
2026-02-11T14:50:58.717607,AVAX,GRID_TRADING,BUY,8.583488,8.154313599999998,8.634988927999999,0.5,STANDARD,RANGING_CALM,generated,,,,,,,Generated from GRID_TRADING
2026-02-11T14:51:01.618664,AVAX,GRID_TRADING,BUY,8.583488,8.154313599999998,8.634988927999999,0.5,STANDARD,,rejected,Grid already active for AVAX,,,,,,
2026-02-11T14:51:33.266666,AVAX,GRID_TRADING,BUY,8.581826,8.1527347,8.633316956,0.5,STANDARD,RANGING_CALM,generated,,,,,,,Generated from GRID_TRADING
2026-02-11T14:51:33.981763,AVAX,GRID_TRADING,BUY,8.581826,8.1527347,8.633316956,0.5,STANDARD,,rejected,Grid already active for AVAX,,,,,,
2026-02-11T14:52:05.121508,AVAX,GRID_TRADING,BUY,8.607984,8.1775848,8.659631904,0.5,STANDARD,RANGING_CALM,generated,,,,,,,Generated from GRID_TRADING
2026-02-11T14:52:06.170686,AVAX,GRID_TRADING,BUY,8.607984,8.1775848,8.659631904,0.5,STANDARD,,rejected,Grid already active for AVAX,,,,,,
2026-02-11T14:52:38.075456,AVAX,GRID_TRADING,BUY,8.605943,8.175645849999999,8.657578658,0.5,STANDARD,RANGING_CALM,generated,,,,,,,Generated from GRID_TRADING
2026-02-11T14:52:38.841257,AVAX,GRID_TRADING,BUY,8.605943,8.175645849999999,8.657578658,0.5,STANDARD,,rejected,Grid already active for AVAX,,,,,,
2026-02-11T14:52:39.109084,LTC,VWAP_SCALPING,BUY,51.878235,51.85252071428571,53.084247828604546,0.94,HIGH_CONVICTION,TRENDING_STRONG,generated,,,,,,,Generated from VWAP_SCALPING
2026-02-11T14:52:39.991917,LTC,VWAP_SCALPING,BUY,51.878235,51.85252071428571,53.084247828604546,0.94,HIGH_CONVICTION,,failed,,"ERROR: '""success""'",,,,,Exception during signal coordination
2026-02-11T14:53:11.200530,AVAX,GRID_TRADING,BUY,8.61382,8.183129,8.66550292,0.5,STANDARD,RANGING_CALM,generated,,,,,,,Generated from GRID_TRADING
2026-02-11T14:53:12.000791,AVAX,GRID_TRADING,BUY,8.61382,8.183129,8.66550292,0.5,STANDARD,,rejected,Grid already active for AVAX,,,,,,
2026-02-11T14:53:43.495921,AVAX,GRID_TRADING,BUY,8.618054,8.1871513,8.669762324,0.5,STANDARD,RANGING_CALM,generated,,,,,,,Generated from GRID_TRADING
2026-02-11T14:53:44.476244,AVAX,GRID_TRADING,BUY,8.618054,8.1871513,8.669762324,0.5,STANDARD,,rejected,Grid already active for AVAX,,,,,,
2026-02-11T14:54:15.844932,AVAX,GRID_TRADING,BUY,8.62106,8.190007,8.67278636,0.5,STANDARD,RANGING_CALM,generated,,,,,,,Generated from GRID_TRADING
2026-02-11T14:54:16.596201,AVAX,GRID_TRADING,BUY,8.62106,8.190007,8.67278636,0.5,STANDARD,,rejected,Grid already active for AVAX,,,,,,
2026-02-11T14:54:48.192718,AVAX,GRID_TRADING,BUY,8.622144,8.191036800000001,8.673876864,0.5,STANDARD,RANGING_CALM,generated,,,,,,,Generated from GRID_TRADING
2026-02-11T14:54:48.894600,AVAX,GRID_TRADING,BUY,8.622144,8.191036800000001,8.673876864,0.5,STANDARD,,rejected,Grid already active for AVAX,,,,,,
2026-02-11T14:54:49.129756,ETH,VWAP_SCALPING,BUY,1956.52707,1956.3770700000002,2004.4698516532628,0.94,HIGH_CONVICTION,TRENDING_STRONG,generated,,,,,,,Generated from VWAP_SCALPING
2026-02-11T14:54:50.052741,ETH,VWAP_SCALPING,BUY,1956.52707,1956.3770700000002,2004.4698516532628,0.94,HIGH_CONVICTION,,failed,,"ERROR: '""success""'",,,,,Exception during signal coordination
2026-02-11T14:54:50.306474,DOGE,VWAP_SCALPING,BUY,0.089837,0.08976307142857143,0.0941114327127127,0.8091745177693226,HIGH_CONVICTION,TRENDING_MODERATE,generated,,,,,,,Generated from VWAP_SCALPING
2026-02-11T14:54:51.172689,DOGE,VWAP_SCALPING,BUY,0.089837,0.08976307142857143,0.0941114327127127,0.8091745177693226,HIGH_CONVICTION,,failed,,"ERROR: '""success""'",,,,,Exception during signal coordination
2026-02-11T14:55:22.419275,AVAX,GRID_TRADING,BUY,8.614782,8.1840429,8.666470692,0.5,STANDARD,RANGING_CALM,generated,,,,,,,Generated from GRID_TRADING
2026-02-11T14:55:23.167714,AVAX,GRID_TRADING,BUY,8.614782,8.1840429,8.666470692,0.5,STANDARD,,rejected,Grid already active for AVAX,,,,,,
2026-02-11T14:55:55.909493,AVAX,GRID_TRADING,BUY,8.603751,8.17356345,8.655373506,0.5,STANDARD,RANGING_CALM,generated,,,,,,,Generated from GRID_TRADING
2026-02-11T14:55:56.884143,AVAX,GRID_TRADING,BUY,8.603751,8.17356345,8.655373506,0.5,STANDARD,,rejected,Grid already active for AVAX,,,,,,
2026-02-11T14:56:28.654759,AVAX,GRID_TRADING,BUY,8.600259,8.17024605,8.651860553999999,0.5,STANDARD,RANGING_CALM,generated,,,,,,,Generated from GRID_TRADING
2026-02-11T14:56:29.369988,AVAX,GRID_TRADING,BUY,8.600259,8.17024605,8.651860553999999,0.5,STANDARD,,rejected,Grid already active for AVAX,,,,,,
2026-02-11T14:57:01.733730,AVAX,GRID_TRADING,BUY,8.581947,8.152849649999999,8.633438682,0.5,STANDARD,RANGING_CALM,generated,,,,,,,Generated from GRID_TRADING
2026-02-11T14:57:02.451465,AVAX,GRID_TRADING,BUY,8.581947,8.152849649999999,8.633438682,0.5,STANDARD,,rejected,Grid already active for AVAX,,,,,,
2026-02-11T14:57:34.470243,AVAX,GRID_TRADING,BUY,8.549621,8.12213995,8.600918726,0.5,STANDARD,RANGING_CALM,generated,,,,,,,Generated from GRID_TRADING
2026-02-11T14:57:35.206495,AVAX,GRID_TRADING,BUY,8.549621,8.12213995,8.600918726,0.5,STANDARD,,rejected,Grid already active for AVAX,,,,,,
2026-02-11T14:57:35.237388,BTC,MOMENTUM_SCALPING,SELL,66549.669087,66578.00139051421,66502.44858114299,0.8000000000000002,HIGH_CONVICTION,TRENDING_STRONG,generated,,,,,,,Generated from MOMENTUM_SCALPING
2026-02-11T14:57:36.103587,BTC,MOMENTUM_SCALPING,SELL,66549.669087,66578.00139051421,66502.44858114299,0.8000000000000002,HIGH_CONVICTION,,failed,,"ERROR: '""success""'",,,,,Exception during signal coordination
2026-02-11T14:57:36.598113,SOL,VWAP_SCALPING,BUY,80.027587,79.97722985714286,84.88595640742267,0.9031406489749111,HIGH_CONVICTION,TRENDING_STRONG,generated,,,,,,,Generated from VWAP_SCALPING
2026-02-11T14:57:37.465390,SOL,VWAP_SCALPING,BUY,80.027587,79.97722985714286,84.88595640742267,0.9031406489749111,HIGH_CONVICTION,,failed,,"ERROR: '""success""'",,,,,Exception during signal coordination
2026-02-11T14:58:08.657102,AVAX,VWAP_SCALPING,BUY,8.551738,8.542095142857143,8.966321998945064,0.9119427937752892,HIGH_CONVICTION,RANGING_CALM,generated,,,,,,,Generated from VWAP_SCALPING
2026-02-11T14:58:09.525087,AVAX,VWAP_SCALPING,BUY,8.551738,8.542095142857143,8.966321998945064,0.9119427937752892,HIGH_CONVICTION,,failed,,"ERROR: '""success""'",,,,,Exception during signal coordination
2026-02-11T14:58:09.639412,LINK,VWAP_SCALPING,BUY,8.236648,8.101326571428572,8.621197949302191,0.7394690275379544,STANDARD,TRENDING_STRONG,generated,,,,,,,Generated from VWAP_SCALPING
2026-02-11T14:58:10.507522,LINK,VWAP_SCALPING,BUY,8.236648,8.101326571428572,8.621197949302191,0.7394690275379544,STANDARD,,failed,,"ERROR: '""success""'",,,,,Exception during signal coordination
2026-02-11T14:58:41.755636,AVAX,GRID_TRADING,BUY,8.548995,8.121545249999999,8.60028897,0.5,STANDARD,RANGING_CALM,generated,,,,,,,Generated from GRID_TRADING
2026-02-11T14:58:42.462820,AVAX,GRID_TRADING,BUY,8.548995,8.121545249999999,8.60028897,0.5,STANDARD,,rejected,Grid already active for AVAX,,,,,,
2026-02-11T14:59:14.189535,AVAX,GRID_TRADING,BUY,8.543813,8.11662235,8.595075878,0.5,STANDARD,RANGING_CALM,generated,,,,,,,Generated from GRID_TRADING
2026-02-11T14:59:14.954169,AVAX,GRID_TRADING,BUY,8.543813,8.11662235,8.595075878,0.5,STANDARD,,rejected,Grid already active for AVAX,,,,,,
2026-02-11T14:59:46.422956,AVAX,GRID_TRADING,BUY,8.552141,8.12453395,8.603453846,0.5,STANDARD,RANGING_CALM,generated,,,,,,,Generated from GRID_TRADING
2026-02-11T14:59:47.182273,AVAX,GRID_TRADING,BUY,8.552141,8.12453395,8.603453846,0.5,STANDARD,,rejected,Grid already active for AVAX,,,,,,
2026-02-11T14:59:47.216785,BTC,VWAP_SCALPING,BUY,66568.314435,66529.95729214285,68379.52370028663,0.94,HIGH_CONVICTION,TRENDING_STRONG,generated,,,,,,,Generated from VWAP_SCALPING
2026-02-11T14:59:48.109259,BTC,VWAP_SCALPING,BUY,66568.314435,66529.95729214285,68379.52370028663,0.94,HIGH_CONVICTION,,failed,,"ERROR: '""success""'",,,,,Exception during signal coordination
2026-02-11T15:00:19.586677,AVAX,GRID_TRADING,BUY,8.556307,8.128491649999999,8.607644842000001,0.5,STANDARD,RANGING_CALM,generated,,,,,,,Generated from GRID_TRADING
2026-02-11T15:00:20.593252,AVAX,GRID_TRADING,BUY,8.556307,8.128491649999999,8.607644842000001,0.5,STANDARD,,rejected,Grid already active for AVAX,,,,,,
2026-02-11T15:00:52.626238,AVAX,GRID_TRADING,BUY,8.528464,8.1020408,8.579634784,0.5,STANDARD,RANGING_CALM,generated,,,,,,,Generated from GRID_TRADING
2026-02-11T15:00:53.343264,AVAX,GRID_TRADING,BUY,8.528464,8.1020408,8.579634784,0.5,STANDARD,,rejected,Grid already active for AVAX,,,,,,
2026-02-11T15:01:26.606567,AVAX,GRID_TRADING,BUY,8.555483,8.12770885,8.606815898,0.5,STANDARD,RANGING_CALM,generated,,,,,,,Generated from GRID_TRADING
2026-02-11T15:01:27.382333,AVAX,GRID_TRADING,BUY,8.555483,8.12770885,8.606815898,0.5,STANDARD,,rejected,Grid already active for AVAX,,,,,,
2026-02-11T15:01:58.899435,AVAX,GRID_TRADING,BUY,8.564126,8.135919699999999,8.615510755999999,0.5,STANDARD,RANGING_CALM,generated,,,,,,,Generated from GRID_TRADING
2026-02-11T15:01:59.645064,AVAX,GRID_TRADING,BUY,8.564126,8.135919699999999,8.615510755999999,0.5,STANDARD,,rejected,Grid already active for AVAX,,,,,,
2026-02-11T15:02:31.502483,AVAX,GRID_TRADING,BUY,8.568466,8.1400427,8.619876796000002,0.5,STANDARD,RANGING_CALM,generated,,,,,,,Generated from GRID_TRADING
2026-02-11T15:02:32.267122,AVAX,GRID_TRADING,BUY,8.568466,8.1400427,8.619876796000002,0.5,STANDARD,,rejected,Grid already active for AVAX,,,,,,
2026-02-11T15:03:03.631949,AVAX,GRID_TRADING,BUY,8.561524,8.1334478,8.612893144000001,0.5,STANDARD,RANGING_CALM,generated,,,,,,,Generated from GRID_TRADING
2026-02-11T15:03:04.347687,AVAX,GRID_TRADING,BUY,8.561524,8.1334478,8.612893144000001,0.5,STANDARD,,rejected,Grid already active for AVAX,,,,,,
2026-02-11T15:03:04.409202,ETH,VWAP_SCALPING,BUY,1942.217907,1942.1964784285715,2004.4728138998935,0.94,HIGH_CONVICTION,TRENDING_STRONG,generated,,,,,,,Generated from VWAP_SCALPING
2026-02-11T15:03:05.302781,ETH,VWAP_SCALPING,BUY,1942.217907,1942.1964784285715,2004.4728138998935,0.94,HIGH_CONVICTION,,failed,,"ERROR: '""success""'",,,,,Exception during signal coordination
2026-02-11T15:03:05.389203,DOGE,VWAP_SCALPING,BUY,0.089305,0.08923107142857142,0.0941114327127127,0.9181956421595473,HIGH_CONVICTION,TRENDING_MODERATE,generated,,,,,,,Generated from VWAP_SCALPING
2026-02-11T15:03:06.267107,DOGE,VWAP_SCALPING,BUY,0.089305,0.08923107142857142,0.0941114327127127,0.9181956421595473,HIGH_CONVICTION,,failed,,"ERROR: '""success""'",,,,,Exception during signal coordination
2026-02-11T15:03:37.769045,AVAX,GRID_TRADING,BUY,8.559346,8.131378699999999,8.610702075999999,0.5,STANDARD,RANGING_CALM,generated,,,,,,,Generated from GRID_TRADING
2026-02-11T15:03:38.800579,AVAX,GRID_TRADING,BUY,8.559346,8.131378699999999,8.610702075999999,0.5,STANDARD,,rejected,Grid already active for AVAX,,,,,,
2026-02-11T15:03:39.071420,LTC,VWAP_SCALPING,BUY,51.919588,51.81673085714286,53.08555670300252,0.94,HIGH_CONVICTION,TRENDING_STRONG,generated,,,,,,,Generated from VWAP_SCALPING
2026-02-11T15:03:40.302262,LTC,VWAP_SCALPING,BUY,51.919588,51.81673085714286,53.08555670300252,0.94,HIGH_CONVICTION,,failed,,"ERROR: '""success""'",,,,,Exception during signal coordination
2026-02-11T15:04:11.782020,AVAX,GRID_TRADING,BUY,8.54311,8.1159545,8.59436866,0.5,STANDARD,RANGING_CALM,generated,,,,,,,Generated from GRID_TRADING
2026-02-11T15:04:12.773056,AVAX,GRID_TRADING,BUY,8.54311,8.1159545,8.59436866,0.5,STANDARD,,rejected,Grid already active for AVAX,,,,,,
2026-02-11T15:04:44.277690,AVAX,GRID_TRADING,BUY,8.537473,8.11059935,8.588697838,0.5,STANDARD,RANGING_CALM,generated,,,,,,,Generated from GRID_TRADING
2026-02-11T15:04:45.046613,AVAX,GRID_TRADING,BUY,8.537473,8.11059935,8.588697838,0.5,STANDARD,,rejected,Grid already active for AVAX,,,,,,
2026-02-11T15:05:16.452577,AVAX,GRID_TRADING,BUY,8.534207,8.10749665,8.585412242,0.5,STANDARD,RANGING_CALM,generated,,,,,,,Generated from GRID_TRADING
2026-02-11T15:05:17.440786,AVAX,GRID_TRADING,BUY,8.534207,8.10749665,8.585412242,0.5,STANDARD,,rejected,Grid already active for AVAX,,,,,,
2026-02-11T15:05:49.358130,AVAX,GRID_TRADING,BUY,8.542405,8.11528475,8.59365943,0.5,STANDARD,RANGING_CALM,generated,,,,,,,Generated from GRID_TRADING
2026-02-11T15:05:50.061078,AVAX,GRID_TRADING,BUY,8.542405,8.11528475,8.59365943,0.5,STANDARD,,rejected,Grid already active for AVAX,,,,,,
2026-02-11T15:05:50.585857,SOL,VWAP_SCALPING,BUY,79.749865,79.69950785714286,84.88595640742267,0.9172681040032887,HIGH_CONVICTION,TRENDING_STRONG,generated,,,,,,,Generated from VWAP_SCALPING
2026-02-11T15:05:51.483880,SOL,VWAP_SCALPING,BUY,79.749865,79.69950785714286,84.88595640742267,0.9172681040032887,HIGH_CONVICTION,,failed,,"ERROR: '""success""'",,,,,Exception during signal coordination
2026-02-11T15:06:22.488824,AVAX,VWAP_SCALPING,BUY,8.547254,8.537611142857143,8.966321998945064,0.9147109842751844,HIGH_CONVICTION,RANGING_CALM,generated,,,,,,,Generated from VWAP_SCALPING
2026-02-11T15:06:23.373774,AVAX,VWAP_SCALPING,BUY,8.547254,8.537611142857143,8.966321998945064,0.9147109842751844,HIGH_CONVICTION,,failed,,"ERROR: '""success""'",,,,,Exception during signal coordination
2026-02-11T15:06:23.489478,LINK,VWAP_SCALPING,BUY,8.241063,8.099205857142858,8.620794326846475,0.7371676011526059,STANDARD,TRENDING_STRONG,generated,,,,,,,Generated from VWAP_SCALPING
2026-02-11T15:06:24.378907,LINK,VWAP_SCALPING,BUY,8.241063,8.099205857142858,8.620794326846475,0.7371676011526059,STANDARD,,failed,,"ERROR: '""success""'",,,,,Exception during signal coordination
2026-02-11T15:06:56.991546,AVAX,GRID_TRADING,BUY,8.513687,8.088002649999998,8.564769122,0.5,STANDARD,RANGING_CALM,generated,,,,,,,Generated from GRID_TRADING
2026-02-11T15:06:58.027898,AVAX,GRID_TRADING,BUY,8.513687,8.088002649999998,8.564769122,0.5,STANDARD,,rejected,Grid already active for AVAX,,,,,,
2026-02-11T15:07:29.494201,AVAX,GRID_TRADING,BUY,8.490005,8.065504749999999,8.54094503,0.5,STANDARD,RANGING_CALM,generated,,,,,,,Generated from GRID_TRADING
2026-02-11T15:07:30.205142,AVAX,GRID_TRADING,BUY,8.490005,8.065504749999999,8.54094503,0.5,STANDARD,,rejected,Grid already active for AVAX,,,,,,
2026-02-11T15:08:02.309706,AVAX,GRID_TRADING,BUY,8.488335,8.063918249999999,8.53926501,0.5,STANDARD,RANGING_CALM,generated,,,,,,,Generated from GRID_TRADING
2026-02-11T15:08:03.092209,AVAX,GRID_TRADING,BUY,8.488335,8.063918249999999,8.53926501,0.5,STANDARD,,rejected,Grid already active for AVAX,,,,,,
2026-02-26T17:26:51.479581,"{'asset': 'SUI', 'side': 'buy', 'entry_price': 1.5, 'stop_loss': 1.35, 'take_profit': 1.65, 'strategy': 'GridTrading', 'quantity': 100}",,,0,0,0,0,,,failed,,ERROR: 'dict' object has no attribute 'strategy',,,,,Exception in _handle_signal_generated
2026-02-26T17:26:51.482541,"{'asset': 'SUI', 'side': 'buy', 'entry_price': 1.5, 'stop_loss': 1.35, 'take_profit': 1.65, 'strategy': 'GridTrading', 'quantity': 100}",,,0,0,0,0,,,failed,,ERROR: 'dict' object has no attribute 'strategy',,,,,Exception in _handle_signal_generated
2026-02-26T17:26:51.485783,"{'asset': 'SUI', 'side': 'buy', 'entry_price': 1.5, 'stop_loss': 1.35, 'take_profit': 1.65, 'strategy': 'GridTrading', 'quantity': 100}",,,0,0,0,0,,,failed,,ERROR: 'dict' object has no attribute 'strategy',,,,,Exception in _handle_signal_generated
2026-02-26T17:26:51.488557,"{'asset': 'SUI', 'side': 'buy', 'entry_price': 1.5, 'stop_loss': 1.35, 'take_profit': 1.65, 'strategy': 'GridTrading', 'quantity': 100}",,,0,0,0,0,,,failed,,ERROR: 'dict' object has no attribute 'strategy',,,,,Exception in _handle_signal_generated
2026-02-26T17:26:51.491316,"{'asset': 'SUI', 'side': 'buy', 'entry_price': 1.5, 'stop_loss': 1.35, 'take_profit': 1.65, 'strategy': 'GridTrading', 'quantity': 100}",,,0,0,0,0,,,failed,,ERROR: 'dict' object has no attribute 'strategy',,,,,Exception in _handle_signal_generated
2026-02-26T17:26:51.604996,"{'asset': 'SUI', 'strategy': 'GridTrading'}",,,0,0,0,0,,,failed,,ERROR: 'dict' object has no attribute 'strategy',,,,,Exception in _handle_signal_generated
2026-02-26T17:26:51.607714,"{'asset': 'SUI', 'strategy': 'GridTrading'}",,,0,0,0,0,,,failed,,ERROR: 'dict' object has no attribute 'strategy',,,,,Exception in _handle_signal_generated
2026-02-26T17:26:51.610325,"{'asset': 'SUI', 'strategy': 'GridTrading'}",,,0,0,0,0,,,failed,,ERROR: 'dict' object has no attribute 'strategy',,,,,Exception in _handle_signal_generated
2026-02-26T17:26:51.612874,"{'asset': 'SUI', 'strategy': 'GridTrading'}",,,0,0,0,0,,,failed,,ERROR: 'dict' object has no attribute 'strategy',,,,,Exception in _handle_signal_generated
2026-02-26T17:26:51.615294,"{'asset': 'SUI', 'strategy': 'GridTrading'}",,,0,0,0,0,,,failed,,ERROR: 'dict' object has no attribute 'strategy',,,,,Exception in _handle_signal_generated
2026-02-26T17:26:51.617655,"{'asset': 'SUI', 'strategy': 'GridTrading'}",,,0,0,0,0,,,failed,,ERROR: 'dict' object has no attribute 'strategy',,,,,Exception in _handle_signal_generated
2026-02-26T17:26:51.730039,"{'asset': 'SUI', 'strategy': 'GridTrading'}",,,0,0,0,0,,,failed,,ERROR: 'dict' object has no attribute 'strategy',,,,,Exception in _handle_signal_generated
2026-02-26T17:26:51.731719,"{'asset': 'SUI', 'strategy': 'GridTrading'}",,,0,0,0,0,,,failed,,ERROR: 'dict' object has no attribute 'strategy',,,,,Exception in _handle_signal_generated
2026-02-26T17:26:51.733836,"{'asset': 'SUI', 'strategy': 'GridTrading'}",,,0,0,0,0,,,failed,,ERROR: 'dict' object has no attribute 'strategy',,,,,Exception in _handle_signal_generated
2026-02-26T17:26:51.735902,"{'asset': 'SUI', 'strategy': 'GridTrading'}",,,0,0,0,0,,,failed,,ERROR: 'dict' object has no attribute 'strategy',,,,,Exception in _handle_signal_generated
2026-02-26T17:26:51.738163,"{'asset': 'SUI', 'strategy': 'GridTrading'}",,,0,0,0,0,,,failed,,ERROR: 'dict' object has no attribute 'strategy',,,,,Exception in _handle_signal_generated
2026-02-26T17:26:51.741110,"{'asset': 'SUI', 'strategy': 'GridTrading'}",,,0,0,0,0,,,failed,,ERROR: 'dict' object has no attribute 'strategy',,,,,Exception in _handle_signal_generated
2026-02-26T17:26:51.743529,"{'asset': 'SUI', 'strategy': 'GridTrading'}",,,0,0,0,0,,,failed,,ERROR: 'dict' object has no attribute 'strategy',,,,,Exception in _handle_signal_generated
2026-02-26T17:26:51.979511,"{'asset': 'SUI', 'strategy': 'GridTrading', 'entry_price': 1.5}",,,0,0,0,0,,,failed,,ERROR: 'dict' object has no attribute 'strategy',,,,,Exception in _handle_signal_generated
2026-02-26T17:26:51.981536,"{'asset': 'SUI', 'strategy': 'GridTrading', 'entry_price': 1.5}",,,0,0,0,0,,,failed,,ERROR: 'dict' object has no attribute 'strategy',,,,,Exception in _handle_signal_generated
2026-02-26T17:26:51.983764,"{'asset': 'SUI', 'strategy': 'GridTrading', 'entry_price': 1.5}",,,0,0,0,0,,,failed,,ERROR: 'dict' object has no attribute 'strategy',,,,,Exception in _handle_signal_generated
2026-02-26T17:26:51.986097,"{'asset': 'SUI', 'strategy': 'GridTrading', 'entry_price': 1.5}",,,0,0,0,0,,,failed,,ERROR: 'dict' object has no attribute 'strategy',,,,,Exception in _handle_signal_generated
2026-02-26T17:26:51.988271,"{'asset': 'SUI', 'strategy': 'GridTrading', 'entry_price': 1.5}",,,0,0,0,0,,,failed,,ERROR: 'dict' object has no attribute 'strategy',,,,,Exception in _handle_signal_generated
2026-02-26T17:26:51.990593,"{'asset': 'SUI', 'strategy': 'GridTrading', 'entry_price': 1.5}",,,0,0,0,0,,,failed,,ERROR: 'dict' object has no attribute 'strategy',,,,,Exception in _handle_signal_generated
2026-02-26T17:26:51.992759,"{'asset': 'SUI', 'strategy': 'GridTrading', 'entry_price': 1.5}",,,0,0,0,0,,,failed,,ERROR: 'dict' object has no attribute 'strategy',,,,,Exception in _handle_signal_generated
2026-02-26T17:26:51.994836,"{'asset': 'SUI', 'strategy': 'GridTrading', 'entry_price': 1.5}",,,0,0,0,0,,,failed,,ERROR: 'dict' object has no attribute 'strategy',,,,,Exception in _handle_signal_generated
2026-02-26T17:26:51.997242,"{'asset': 'SUI', 'strategy': 'GridTrading', 'entry_price': 1.5}",,,0,0,0,0,,,failed,,ERROR: 'dict' object has no attribute 'strategy',,,,,Exception in _handle_signal_generated
2026-02-26T17:26:51.999616,"{'asset': 'SUI', 'strategy': 'MeanReversion', 'entry_price': 1.5}",,,0,0,0,0,,,failed,,ERROR: 'dict' object has no attribute 'strategy',,,,,Exception in _handle_signal_generated
2026-02-26T17:26:52.001685,"{'asset': 'SUI', 'strategy': 'MeanReversion', 'entry_price': 1.5}",,,0,0,0,0,,,failed,,ERROR: 'dict' object has no attribute 'strategy',,,,,Exception in _handle_signal_generated
2026-02-26T17:26:52.003642,"{'asset': 'SUI', 'strategy': 'MeanReversion', 'entry_price': 1.5}",,,0,0,0,0,,,failed,,ERROR: 'dict' object has no attribute 'strategy',,,,,Exception in _handle_signal_generated
2026-02-26T17:26:52.006006,"{'asset': 'SUI', 'strategy': 'MeanReversion', 'entry_price': 1.5}",,,0,0,0,0,,,failed,,ERROR: 'dict' object has no attribute 'strategy',,,,,Exception in _handle_signal_generated
2026-02-26T17:26:52.008376,"{'asset': 'SUI', 'strategy': 'MeanReversion', 'entry_price': 1.5}",,,0,0,0,0,,,failed,,ERROR: 'dict' object has no attribute 'strategy',,,,,Exception in _handle_signal_generated
2026-02-26T17:26:52.010535,"{'asset': 'SUI', 'strategy': 'MeanReversion', 'entry_price': 1.5}",,,0,0,0,0,,,failed,,ERROR: 'dict' object has no attribute 'strategy',,,,,Exception in _handle_signal_generated
2026-02-26T17:26:52.012673,"{'asset': 'SUI', 'strategy': 'MeanReversion', 'entry_price': 1.5}",,,0,0,0,0,,,failed,,ERROR: 'dict' object has no attribute 'strategy',,,,,Exception in _handle_signal_generated
2026-02-26T17:26:52.014664,"{'asset': 'SUI', 'strategy': 'MeanReversion', 'entry_price': 1.5}",,,0,0,0,0,,,failed,,ERROR: 'dict' object has no attribute 'strategy',,,,,Exception in _handle_signal_generated
2026-02-26T17:26:52.016726,"{'asset': 'SUI', 'strategy': 'MeanReversion', 'entry_price': 1.5}",,,0,0,0,0,,,failed,,ERROR: 'dict' object has no attribute 'strategy',,,,,Exception in _handle_signal_generated
2026-02-26T17:27:50.629922,"{'asset': 'SUI', 'side': 'buy', 'entry_price': 1.5, 'stop_loss': 1.35, 'take_profit': 1.65, 'strategy': 'GridTrading', 'quantity': 100}",,,0,0,0,0,,,failed,,ERROR: 'dict' object has no attribute 'strategy',,,,,Exception in _handle_signal_generated
2026-02-26T17:28:32.389440,"{'asset': 'SUI', 'side': 'buy', 'entry_price': 1.5, 'stop_loss': 1.35, 'take_profit': 1.65, 'strategy': 'GridTrading', 'quantity': 100}",,,0,0,0,0,,,failed,,ERROR: 'dict' object has no attribute 'strategy',,,,,Exception in _handle_signal_generated
2026-02-26T17:28:32.502219,"{'asset': 'SUI', 'strategy': 'GridTrading'}",,,0,0,0,0,,,failed,,ERROR: 'dict' object has no attribute 'strategy',,,,,Exception in _handle_signal_generated
2026-02-26T17:28:32.503838,"{'asset': 'SUI', 'strategy': 'GridTrading'}",,,0,0,0,0,,,failed,,ERROR: 'dict' object has no attribute 'strategy',,,,,Exception in _handle_signal_generated
2026-02-26T17:28:32.614826,"{'asset': 'SUI', 'strategy': 'GridTrading'}",,,0,0,0,0,,,failed,,ERROR: 'dict' object has no attribute 'strategy',,,,,Exception in _handle_signal_generated
2026-02-26T17:28:32.616330,"{'asset': 'SUI', 'strategy': 'GridTrading'}",,,0,0,0,0,,,failed,,ERROR: 'dict' object has no attribute 'strategy',,,,,Exception in _handle_signal_generated
2026-02-26T17:28:32.618375,"{'asset': 'SUI', 'strategy': 'GridTrading'}",,,0,0,0,0,,,failed,,ERROR: 'dict' object has no attribute 'strategy',,,,,Exception in _handle_signal_generated
2026-02-26T17:28:32.858398,"{'asset': 'SUI', 'strategy': 'GridTrading', 'entry_price': 1.5}",,,0,0,0,0,,,failed,,ERROR: 'dict' object has no attribute 'strategy',,,,,Exception in _handle_signal_generated
2026-02-26T17:28:32.860595,"{'asset': 'SUI', 'strategy': 'GridTrading', 'entry_price': 1.5}",,,0,0,0,0,,,failed,,ERROR: 'dict' object has no attribute 'strategy',,,,,Exception in _handle_signal_generated
2026-02-26T17:28:32.862948,"{'asset': 'SUI', 'strategy': 'GridTrading', 'entry_price': 1.5}",,,0,0,0,0,,,failed,,ERROR: 'dict' object has no attribute 'strategy',,,,,Exception in _handle_signal_generated
2026-02-26T17:28:32.865029,"{'asset': 'SUI', 'strategy': 'GridTrading', 'entry_price': 1.5}",,,0,0,0,0,,,failed,,ERROR: 'dict' object has no attribute 'strategy',,,,,Exception in _handle_signal_generated
2026-02-26T17:28:32.868211,"{'asset': 'SUI', 'strategy': 'GridTrading', 'entry_price': 1.5}",,,0,0,0,0,,,failed,,ERROR: 'dict' object has no attribute 'strategy',,,,,Exception in _handle_signal_generated
2026-02-26T17:28:32.870618,"{'asset': 'SUI', 'strategy': 'MeanReversion', 'entry_price': 1.5}",,,0,0,0,0,,,failed,,ERROR: 'dict' object has no attribute 'strategy',,,,,Exception in _handle_signal_generated
2026-02-26T17:28:32.872666,"{'asset': 'SUI', 'strategy': 'MeanReversion', 'entry_price': 1.5}",,,0,0,0,0,,,failed,,ERROR: 'dict' object has no attribute 'strategy',,,,,Exception in _handle_signal_generated
2026-02-26T17:28:32.875138,"{'asset': 'SUI', 'strategy': 'MeanReversion', 'entry_price': 1.5}",,,0,0,0,0,,,failed,,ERROR: 'dict' object has no attribute 'strategy',,,,,Exception in _handle_signal_generated
2026-02-26T17:28:32.877199,"{'asset': 'SUI', 'strategy': 'MeanReversion', 'entry_price': 1.5}",,,0,0,0,0,,,failed,,ERROR: 'dict' object has no attribute 'strategy',,,,,Exception in _handle_signal_generated
2026-02-26T17:28:32.879538,"{'asset': 'SUI', 'strategy': 'MeanReversion', 'entry_price': 1.5}",,,0,0,0,0,,,failed,,ERROR: 'dict' object has no attribute 'strategy',,,,,Exception in _handle_signal_generated
2026-02-26T17:30:53.996734,"{'asset': 'SUI', 'strategy': 'GridTrading'}",,,0,0,0,0,,,failed,,ERROR: 'dict' object has no attribute 'strategy',,,,,Exception in _handle_signal_generated
2026-02-26T17:30:58.779754,"{'asset': 'SUI', 'strategy': 'GridTrading'}",,,0,0,0,0,,,failed,,ERROR: 'dict' object has no attribute 'strategy',,,,,Exception in _handle_signal_generated
2026-02-26T17:30:58.782445,"{'asset': 'SUI', 'strategy': 'GridTrading'}",,,0,0,0,0,,,failed,,ERROR: 'dict' object has no attribute 'strategy',,,,,Exception in _handle_signal_generated
2026-02-26T17:30:58.785802,"{'asset': 'SUI', 'strategy': 'GridTrading'}",,,0,0,0,0,,,failed,,ERROR: 'dict' object has no attribute 'strategy',,,,,Exception in _handle_signal_generated
2026-02-26T17:30:58.788996,"{'asset': 'SUI', 'strategy': 'GridTrading'}",,,0,0,0,0,,,failed,,ERROR: 'dict' object has no attribute 'strategy',,,,,Exception in _handle_signal_generated
2026-02-26T17:30:58.791801,"{'asset': 'SUI', 'strategy': 'GridTrading'}",,,0,0,0,0,,,failed,,ERROR: 'dict' object has no attribute 'strategy',,,,,Exception in _handle_signal_generated
2026-02-26T17:31:41.985180,"{'asset': 'SUI', 'strategy': 'GridTrading'}",,,0,0,0,0,,,failed,,ERROR: 'dict' object has no attribute 'strategy',,,,,Exception in _handle_signal_generated
2026-02-26T17:31:41.987408,"{'asset': 'SUI', 'strategy': 'GridTrading'}",,,0,0,0,0,,,failed,,ERROR: 'dict' object has no attribute 'strategy',,,,,Exception in _handle_signal_generated
2026-02-26T17:31:41.990278,"{'asset': 'SUI', 'strategy': 'GridTrading'}",,,0,0,0,0,,,failed,,ERROR: 'dict' object has no attribute 'strategy',,,,,Exception in _handle_signal_generated
2026-02-26T17:31:41.992710,"{'asset': 'SUI', 'strategy': 'GridTrading'}",,,0,0,0,0,,,failed,,ERROR: 'dict' object has no attribute 'strategy',,,,,Exception in _handle_signal_generated
2026-02-26T17:31:41.995146,"{'asset': 'SUI', 'strategy': 'GridTrading'}",,,0,0,0,0,,,failed,,ERROR: 'dict' object has no attribute 'strategy',,,,,Exception in _handle_signal_generated
2026-05-07T12:20:32.697723,SUI,GRID_TRADING,BUY,0.9930487142857143,0.9730201428571429,0.999558,0.3085433915116441,STANDARD,RANGING_CALM,generated,,,,,,,Generated from GRID_TRADING
2026-05-07T12:20:35.751445,SUI,GRID_TRADING,BUY,0.9930487142857143,0.9730201428571429,0.999558,0.3085433915116441,STANDARD,,failed,,ERROR: Unknown error,,,,,"Grid placement failed, capital: $364.87"
2026-05-07T12:20:35.755515,SUI,GRID_TRADING,SELL,1.0060672857142856,1.0260958571428571,0.999558,0.3085433915116441,STANDARD,RANGING_CALM,generated,,,,,,,Generated from GRID_TRADING
2026-05-07T12:20:39.122634,SUI,GRID_TRADING,SELL,1.0060672857142856,1.0260958571428571,0.999558,0.3085433915116441,STANDARD,,failed,,ERROR: Unknown error,,,,,"Grid placement failed, capital: $364.87"
2026-05-07T14:37:17.012242,SUI,MEAN_REVERSION,BUY,0.972344,0.9568939999999999,1.0042707956834527,0.5062684346179415,STANDARD,RANGING_CALM,generated,,,,,,,Generated from MEAN_REVERSION
2026-05-07T14:37:18.797005,SUI,MEAN_REVERSION,BUY,0.972344,0.9668154285714285,1.0042707956834527,0.4455162224637885,STANDARD,,failed,,"ERROR: ValueError: API error: {""success"":false,""data"":null,""error"":""IP address 2607:fea8:4ea1:2a00:e069:6c2d:afb0:6788 is not whitelisted for agent key 36pHk2Yj7KEJ3U9w5R27Yt9u2tLA9qUKmJNBEJhfdzYk"",""code"":400}",,,,,Exception during execution
2026-05-07T14:38:21.980301,SUI,MEAN_REVERSION,BUY,0.970208,0.9547579999999999,1.0042707956834527,0.5536971734586029,STANDARD,RANGING_CALM,generated,,,,,,,Generated from MEAN_REVERSION
2026-05-07T14:38:23.390780,SUI,MEAN_REVERSION,BUY,0.970208,0.9547579999999999,1.0042707956834527,0.4429577387668824,STANDARD,,failed,,"ERROR: ValueError: API error: {""success"":false,""data"":null,""error"":""IP address 2607:fea8:4ea1:2a00:e069:6c2d:afb0:6788 is not whitelisted for agent key 36pHk2Yj7KEJ3U9w5R27Yt9u2tLA9qUKmJNBEJhfdzYk"",""code"":400}",,,,,Exception during execution
2026-05-07T14:39:28.160883,SUI,MEAN_REVERSION,BUY,0.969782,0.954332,1.0042707956834527,0.5631562758678341,STANDARD,RANGING_CALM,generated,,,,,,,Generated from MEAN_REVERSION
2026-05-07T14:39:29.323334,SUI,MEAN_REVERSION,BUY,0.969782,0.954332,1.0042707956834527,0.4505250206942673,STANDARD,,failed,,"ERROR: ValueError: API error: {""success"":false,""data"":null,""error"":""IP address 2607:fea8:4ea1:2a00:e069:6c2d:afb0:6788 is not whitelisted for agent key 36pHk2Yj7KEJ3U9w5R27Yt9u2tLA9qUKmJNBEJhfdzYk"",""code"":400}",,,,,Exception during execution
2026-05-07T14:40:32.088537,SUI,MEAN_REVERSION,BUY,0.972202,0.9567519999999999,1.0042707956834527,0.5094214687543519,STANDARD,RANGING_CALM,generated,,,,,,,Generated from MEAN_REVERSION
2026-05-07T14:40:33.518736,SUI,MEAN_REVERSION,BUY,0.972202,0.9567519999999999,1.0042707956834527,0.4075371750034815,STANDARD,,failed,,"ERROR: ValueError: API error: {""success"":false,""data"":null,""error"":""IP address 2607:fea8:4ea1:2a00:e069:6c2d:afb0:6788 is not whitelisted for agent key 36pHk2Yj7KEJ3U9w5R27Yt9u2tLA9qUKmJNBEJhfdzYk"",""code"":400}",,,,,Exception during execution
2026-05-07T14:41:36.784551,SUI,MEAN_REVERSION,BUY,0.97147,0.9560199999999999,1.0042707956834527,0.5256751376828944,STANDARD,RANGING_CALM,generated,,,,,,,Generated from MEAN_REVERSION
2026-05-07T14:41:38.253561,SUI,MEAN_REVERSION,BUY,0.97147,0.9560199999999999,1.0042707956834527,0.42054011014631554,STANDARD,,failed,,"ERROR: ValueError: API error: {""success"":false,""data"":null,""error"":""IP address 2607:fea8:4ea1:2a00:e069:6c2d:afb0:6788 is not whitelisted for agent key 36pHk2Yj7KEJ3U9w5R27Yt9u2tLA9qUKmJNBEJhfdzYk"",""code"":400}",,,,,Exception during execution
2026-05-07T14:42:42.147714,SUI,MEAN_REVERSION,BUY,0.9715,0.9553,1.0043394804976138,0.5260102087281378,STANDARD,RANGING_CALM,generated,,,,,,,Generated from MEAN_REVERSION
2026-05-07T14:42:43.293688,SUI,MEAN_REVERSION,BUY,0.9715,0.9553,1.0043394804976138,0.4208081669825102,STANDARD,,failed,,"ERROR: ValueError: API error: {""success"":false,""data"":null,""error"":""IP address 2607:fea8:4ea1:2a00:e069:6c2d:afb0:6788 is not whitelisted for agent key 36pHk2Yj7KEJ3U9w5R27Yt9u2tLA9qUKmJNBEJhfdzYk"",""code"":400}",,,,,Exception during execution
2026-05-07T14:43:46.760826,SUI,MEAN_REVERSION,BUY,0.9722,0.956,1.0043394804976138,0.5105627629771332,STANDARD,RANGING_CALM,generated,,,,,,,Generated from MEAN_REVERSION
2026-05-07T14:43:47.911940,SUI,MEAN_REVERSION,BUY,0.9722,0.956,1.0043394804976138,0.4084502103817066,STANDARD,,failed,,"ERROR: ValueError: API error: {""success"":false,""data"":null,""error"":""IP address 2607:fea8:4ea1:2a00:e069:6c2d:afb0:6788 is not whitelisted for agent key 36pHk2Yj7KEJ3U9w5R27Yt9u2tLA9qUKmJNBEJhfdzYk"",""code"":400}",,,,,Exception during execution
2026-05-07T14:44:51.082518,SUI,MEAN_REVERSION,BUY,0.973466,0.9572660000000001,1.0043394804976138,0.48262495394745397,STANDARD,RANGING_CALM,generated,,,,,,,Generated from MEAN_REVERSION
2026-05-07T14:44:52.483015,SUI,MEAN_REVERSION,BUY,0.973466,0.9572660000000001,1.0043394804976138,0.3860999631579632,STANDARD,,failed,,"ERROR: ValueError: API error: {""success"":false,""data"":null,""error"":""IP address 2607:fea8:4ea1:2a00:e069:6c2d:afb0:6788 is not whitelisted for agent key 36pHk2Yj7KEJ3U9w5R27Yt9u2tLA9qUKmJNBEJhfdzYk"",""code"":400}",,,,,Exception during execution
2026-05-07T14:45:55.244852,SUI,MEAN_REVERSION,BUY,0.973604,0.957404,1.0043394804976138,0.4795796003565419,STANDARD,RANGING_CALM,generated,,,,,,,Generated from MEAN_REVERSION
2026-05-07T14:45:56.448964,SUI,MEAN_REVERSION,BUY,0.973604,0.957404,1.0043394804976138,0.38366368028523357,STANDARD,,failed,,"ERROR: ValueError: API error: {""success"":false,""data"":null,""error"":""IP address 2607:fea8:4ea1:2a00:e069:6c2d:afb0:6788 is not whitelisted for agent key 36pHk2Yj7KEJ3U9w5R27Yt9u2tLA9qUKmJNBEJhfdzYk"",""code"":400}",,,,,Exception during execution
2026-05-07T14:46:59.577853,SUI,MEAN_REVERSION,BUY,0.974838,0.958638,1.0043394804976138,0.4523479602754833,STANDARD,RANGING_CALM,generated,,,,,,,Generated from MEAN_REVERSION
2026-05-07T14:47:00.736384,SUI,MEAN_REVERSION,BUY,0.974838,0.958638,1.0043394804976138,0.36187836822038666,STANDARD,,failed,,"ERROR: ValueError: API error: {""success"":false,""data"":null,""error"":""IP address 2607:fea8:4ea1:2a00:e069:6c2d:afb0:6788 is not whitelisted for agent key 36pHk2Yj7KEJ3U9w5R27Yt9u2tLA9qUKmJNBEJhfdzYk"",""code"":400}",,,,,Exception during execution
2026-05-07T14:48:06.352543,SUI,MEAN_REVERSION,BUY,0.974184,0.9578340000000001,1.0051639690031966,0.33740604530787466,STANDARD,RANGING_CALM,generated,,,,,,,Generated from MEAN_REVERSION
2026-05-07T14:48:07.540132,SUI,MEAN_REVERSION,BUY,0.974184,0.9578340000000001,1.0051639690031966,0.26992483624629976,STANDARD,,failed,,"ERROR: ValueError: API error: {""success"":false,""data"":null,""error"":""IP address 2607:fea8:4ea1:2a00:e069:6c2d:afb0:6788 is not whitelisted for agent key 36pHk2Yj7KEJ3U9w5R27Yt9u2tLA9qUKmJNBEJhfdzYk"",""code"":400}",,,,,Exception during execution
2026-05-07T14:49:10.990849,SUI,MEAN_REVERSION,BUY,0.973516,0.957166,1.0051639690031966,0.3506085230227839,STANDARD,RANGING_CALM,generated,,,,,,,Generated from MEAN_REVERSION
2026-05-07T14:49:12.095534,SUI,MEAN_REVERSION,BUY,0.973516,0.957166,1.0051639690031966,0.28048681841822715,STANDARD,,failed,,"ERROR: ValueError: API error: {""success"":false,""data"":null,""error"":""IP address 2607:fea8:4ea1:2a00:e069:6c2d:afb0:6788 is not whitelisted for agent key 36pHk2Yj7KEJ3U9w5R27Yt9u2tLA9qUKmJNBEJhfdzYk"",""code"":400}",,,,,Exception during execution
2026-05-07T14:50:15.568703,SUI,MEAN_REVERSION,BUY,0.974322,0.957972,1.0051639690031966,0.3346785873368311,STANDARD,RANGING_CALM,generated,,,,,,,Generated from MEAN_REVERSION
2026-05-07T14:50:16.679548,SUI,MEAN_REVERSION,BUY,0.974322,0.957972,1.0051639690031966,0.2677428698694649,STANDARD,,failed,,"ERROR: ValueError: API error: {""success"":false,""data"":null,""error"":""IP address 2607:fea8:4ea1:2a00:e069:6c2d:afb0:6788 is not whitelisted for agent key 36pHk2Yj7KEJ3U9w5R27Yt9u2tLA9qUKmJNBEJhfdzYk"",""code"":400}",,,,,Exception during execution
2026-05-07T14:51:19.293711,SUI,MEAN_REVERSION,BUY,0.975389,0.959039,1.0051639690031966,0.3135901985317304,STANDARD,RANGING_CALM,generated,,,,,,,Generated from MEAN_REVERSION
2026-05-07T14:51:20.695970,SUI,MEAN_REVERSION,BUY,0.975389,0.959039,1.0051639690031966,0.25087215882538433,STANDARD,,failed,,"ERROR: ValueError: API error: {""success"":false,""data"":null,""error"":""IP address 2607:fea8:4ea1:2a00:e069:6c2d:afb0:6788 is not whitelisted for agent key 36pHk2Yj7KEJ3U9w5R27Yt9u2tLA9qUKmJNBEJhfdzYk"",""code"":400}",,,,,Exception during execution
2026-05-07T14:52:24.651034,SUI,MEAN_REVERSION,BUY,0.977062,0.960712,1.0051639690031966,0.28052471167986864,STANDARD,RANGING_CALM,generated,,,,,,,Generated from MEAN_REVERSION
2026-05-07T14:52:26.032899,SUI,MEAN_REVERSION,BUY,0.977062,0.960712,1.0051639690031966,0.22441976934389493,STANDARD,,failed,,"ERROR: ValueError: API error: {""success"":false,""data"":null,""error"":""IP address 2607:fea8:4ea1:2a00:e069:6c2d:afb0:6788 is not whitelisted for agent key 36pHk2Yj7KEJ3U9w5R27Yt9u2tLA9qUKmJNBEJhfdzYk"",""code"":400}",,,,,Exception during execution
2026-05-07T14:58:49.935365,SUI,MEAN_REVERSION,BUY,0.973946,0.9571888571428571,1.0051004927047777,0.32951861509610725,STANDARD,RANGING_CALM,generated,,,,,,,Generated from MEAN_REVERSION
2026-05-07T14:58:51.349555,SUI,MEAN_REVERSION,BUY,0.973946,0.9571888571428571,1.0051004927047777,0.32951861509610725,STANDARD,,failed,,"ERROR: ValueError: API error: {""success"":false,""data"":null,""error"":""IP address 2607:fea8:4ea1:2a00:e069:6c2d:afb0:6788 is not whitelisted for agent key 36pHk2Yj7KEJ3U9w5R27Yt9u2tLA9qUKmJNBEJhfdzYk"",""code"":400}",,,,,Exception during execution
2026-05-07T14:59:54.293523,SUI,MEAN_REVERSION,BUY,0.97469,0.957932857142857,1.0051004927047777,0.3147327446137648,STANDARD,RANGING_CALM,generated,,,,,,,Generated from MEAN_REVERSION
2026-05-07T14:59:55.707171,SUI,MEAN_REVERSION,BUY,0.97469,0.957932857142857,1.0051004927047777,0.3147327446137648,STANDARD,,failed,,"ERROR: ValueError: API error: {""success"":false,""data"":null,""error"":""IP address 2607:fea8:4ea1:2a00:e069:6c2d:afb0:6788 is not whitelisted for agent key 36pHk2Yj7KEJ3U9w5R27Yt9u2tLA9qUKmJNBEJhfdzYk"",""code"":400}",,,,,Exception during execution
2026-05-07T15:01:00.698586,SUI,MEAN_REVERSION,BUY,0.97313,0.9563728571428571,1.0051004927047777,0.3457353762702886,STANDARD,RANGING_CALM,generated,,,,,,,Generated from MEAN_REVERSION
2026-05-07T15:01:02.378401,SUI,MEAN_REVERSION,BUY,0.97313,0.9563728571428571,1.0051004927047777,0.2765883010162309,STANDARD,,failed,,"ERROR: ValueError: API error: {""success"":false,""data"":null,""error"":""IP address 2607:fea8:4ea1:2a00:e069:6c2d:afb0:6788 is not whitelisted for agent key 36pHk2Yj7KEJ3U9w5R27Yt9u2tLA9qUKmJNBEJhfdzYk"",""code"":400}",,,,,Exception during execution
2026-05-07T15:02:05.079269,SUI,MEAN_REVERSION,BUY,0.9741,0.957342857142857,1.0051004927047777,0.32645809889411714,STANDARD,RANGING_CALM,generated,,,,,,,Generated from MEAN_REVERSION
2026-05-07T15:02:06.490076,SUI,MEAN_REVERSION,BUY,0.9741,0.957342857142857,1.0051004927047777,0.2611664791152937,STANDARD,,failed,,"ERROR: ValueError: API error: {""success"":false,""data"":null,""error"":""IP address 2607:fea8:4ea1:2a00:e069:6c2d:afb0:6788 is not whitelisted for agent key 36pHk2Yj7KEJ3U9w5R27Yt9u2tLA9qUKmJNBEJhfdzYk"",""code"":400}",,,,,Exception during execution
2026-05-07T15:03:10.550158,SUI,MEAN_REVERSION,BUY,0.975,0.9582428571428571,1.0051004927047777,0.30857196524612124,STANDARD,RANGING_CALM,generated,,,,,,,Generated from MEAN_REVERSION
2026-05-07T15:03:11.978254,SUI,MEAN_REVERSION,BUY,0.975,0.9582428571428571,1.0051004927047777,0.246857572196897,STANDARD,,failed,,"ERROR: ValueError: API error: {""success"":false,""data"":null,""error"":""IP address 2607:fea8:4ea1:2a00:e069:6c2d:afb0:6788 is not whitelisted for agent key 36pHk2Yj7KEJ3U9w5R27Yt9u2tLA9qUKmJNBEJhfdzYk"",""code"":400}",,,,,Exception during execution
2026-05-07T15:04:15.409291,SUI,MEAN_REVERSION,BUY,0.975,0.9583071428571428,1.0058011143474834,0.2948025884596819,STANDARD,RANGING_CALM,generated,,,,,,,Generated from MEAN_REVERSION
2026-05-07T15:04:16.592778,SUI,MEAN_REVERSION,BUY,0.975,0.9583071428571428,1.0058011143474834,0.23584207076774552,STANDARD,,failed,,"ERROR: ValueError: API error: {""success"":false,""data"":null,""error"":""IP address 2607:fea8:4ea1:2a00:e069:6c2d:afb0:6788 is not whitelisted for agent key 36pHk2Yj7KEJ3U9w5R27Yt9u2tLA9qUKmJNBEJhfdzYk"",""code"":400}",,,,,Exception during execution
2026-05-07T15:05:20.587149,SUI,MEAN_REVERSION,BUY,0.975,0.9583071428571428,1.0058011143474834,0.2948025884596819,STANDARD,RANGING_CALM,generated,,,,,,,Generated from MEAN_REVERSION
2026-05-07T15:05:21.714539,SUI,MEAN_REVERSION,BUY,0.975,0.9583071428571428,1.0058011143474834,0.23584207076774552,STANDARD,,failed,,"ERROR: ValueError: API error: {""success"":false,""data"":null,""error"":""IP address 2607:fea8:4ea1:2a00:e069:6c2d:afb0:6788 is not whitelisted for agent key 36pHk2Yj7KEJ3U9w5R27Yt9u2tLA9qUKmJNBEJhfdzYk"",""code"":400}",,,,,Exception during execution
2026-05-07T15:06:25.755855,SUI,MEAN_REVERSION,BUY,0.974099,0.9574061428571429,1.0058011143474834,0.31113875019067394,STANDARD,RANGING_CALM,generated,,,,,,,Generated from MEAN_REVERSION
2026-05-07T15:06:27.170783,SUI,MEAN_REVERSION,BUY,0.974099,0.9574061428571429,1.0058011143474834,0.24891100015253917,STANDARD,,failed,,"ERROR: ValueError: API error: {""success"":false,""data"":null,""error"":""IP address 2607:fea8:4ea1:2a00:e069:6c2d:afb0:6788 is not whitelisted for agent key 36pHk2Yj7KEJ3U9w5R27Yt9u2tLA9qUKmJNBEJhfdzYk"",""code"":400}",,,,,Exception during execution
2026-05-07T15:07:30.483011,SUI,MEAN_REVERSION,BUY,0.97493,0.9582371428571428,1.0058011143474834,0.2960717686163631,STANDARD,RANGING_CALM,generated,,,,,,,Generated from MEAN_REVERSION
2026-05-07T15:07:31.631478,SUI,MEAN_REVERSION,BUY,0.97493,0.9582371428571428,1.0058011143474834,0.23685741489309048,STANDARD,,failed,,"ERROR: ValueError: API error: {""success"":false,""data"":null,""error"":""IP address 2607:fea8:4ea1:2a00:e069:6c2d:afb0:6788 is not whitelisted for agent key 36pHk2Yj7KEJ3U9w5R27Yt9u2tLA9qUKmJNBEJhfdzYk"",""code"":400}",,,,,Exception during execution
2026-05-07T15:20:15.594760,SUI,MEAN_REVERSION,BUY,0.973715,0.9562292857142857,1.0063905432841025,0.27034573941058526,STANDARD,RANGING_CALM,generated,,,,,,,Generated from MEAN_REVERSION
2026-05-07T15:20:16.775735,SUI,MEAN_REVERSION,BUY,0.973715,0.9562292857142857,1.0063905432841025,0.21627659152846823,STANDARD,,failed,,"ERROR: ValueError: API error: {""success"":false,""data"":null,""error"":""IP address 2607:fea8:4ea1:2a00:e069:6c2d:afb0:6788 is not whitelisted for agent key 36pHk2Yj7KEJ3U9w5R27Yt9u2tLA9qUKmJNBEJhfdzYk"",""code"":400}",,,,,Exception during execution
2026-05-07T15:21:19.947649,SUI,MEAN_REVERSION,BUY,0.970666,0.9531802857142857,1.0063905432841025,0.3224489403880393,STANDARD,RANGING_CALM,generated,,,,,,,Generated from MEAN_REVERSION
2026-05-07T15:21:21.381389,SUI,MEAN_REVERSION,BUY,0.970666,0.9531802857142857,1.0063905432841025,0.2579591523104314,STANDARD,,failed,,"ERROR: ValueError: API error: {""success"":false,""data"":null,""error"":""IP address 2607:fea8:4ea1:2a00:e069:6c2d:afb0:6788 is not whitelisted for agent key 36pHk2Yj7KEJ3U9w5R27Yt9u2tLA9qUKmJNBEJhfdzYk"",""code"":400}",,,,,Exception during execution
2026-05-07T15:22:58.007126,SUI,MEAN_REVERSION,BUY,0.9707,0.9532142857142857,1.0063905432841025,0.3218679273236797,STANDARD,RANGING_CALM,generated,,,,,,,Generated from MEAN_REVERSION
2026-05-07T15:22:59.436001,SUI,MEAN_REVERSION,BUY,0.9707,0.9532142857142857,1.0063905432841025,0.25749434185894376,STANDARD,,failed,,"ERROR: ValueError: API error: {""success"":false,""data"":null,""error"":""IP address 2607:fea8:4ea1:2a00:e069:6c2d:afb0:6788 is not whitelisted for agent key 36pHk2Yj7KEJ3U9w5R27Yt9u2tLA9qUKmJNBEJhfdzYk"",""code"":400}",,,,,Exception during execution
2026-05-07T15:24:02.475993,SUI,MEAN_REVERSION,BUY,0.9714,0.9539142857142857,1.0063905432841025,0.3099058936456804,STANDARD,RANGING_CALM,generated,,,,,,,Generated from MEAN_REVERSION
2026-05-07T15:24:03.905058,SUI,MEAN_REVERSION,BUY,0.9714,0.9656678571428572,1.0063905432841025,0.2727171864081988,STANDARD,,failed,,"ERROR: ValueError: API error: {""success"":false,""data"":null,""error"":""IP address 2607:fea8:4ea1:2a00:e069:6c2d:afb0:6788 is not whitelisted for agent key 36pHk2Yj7KEJ3U9w5R27Yt9u2tLA9qUKmJNBEJhfdzYk"",""code"":400}",,,,,Exception during execution
2026-05-07T15:25:06.802131,SUI,MEAN_REVERSION,BUY,0.97089,0.9534042857142857,1.0063905432841025,0.31862108961107966,STANDARD,RANGING_CALM,generated,,,,,,,Generated from MEAN_REVERSION
2026-05-07T15:25:07.904736,SUI,MEAN_REVERSION,BUY,0.97089,0.9534042857142857,1.0063905432841025,0.2548968716888637,STANDARD,,failed,,"ERROR: ValueError: API error: {""success"":false,""data"":null,""error"":""IP address 2607:fea8:4ea1:2a00:e069:6c2d:afb0:6788 is not whitelisted for agent key 36pHk2Yj7KEJ3U9w5R27Yt9u2tLA9qUKmJNBEJhfdzYk"",""code"":400}",,,,,Exception during execution
2026-05-07T15:26:12.269438,SUI,MEAN_REVERSION,BUY,0.97071,0.9524528571428571,1.0067126970749039,0.345650186277123,STANDARD,RANGING_CALM,generated,,,,,,,Generated from MEAN_REVERSION
2026-05-07T15:26:13.707106,SUI,MEAN_REVERSION,BUY,0.97071,0.9524528571428571,1.0067126970749039,0.2765201490216984,STANDARD,,failed,,"ERROR: ValueError: API error: {""success"":false,""data"":null,""error"":""IP address 2607:fea8:4ea1:2a00:e069:6c2d:afb0:6788 is not whitelisted for agent key 36pHk2Yj7KEJ3U9w5R27Yt9u2tLA9qUKmJNBEJhfdzYk"",""code"":400}",,,,,Exception during execution
2026-05-07T15:27:17.260311,SUI,MEAN_REVERSION,BUY,0.966346,0.9480888571428572,1.0067126970749039,0.41839282632441765,STANDARD,RANGING_CALM,generated,,,,,,,Generated from MEAN_REVERSION
2026-05-07T15:27:18.729234,SUI,MEAN_REVERSION,BUY,0.966346,0.9480888571428572,1.0067126970749039,0.33471426105953417,STANDARD,,failed,,"ERROR: ValueError: API error: {""success"":false,""data"":null,""error"":""IP address 2607:fea8:4ea1:2a00:e069:6c2d:afb0:6788 is not whitelisted for agent key 36pHk2Yj7KEJ3U9w5R27Yt9u2tLA9qUKmJNBEJhfdzYk"",""code"":400}",,,,,Exception during execution
2026-05-07T15:28:22.272450,SUI,MEAN_REVERSION,BUY,0.9667,0.9484428571428571,1.0067126970749039,0.41249207138016,STANDARD,RANGING_CALM,generated,,,,,,,Generated from MEAN_REVERSION
2026-05-07T15:28:23.421807,SUI,MEAN_REVERSION,BUY,0.9667,0.9484428571428571,1.0067126970749039,0.329993657104128,STANDARD,,failed,,"ERROR: ValueError: API error: {""success"":false,""data"":null,""error"":""IP address 2607:fea8:4ea1:2a00:e069:6c2d:afb0:6788 is not whitelisted for agent key 36pHk2Yj7KEJ3U9w5R27Yt9u2tLA9qUKmJNBEJhfdzYk"",""code"":400}",,,,,Exception during execution
2026-05-07T15:29:26.361428,SUI,MEAN_REVERSION,BUY,0.967694,0.9494368571428572,1.0067126970749039,0.395923284898259,STANDARD,RANGING_CALM,generated,,,,,,,Generated from MEAN_REVERSION
2026-05-07T15:29:27.511659,SUI,MEAN_REVERSION,BUY,0.967694,0.9494368571428572,1.0067126970749039,0.31673862791860724,STANDARD,,failed,,"ERROR: ValueError: API error: {""success"":false,""data"":null,""error"":""IP address 2607:fea8:4ea1:2a00:e069:6c2d:afb0:6788 is not whitelisted for agent key 36pHk2Yj7KEJ3U9w5R27Yt9u2tLA9qUKmJNBEJhfdzYk"",""code"":400}",,,,,Exception during execution
2026-05-07T15:30:32.216753,SUI,MEAN_REVERSION,BUY,0.969138,0.9508808571428572,1.0067126970749039,0.37185353874145444,STANDARD,RANGING_CALM,generated,,,,,,,Generated from MEAN_REVERSION
2026-05-07T15:30:33.386297,SUI,MEAN_REVERSION,BUY,0.969138,0.9508808571428572,1.0067126970749039,0.2974828309931636,STANDARD,,failed,,"ERROR: ValueError: API error: {""success"":false,""data"":null,""error"":""IP address 2607:fea8:4ea1:2a00:e069:6c2d:afb0:6788 is not whitelisted for agent key 36pHk2Yj7KEJ3U9w5R27Yt9u2tLA9qUKmJNBEJhfdzYk"",""code"":400}",,,,,Exception during execution
2026-05-07T15:31:37.189154,SUI,MEAN_REVERSION,BUY,0.9713,0.9527857142857143,1.0078526159663137,0.4069372488003034,STANDARD,RANGING_CALM,generated,,,,,,,Generated from MEAN_REVERSION
2026-05-07T15:31:38.345775,SUI,MEAN_REVERSION,BUY,0.9713,0.9527857142857143,1.0078526159663137,0.3255497990402427,STANDARD,,failed,,"ERROR: ValueError: API error: {""success"":false,""data"":null,""error"":""IP address 2607:fea8:4ea1:2a00:e069:6c2d:afb0:6788 is not whitelisted for agent key 36pHk2Yj7KEJ3U9w5R27Yt9u2tLA9qUKmJNBEJhfdzYk"",""code"":400}",,,,,Exception during execution
2026-05-07T16:21:03.801092,SUI,GRID_TRADING,BUY,0.9648706428571429,0.9424849285714286,0.972146,0.37880881316920595,STANDARD,RANGING_CALM,generated,,,,,,,Generated from GRID_TRADING
2026-05-07T16:21:07.172550,SUI,GRID_TRADING,BUY,0.9648706428571429,0.9424849285714286,0.972146,0.37880881316920595,STANDARD,,failed,,ERROR: Unknown error,,,,,"Grid placement failed, capital: $364.87"
2026-05-07T16:21:07.176469,SUI,GRID_TRADING,SELL,0.979421357142857,1.0018070714285714,0.972146,0.37880881316920595,STANDARD,RANGING_CALM,generated,,,,,,,Generated from GRID_TRADING
2026-05-07T16:21:09.971361,SUI,GRID_TRADING,SELL,0.979421357142857,1.0018070714285714,0.972146,0.37880881316920595,STANDARD,,failed,,ERROR: Unknown error,,,,,"Grid placement failed, capital: $364.87"
2026-05-07T20:21:11.957979,SUI,GRID_TRADING,BUY,0.964198,0.9425979999999999,0.971218,0.36341952973730235,STANDARD,RANGING_CALM,generated,,,,,,,Generated from GRID_TRADING
2026-05-07T20:21:15.437526,SUI,GRID_TRADING,BUY,0.964198,0.9425979999999999,0.971218,0.36341952973730235,STANDARD,,failed,,ERROR: Unknown error,,,,,"Grid placement failed, capital: $364.87"
2026-05-07T20:21:15.441697,SUI,GRID_TRADING,SELL,0.978238,0.9998380000000001,0.971218,0.36341952973730235,STANDARD,RANGING_CALM,generated,,,,,,,Generated from GRID_TRADING
2026-05-07T20:21:18.171882,SUI,GRID_TRADING,SELL,0.978238,0.9998380000000001,0.971218,0.36341952973730235,STANDARD,,failed,,ERROR: Unknown error,,,,,"Grid placement failed, capital: $364.87"
2026-05-07T21:16:56.025552,SUI,MEAN_REVERSION,BUY,0.960618,0.9482322857142857,0.9781407424445643,0.34213795259304636,STANDARD,RANGING_CALM,generated,,,,,,,Generated from MEAN_REVERSION
2026-05-07T21:16:57.187204,SUI,MEAN_REVERSION,BUY,0.960618,0.9482322857142857,0.9781407424445643,0.2737103620744371,STANDARD,,failed,,"ERROR: ValueError: API error: {""success"":false,""data"":null,""error"":""IP address 2607:fea8:4ea1:2a00:e069:6c2d:afb0:6788 is not whitelisted for agent key 36pHk2Yj7KEJ3U9w5R27Yt9u2tLA9qUKmJNBEJhfdzYk"",""code"":400}",,,,,Exception during execution
2026-05-07T21:18:00.783638,SUI,MEAN_REVERSION,BUY,0.96107,0.9486842857142856,0.9781407424445643,0.32673891033696634,STANDARD,RANGING_CALM,generated,,,,,,,Generated from MEAN_REVERSION
2026-05-07T21:18:02.001933,SUI,MEAN_REVERSION,BUY,0.96107,0.9486842857142856,0.9781407424445643,0.26139112826957306,STANDARD,,failed,,"ERROR: ValueError: API error: {""success"":false,""data"":null,""error"":""IP address 2607:fea8:4ea1:2a00:e069:6c2d:afb0:6788 is not whitelisted for agent key 36pHk2Yj7KEJ3U9w5R27Yt9u2tLA9qUKmJNBEJhfdzYk"",""code"":400}",,,,,Exception during execution
2026-05-07T21:19:06.816753,SUI,MEAN_REVERSION,BUY,0.961997,0.9496112857142858,0.9781407424445643,0.2951572462409793,STANDARD,RANGING_CALM,generated,,,,,,,Generated from MEAN_REVERSION
2026-05-07T21:19:08.270059,SUI,MEAN_REVERSION,BUY,0.961997,0.9496112857142858,0.9781407424445643,0.23612579699278344,STANDARD,,failed,,"ERROR: ValueError: API error: {""success"":false,""data"":null,""error"":""IP address 2607:fea8:4ea1:2a00:e069:6c2d:afb0:6788 is not whitelisted for agent key 36pHk2Yj7KEJ3U9w5R27Yt9u2tLA9qUKmJNBEJhfdzYk"",""code"":400}",,,,,Exception during execution
2026-05-07T21:20:13.689091,SUI,MEAN_REVERSION,BUY,0.962204,0.9498182857142856,0.9781407424445643,0.2881050299865371,STANDARD,RANGING_CALM,generated,,,,,,,Generated from MEAN_REVERSION
2026-05-07T21:20:15.091278,SUI,MEAN_REVERSION,BUY,0.962204,0.9498182857142856,0.9781407424445643,0.23048402398922968,STANDARD,,failed,,"ERROR: ValueError: API error: {""success"":false,""data"":null,""error"":""IP address 2607:fea8:4ea1:2a00:e069:6c2d:afb0:6788 is not whitelisted for agent key 36pHk2Yj7KEJ3U9w5R27Yt9u2tLA9qUKmJNBEJhfdzYk"",""code"":400}",,,,,Exception during execution
2026-05-08T00:21:23.191763,SUI,GRID_TRADING,BUY,0.9623782857142857,0.9426068571428572,0.968804,0.2903536475471824,STANDARD,RANGING_CALM,generated,,,,,,,Generated from GRID_TRADING
2026-05-08T00:21:28.352590,SUI,GRID_TRADING,BUY,0.9623782857142857,0.9426068571428572,0.968804,0.2903536475471824,STANDARD,,executed,,"Grid placed: 5 BUY, 5 SELL",grid_SUI_5buy_5sell,0.9623782857142857,10,,Capital allocated: $364.87
2026-05-08T00:21:28.361013,SUI,GRID_TRADING,SELL,0.9752297142857143,0.9950011428571428,0.968804,0.2903536475471824,STANDARD,RANGING_CALM,generated,,,,,,,Generated from GRID_TRADING
2026-05-08T00:21:29.075449,SUI,GRID_TRADING,SELL,0.9752297142857143,0.9950011428571428,0.968804,0.2903536475471824,STANDARD,,rejected,Grid already active for SUI,,,,,,
2026-05-08T00:24:10.520450,TRUMP,MEAN_REVERSION,SELL,2.38908,2.4149442857142853,2.3586148709286,0.26278837232933167,STANDARD,RANGING_CALM,generated,,,,,,,Generated from MEAN_REVERSION
2026-05-08T00:24:11.920053,TRUMP,MEAN_REVERSION,SELL,2.38908,2.4149442857142853,2.3586148709286,0.21023069786346535,STANDARD,,failed,,"ERROR: ValueError: API error: {""success"":false,""data"":null,""error"":""Market order amount 572.7211479732784 is not a multiple of lot size 0.1"",""code"":400}",,,,,Exception during execution
2026-05-08T00:25:16.037156,TRUMP,MEAN_REVERSION,SELL,2.3892,2.4150642857142857,2.3586148709286,0.2650010161161216,STANDARD,RANGING_CALM,generated,,,,,,,Generated from MEAN_REVERSION
2026-05-08T00:25:17.271895,TRUMP,MEAN_REVERSION,SELL,2.3892,2.4150642857142857,2.3586148709286,0.2120008128928973,STANDARD,,failed,,"ERROR: ValueError: API error: {""success"":false,""data"":null,""error"":""Market order amount 572.69238247112 is not a multiple of lot size 0.1"",""code"":400}",,,,,Exception during execution
2026-05-08T00:26:20.468990,TRUMP,MEAN_REVERSION,SELL,2.38828,2.4141442857142854,2.3586148709286,0.24803741375077595,STANDARD,RANGING_CALM,generated,,,,,,,Generated from MEAN_REVERSION
2026-05-08T00:26:21.678930,TRUMP,MEAN_REVERSION,SELL,2.38828,2.4141442857142854,2.3586148709286,0.19842993100062079,STANDARD,,failed,,"ERROR: ValueError: API error: {""success"":false,""data"":null,""error"":""Market order amount 572.9129918602509 is not a multiple of lot size 0.1"",""code"":400}",,,,,Exception during execution
2026-05-08T00:27:25.210768,TRUMP,MEAN_REVERSION,SELL,2.38868,2.4145442857142854,2.3586148709286,0.2554128930400538,STANDARD,RANGING_CALM,generated,,,,,,,Generated from MEAN_REVERSION
2026-05-08T00:27:26.926174,TRUMP,MEAN_REVERSION,SELL,2.38868,2.4145442857142854,2.3586148709286,0.20433031443204308,STANDARD,,failed,,"ERROR: ValueError: API error: {""success"":false,""data"":null,""error"":""Market order amount 572.8170538540114 is not a multiple of lot size 0.1"",""code"":400}",,,,,Exception during execution
2026-05-08T00:36:00.667912,TRUMP,MEAN_REVERSION,SELL,2.387787,2.412258428571428,2.3589237034054764,0.3185607571522149,STANDARD,RANGING_CALM,generated,,,,,,,Generated from MEAN_REVERSION
2026-05-08T00:36:02.098482,TRUMP,MEAN_REVERSION,SELL,2.387787,2.412258428571428,2.3589237034054764,0.2548486057217719,STANDARD,,failed,,"ERROR: ValueError: API error: {""success"":false,""data"":null,""error"":""Market order amount 573.0312796744433 is not a multiple of lot size 0.1"",""code"":400}",,,,,Exception during execution
2026-05-08T00:37:05.798630,TRUMP,MEAN_REVERSION,SELL,2.38816,2.4126314285714283,2.3589237034054764,0.3256379756036611,STANDARD,RANGING_CALM,generated,,,,,,,Generated from MEAN_REVERSION
2026-05-08T00:37:07.162638,TRUMP,MEAN_REVERSION,SELL,2.38816,2.4126314285714283,2.3589237034054764,0.2605103804829289,STANDARD,,failed,,"ERROR: ValueError: API error: {""success"":false,""data"":null,""error"":""Market order amount 572.9417795290098 is not a multiple of lot size 0.1"",""code"":400}",,,,,Exception during execution
2026-05-08T00:38:11.142374,TRUMP,MEAN_REVERSION,SELL,2.3883,2.4127714285714283,2.3589237034054764,0.3282943042449539,STANDARD,RANGING_CALM,generated,,,,,,,Generated from MEAN_REVERSION
2026-05-08T00:38:12.284524,TRUMP,MEAN_REVERSION,SELL,2.3883,2.4127714285714283,2.3589237034054764,0.2626354433959632,STANDARD,,failed,,"ERROR: ValueError: API error: {""success"":false,""data"":null,""error"":""Market order amount 572.9081941967089 is not a multiple of lot size 0.1"",""code"":400}",,,,,Exception during execution
2026-05-08T00:39:15.767675,TRUMP,MEAN_REVERSION,SELL,2.38802,2.4124914285714283,2.3589237034054764,0.32298164696236836,STANDARD,RANGING_CALM,generated,,,,,,,Generated from MEAN_REVERSION
2026-05-08T00:39:17.165289,TRUMP,MEAN_REVERSION,SELL,2.38802,2.4124914285714283,2.3589237034054764,0.2583853175698947,STANDARD,,failed,,"ERROR: ValueError: API error: {""success"":false,""data"":null,""error"":""Market order amount 572.9753687992562 is not a multiple of lot size 0.1"",""code"":400}",,,,,Exception during execution
2026-05-08T01:40:13.150165,TRUMP,MEAN_REVERSION,SELL,2.399363,2.4282915714285713,2.3566805272538116,0.37278804766431306,STANDARD,RANGING_CALM,generated,,,,,,,Generated from MEAN_REVERSION
2026-05-08T01:40:14.656539,TRUMP,MEAN_REVERSION,SELL,2.399363,2.4282915714285713,2.3566805272538116,0.29823043813145045,STANDARD,,failed,,"ERROR: ValueError: API error: {""success"":false,""data"":null,""error"":""Market order amount 570.2672950695663 is not a multiple of lot size 0.1"",""code"":400}",,,,,Exception during execution
2026-05-08T01:41:17.418858,TRUMP,MEAN_REVERSION,SELL,2.39792,2.4268485714285712,2.3566805272538116,0.3501046858676668,STANDARD,RANGING_CALM,generated,,,,,,,Generated from MEAN_REVERSION
2026-05-08T01:41:18.843042,TRUMP,MEAN_REVERSION,SELL,2.39792,2.4268485714285712,2.3566805272538116,0.28008374869413344,STANDARD,,failed,,"ERROR: ValueError: API error: {""success"":false,""data"":null,""error"":""Market order amount 570.6104656952692 is not a multiple of lot size 0.1"",""code"":400}",,,,,Exception during execution
2026-05-08T01:51:58.841200,TRUMP,MEAN_REVERSION,SELL,2.399193,2.4283572857142857,2.3559017091683465,0.3612921758881944,STANDARD,RANGING_CALM,generated,,,,,,,Generated from MEAN_REVERSION
2026-05-08T01:52:00.280038,TRUMP,MEAN_REVERSION,SELL,2.399193,2.4283572857142857,2.3559017091683465,0.28903374071055554,STANDARD,,failed,,"ERROR: ValueError: API error: {""success"":false,""data"":null,""error"":""Market order amount 570.3077025899959 is not a multiple of lot size 0.1"",""code"":400}",,,,,Exception during execution
2026-05-08T01:53:04.396691,TRUMP,MEAN_REVERSION,SELL,2.3981,2.4272642857142857,2.3559017091683465,0.34583124117154057,STANDARD,RANGING_CALM,generated,,,,,,,Generated from MEAN_REVERSION
2026-05-08T01:53:05.479029,TRUMP,MEAN_REVERSION,SELL,2.3981,2.4272642857142857,2.3559017091683465,0.27666499293723246,STANDARD,,failed,,"ERROR: ValueError: API error: {""success"":false,""data"":null,""error"":""Market order amount 570.5676360035028 is not a multiple of lot size 0.1"",""code"":400}",,,,,Exception during execution
2026-05-08T01:54:09.343199,TRUMP,MEAN_REVERSION,SELL,2.398539,2.4277032857142857,2.3559017091683465,0.3520410767988161,STANDARD,RANGING_CALM,generated,,,,,,,Generated from MEAN_REVERSION
2026-05-08T01:54:10.702895,TRUMP,MEAN_REVERSION,SELL,2.398539,2.4277032857142857,2.3559017091683465,0.28163286143905286,STANDARD,,failed,,"ERROR: ValueError: API error: {""success"":false,""data"":null,""error"":""Market order amount 570.4632061017144 is not a multiple of lot size 0.1"",""code"":400}",,,,,Exception during execution
2026-05-08T01:55:15.321269,TRUMP,MEAN_REVERSION,SELL,2.395009,2.4241732857142857,2.3559017091683465,0.30210777437449043,STANDARD,RANGING_CALM,generated,,,,,,,Generated from MEAN_REVERSION
2026-05-08T01:55:16.470715,TRUMP,MEAN_REVERSION,SELL,2.395009,2.404576857142857,2.3559017091683465,0.2658548414495516,STANDARD,,failed,,"ERROR: ValueError: API error: {""success"":false,""data"":null,""error"":""Market order amount 571.3040109243849 is not a multiple of lot size 0.1"",""code"":400}",,,,,Exception during execution
2026-05-08T04:21:40.831324,SUI,GRID_TRADING,BUY,0.9607531428571429,0.9444674285714285,0.966046,0.2570535855632263,STANDARD,RANGING_CALM,generated,,,,,,,Generated from GRID_TRADING
2026-05-08T04:21:41.574562,SUI,GRID_TRADING,BUY,0.9607531428571429,0.9444674285714285,0.966046,0.2570535855632263,STANDARD,,rejected,Grid already active for SUI,,,,,,
2026-05-08T04:21:41.578512,SUI,GRID_TRADING,SELL,0.9713388571428571,0.9876245714285714,0.966046,0.2570535855632263,STANDARD,RANGING_CALM,generated,,,,,,,Generated from GRID_TRADING
2026-05-08T04:21:42.314916,SUI,GRID_TRADING,SELL,0.9713388571428571,0.9876245714285714,0.966046,0.2570535855632263,STANDARD,,rejected,Grid already active for SUI,,,,,,
2026-05-08T07:20:28.060877,TRUMP,MEAN_REVERSION,SELL,2.393297,2.422761285714286,2.3576694871883594,0.4433141453893674,STANDARD,RANGING_CALM,generated,,,,,,,Generated from MEAN_REVERSION
2026-05-08T07:20:29.778114,TRUMP,MEAN_REVERSION,SELL,2.393297,2.422761285714286,2.3576694871883594,0.35465131631149394,STANDARD,,failed,,"ERROR: ValueError: API error: {""success"":false,""data"":null,""error"":""Market order amount 571.7167046129251 is not a multiple of lot size 0.1"",""code"":400}",,,,,Exception during execution
2026-05-08T07:21:33.608343,TRUMP,MEAN_REVERSION,SELL,2.3938,2.423264285714286,2.3576694871883594,0.4534959793055002,STANDARD,RANGING_CALM,generated,,,,,,,Generated from MEAN_REVERSION
2026-05-08T07:21:35.059854,TRUMP,MEAN_REVERSION,SELL,2.3938,2.423264285714286,2.3576694871883594,0.36279678344440014,STANDARD,,failed,,"ERROR: ValueError: API error: {""success"":false,""data"":null,""error"":""Market order amount 571.5965719776087 is not a multiple of lot size 0.1"",""code"":400}",,,,,Exception during execution
2026-05-08T07:22:39.744991,TRUMP,MEAN_REVERSION,SELL,2.391566,2.4230017142857148,2.356578053457665,0.45815408826805765,STANDARD,RANGING_CALM,generated,,,,,,,Generated from MEAN_REVERSION
2026-05-08T07:22:41.126428,TRUMP,MEAN_REVERSION,SELL,2.391566,2.4230017142857148,2.356578053457665,0.3665232706144461,STANDARD,,failed,,"ERROR: ValueError: API error: {""success"":false,""data"":null,""error"":""Market order amount 572.1305094653461 is not a multiple of lot size 0.1"",""code"":400}",,,,,Exception during execution
2026-05-08T07:23:44.358940,TRUMP,MEAN_REVERSION,SELL,2.3925,2.4239357142857147,2.356578053457665,0.47533168257127467,STANDARD,RANGING_CALM,generated,,,,,,,Generated from MEAN_REVERSION
2026-05-08T07:23:45.791284,TRUMP,MEAN_REVERSION,SELL,2.3925,2.4239357142857147,2.356578053457665,0.3802653460570198,STANDARD,,failed,,"ERROR: ValueError: API error: {""success"":false,""data"":null,""error"":""Market order amount 571.9071573667711 is not a multiple of lot size 0.1"",""code"":400}",,,,,Exception during execution
2026-05-08T07:24:49.858512,TRUMP,MEAN_REVERSION,SELL,2.39028,2.421715714285715,2.356578053457665,0.43450271110110306,STANDARD,RANGING_CALM,generated,,,,,,,Generated from MEAN_REVERSION
2026-05-08T07:24:51.260309,TRUMP,MEAN_REVERSION,SELL,2.39028,2.421715714285715,2.356578053457665,0.34760216888088247,STANDARD,,failed,,"ERROR: ValueError: API error: {""success"":false,""data"":null,""error"":""Market order amount 572.438322706963 is not a multiple of lot size 0.1"",""code"":400}",,,,,Exception during execution
2026-05-08T07:25:54.906731,TRUMP,MEAN_REVERSION,SELL,2.388443,2.4198787142857148,2.356578053457665,0.40071765678096216,STANDARD,RANGING_CALM,generated,,,,,,,Generated from MEAN_REVERSION
2026-05-08T07:25:56.024033,TRUMP,MEAN_REVERSION,SELL,2.388443,2.4198787142857148,2.356578053457665,0.32057412542476976,STANDARD,,failed,,"ERROR: ValueError: API error: {""success"":false,""data"":null,""error"":""Market order amount 572.8785966422477 is not a multiple of lot size 0.1"",""code"":400}",,,,,Exception during execution
2026-05-08T07:28:04.411246,TRUMP,MEAN_REVERSION,SELL,2.38914,2.4205757142857145,2.3574345128663796,0.3775690690930041,STANDARD,RANGING_CALM,generated,,,,,,,Generated from MEAN_REVERSION
2026-05-08T07:28:05.779412,TRUMP,MEAN_REVERSION,SELL,2.38914,2.4205757142857145,2.3574345128663796,0.3020552552744033,STANDARD,,failed,,"ERROR: ValueError: API error: {""success"":false,""data"":null,""error"":""Market order amount 572.7114668876667 is not a multiple of lot size 0.1"",""code"":400}",,,,,Exception during execution
2026-05-08T07:29:09.632080,TRUMP,MEAN_REVERSION,SELL,2.38914,2.4205757142857145,2.3574345128663796,0.3775690690930041,STANDARD,RANGING_CALM,generated,,,,,,,Generated from MEAN_REVERSION
2026-05-08T07:29:11.346415,TRUMP,MEAN_REVERSION,SELL,2.38914,2.4205757142857145,2.3574345128663796,0.3020552552744033,STANDARD,,failed,,"ERROR: ValueError: API error: {""success"":false,""data"":null,""error"":""Market order amount 572.7114668876667 is not a multiple of lot size 0.1"",""code"":400}",,,,,Exception during execution
2026-05-08T07:30:14.429938,TRUMP,MEAN_REVERSION,SELL,2.391267,2.4227027142857147,2.3574345128663796,0.41964486885979607,STANDARD,RANGING_CALM,generated,,,,,,,Generated from MEAN_REVERSION
2026-05-08T07:30:15.581152,TRUMP,MEAN_REVERSION,SELL,2.391267,2.4227027142857147,2.3574345128663796,0.3357158950878369,STANDARD,,failed,,"ERROR: ValueError: API error: {""success"":false,""data"":null,""error"":""Market order amount 572.2020477010722 is not a multiple of lot size 0.1"",""code"":400}",,,,,Exception during execution
2026-05-08T07:31:19.343853,TRUMP,MEAN_REVERSION,SELL,2.395624,2.427059714285715,2.3574345128663796,0.5058339894916256,STANDARD,RANGING_CALM,generated,,,,,,,Generated from MEAN_REVERSION
2026-05-08T07:31:20.494344,TRUMP,MEAN_REVERSION,SELL,2.395624,2.427059714285715,2.3574345128663796,0.4046671915933005,STANDARD,,failed,,"ERROR: ValueError: API error: {""success"":false,""data"":null,""error"":""Market order amount 571.1613650556179 is not a multiple of lot size 0.1"",""code"":400}",,,,,Exception during execution
2026-05-08T07:32:24.581789,TRUMP,MEAN_REVERSION,SELL,2.397188,2.4286237142857146,2.3574345128663796,0.5367726593718524,STANDARD,RANGING_CALM,generated,,,,,,,Generated from MEAN_REVERSION
2026-05-08T07:32:26.244070,TRUMP,MEAN_REVERSION,SELL,2.397188,2.4286237142857146,2.3574345128663796,0.4294181274974819,STANDARD,,failed,,"ERROR: ValueError: API error: {""success"":false,""data"":null,""error"":""Market order amount 570.7887216188301 is not a multiple of lot size 0.1"",""code"":400}",,,,,Exception during execution
2026-05-08T07:33:30.146097,TRUMP,MEAN_REVERSION,SELL,2.3976,2.4284571428571433,2.355064397072582,0.48276133741018445,STANDARD,RANGING_CALM,generated,,,,,,,Generated from MEAN_REVERSION
2026-05-08T07:33:31.259205,TRUMP,MEAN_REVERSION,SELL,2.3976,2.4284571428571433,2.355064397072582,0.3862090699281476,STANDARD,,failed,,"ERROR: ValueError: API error: {""success"":false,""data"":null,""error"":""Market order amount 570.6906381381381 is not a multiple of lot size 0.1"",""code"":400}",,,,,Exception during execution
2026-05-08T07:34:34.495850,TRUMP,MEAN_REVERSION,SELL,2.39686,2.4277171428571434,2.355064397072582,0.4707972960977915,STANDARD,RANGING_CALM,generated,,,,,,,Generated from MEAN_REVERSION
2026-05-08T07:34:35.903389,TRUMP,MEAN_REVERSION,SELL,2.39686,2.4277171428571434,2.355064397072582,0.3766378368782332,STANDARD,,failed,,"ERROR: ValueError: API error: {""success"":false,""data"":null,""error"":""Market order amount 570.8668316046827 is not a multiple of lot size 0.1"",""code"":400}",,,,,Exception during execution
2026-05-08T07:35:39.353867,TRUMP,MEAN_REVERSION,SELL,2.39714,2.427997142857143,2.355064397072582,0.47532423064842066,STANDARD,RANGING_CALM,generated,,,,,,,Generated from MEAN_REVERSION
2026-05-08T07:35:40.419933,TRUMP,MEAN_REVERSION,SELL,2.39714,2.427997142857143,2.355064397072582,0.38025938451873653,STANDARD,,failed,,"ERROR: ValueError: API error: {""success"":false,""data"":null,""error"":""Market order amount 570.8001510132908 is not a multiple of lot size 0.1"",""code"":400}",,,,,Exception during execution
2026-05-08T07:36:43.627243,TRUMP,MEAN_REVERSION,SELL,2.3988,2.429657142857143,2.355064397072582,0.5021624854843342,STANDARD,RANGING_CALM,generated,,,,,,,Generated from MEAN_REVERSION
2026-05-08T07:36:45.024718,TRUMP,MEAN_REVERSION,SELL,2.3988,2.429657142857143,2.355064397072582,0.4017299883874674,STANDARD,,failed,,"ERROR: ValueError: API error: {""success"":false,""data"":null,""error"":""Market order amount 570.4051500750375 is not a multiple of lot size 0.1"",""code"":400}",,,,,Exception during execution
2026-05-08T07:48:32.957708,TRUMP,MEAN_REVERSION,SELL,2.39568,2.4263228571428574,2.35463704940333,0.38595087684542456,STANDARD,RANGING_CALM,generated,,,,,,,Generated from MEAN_REVERSION
2026-05-08T07:49:04.796081,TRUMP,MEAN_REVERSION,SELL,2.39568,2.4263228571428574,2.35463704940333,0.30876070147633966,STANDARD,,failed,,"ERROR: ValueError: API error: {""success"":false,""data"":null,""error"":""Market order amount 571.148013925065 is not a multiple of lot size 0.1"",""code"":400}",,,,,Exception during execution
2026-05-08T07:49:37.163053,TRUMP,MEAN_REVERSION,SELL,2.396417,2.4270598571428574,2.35463704940333,0.3972760092277046,STANDARD,RANGING_CALM,generated,,,,,,,Generated from MEAN_REVERSION
2026-05-08T07:49:38.379670,TRUMP,MEAN_REVERSION,SELL,2.396417,2.4270598571428574,2.35463704940333,0.31782080738216373,STANDARD,,failed,,"ERROR: ValueError: API error: {""success"":false,""data"":null,""error"":""Market order amount 570.9723616549206 is not a multiple of lot size 0.1"",""code"":400}",,,,,Exception during execution
2026-05-08T07:50:42.176999,TRUMP,MEAN_REVERSION,SELL,2.3945,2.4251428571428573,2.35463704940333,0.36781837181002064,STANDARD,RANGING_CALM,generated,,,,,,,Generated from MEAN_REVERSION
2026-05-08T07:50:43.901047,TRUMP,MEAN_REVERSION,SELL,2.3945,2.4251428571428573,2.35463704940333,0.2942546974480165,STANDARD,,failed,,"ERROR: ValueError: API error: {""success"":false,""data"":null,""error"":""Market order amount 571.4294733764877 is not a multiple of lot size 0.1"",""code"":400}",,,,,Exception during execution
2026-05-08T07:51:46.952220,TRUMP,MEAN_REVERSION,SELL,2.39204,2.4226828571428576,2.35463704940333,0.3300167087701214,STANDARD,RANGING_CALM,generated,,,,,,,Generated from MEAN_REVERSION
2026-05-08T07:51:48.653821,TRUMP,MEAN_REVERSION,SELL,2.39204,2.4226828571428576,2.35463704940333,0.2640133670160971,STANDARD,,failed,,"ERROR: ValueError: API error: {""success"":false,""data"":null,""error"":""Market order amount 572.017137673283 is not a multiple of lot size 0.1"",""code"":400}",,,,,Exception during execution
2026-05-08T07:52:52.882942,TRUMP,MEAN_REVERSION,SELL,2.39366,2.4243028571428575,2.35463704940333,0.3549104868695698,STANDARD,RANGING_CALM,generated,,,,,,,Generated from MEAN_REVERSION
2026-05-08T07:52:54.372025,TRUMP,MEAN_REVERSION,SELL,2.39366,2.4243028571428575,2.35463704940333,0.28392838949565585,STANDARD,,failed,,"ERROR: ValueError: API error: {""success"":false,""data"":null,""error"":""Market order amount 571.6300034257162 is not a multiple of lot size 0.1"",""code"":400}",,,,,Exception during execution
2026-05-08T07:53:59.195527,TRUMP,MEAN_REVERSION,SELL,2.39508,2.4262157142857146,2.35463704940333,0.3767309590308149,STANDARD,RANGING_CALM,generated,,,,,,,Generated from MEAN_REVERSION
2026-05-08T07:54:00.488649,TRUMP,MEAN_REVERSION,SELL,2.39508,2.4262157142857146,2.35463704940333,0.3013847672246519,STANDARD,,failed,,"ERROR: ValueError: API error: {""success"":false,""data"":null,""error"":""Market order amount 571.2910942431985 is not a multiple of lot size 0.1"",""code"":400}",,,,,Exception during execution
2026-05-08T07:55:04.311701,TRUMP,MEAN_REVERSION,SELL,2.39706,2.4281957142857147,2.35463704940333,0.4071566878190317,STANDARD,RANGING_CALM,generated,,,,,,,Generated from MEAN_REVERSION
2026-05-08T07:55:05.443519,TRUMP,MEAN_REVERSION,SELL,2.39706,2.4281957142857147,2.35463704940333,0.32572535025522537,STANDARD,,failed,,"ERROR: ValueError: API error: {""success"":false,""data"":null,""error"":""Market order amount 570.8192010212509 is not a multiple of lot size 0.1"",""code"":400}",,,,,Exception during execution
2026-05-08T07:56:08.688721,TRUMP,MEAN_REVERSION,SELL,2.3972,2.4283357142857147,2.35463704940333,0.4093080019757747,STANDARD,RANGING_CALM,generated,,,,,,,Generated from MEAN_REVERSION
2026-05-08T07:56:10.053972,TRUMP,MEAN_REVERSION,SELL,2.3972,2.4283357142857147,2.35463704940333,0.3274464015806198,STANDARD,,failed,,"ERROR: ValueError: API error: {""success"":false,""data"":null,""error"":""Market order amount 570.7858643417319 is not a multiple of lot size 0.1"",""code"":400}",,,,,Exception during execution
2026-05-08T07:57:14.355775,TRUMP,MEAN_REVERSION,SELL,2.3964,2.4275357142857144,2.35463704940333,0.3970147782229549,STANDARD,RANGING_CALM,generated,,,,,,,Generated from MEAN_REVERSION
2026-05-08T07:57:16.021624,TRUMP,MEAN_REVERSION,SELL,2.3964,2.404360714285714,2.35463704940333,0.3493730048362004,STANDARD,,failed,,"ERROR: ValueError: API error: {""success"":false,""data"":null,""error"":""Market order amount 570.9764121181772 is not a multiple of lot size 0.1"",""code"":400}",,,,,Exception during execution
2026-05-08T07:58:19.726530,TRUMP,MEAN_REVERSION,SELL,2.39598,2.4271157142857147,2.35463704940333,0.39056083575273287,STANDARD,RANGING_CALM,generated,,,,,,,Generated from MEAN_REVERSION
2026-05-08T07:58:21.362484,TRUMP,MEAN_REVERSION,SELL,2.39598,2.4271157142857147,2.35463704940333,0.31244866860218634,STANDARD,,failed,,"ERROR: ValueError: API error: {""success"":false,""data"":null,""error"":""Market order amount 571.0765006385695 is not a multiple of lot size 0.1"",""code"":400}",,,,,Exception during execution
2026-05-08T07:59:27.320725,TRUMP,MEAN_REVERSION,SELL,2.394,2.425435714285715,2.3544623078270766,0.3698240152630093,STANDARD,RANGING_CALM,generated,,,,,,,Generated from MEAN_REVERSION
2026-05-08T07:59:28.410410,TRUMP,MEAN_REVERSION,SELL,2.394,2.4020785714285715,2.3544623078270766,0.3254451334314482,STANDARD,,failed,,"ERROR: ValueError: API error: {""success"":false,""data"":null,""error"":""Market order amount 571.5488195488721 is not a multiple of lot size 0.1"",""code"":400}",,,,,Exception during execution
2026-05-08T08:00:32.158833,TRUMP,MEAN_REVERSION,SELL,2.3931,2.4245357142857147,2.3544623078270766,0.35615845161129644,STANDARD,RANGING_CALM,generated,,,,,,,Generated from MEAN_REVERSION
2026-05-08T08:00:33.814170,TRUMP,MEAN_REVERSION,SELL,2.3931,2.4245357142857147,2.3544623078270766,0.28492676128903716,STANDARD,,failed,,"ERROR: ValueError: API error: {""success"":false,""data"":null,""error"":""Market order amount 571.76444208349 is not a multiple of lot size 0.1"",""code"":400}",,,,,Exception during execution
2026-05-08T08:02:09.576761,TRUMP,MEAN_REVERSION,SELL,2.39134,2.4227757142857147,2.3544623078270766,0.32943468269239523,STANDARD,RANGING_CALM,generated,,,,,,,Generated from MEAN_REVERSION
2026-05-08T08:02:10.704615,TRUMP,MEAN_REVERSION,SELL,2.39134,2.4227757142857147,2.3544623078270766,0.2635477461539162,STANDARD,,failed,,"ERROR: ValueError: API error: {""success"":false,""data"":null,""error"":""Market order amount 572.1852544389338 is not a multiple of lot size 0.1"",""code"":400}",,,,,Exception during execution
2026-05-08T08:04:18.549294,TRUMP,MEAN_REVERSION,SELL,2.39142,2.422855714285715,2.3544623078270766,0.33064939946143745,STANDARD,RANGING_CALM,generated,,,,,,,Generated from MEAN_REVERSION
2026-05-08T08:04:19.654017,TRUMP,MEAN_REVERSION,SELL,2.39142,2.399927142857143,2.3544623078270766,0.290971471526065,STANDARD,,failed,,"ERROR: ValueError: API error: {""success"":false,""data"":null,""error"":""Market order amount 572.1661131670722 is not a multiple of lot size 0.1"",""code"":400}",,,,,Exception during execution
2026-05-08T08:10:16.149886,TRUMP,MEAN_REVERSION,SELL,2.39126,2.4217742857142857,2.357121818269189,0.3860128283794464,STANDARD,RANGING_CALM,generated,,,,,,,Generated from MEAN_REVERSION
2026-05-08T08:10:17.291495,TRUMP,MEAN_REVERSION,SELL,2.39126,2.4217742857142857,2.357121818269189,0.30881026270355716,STANDARD,,failed,,"ERROR: ValueError: API error: {""success"":false,""data"":null,""error"":""Market order amount 572.2043969915443 is not a multiple of lot size 0.1"",""code"":400}",,,,,Exception during execution
2026-05-08T08:11:20.761692,TRUMP,MEAN_REVERSION,SELL,2.39172,2.4222342857142856,2.357121818269189,0.39330739833144224,STANDARD,RANGING_CALM,generated,,,,,,,Generated from MEAN_REVERSION
2026-05-08T08:11:22.167567,TRUMP,MEAN_REVERSION,SELL,2.39172,2.4222342857142856,2.357121818269189,0.3146459186651538,STANDARD,,failed,,"ERROR: ValueError: API error: {""success"":false,""data"":null,""error"":""Market order amount 572.0943448020672 is not a multiple of lot size 0.1"",""code"":400}",,,,,Exception during execution
2026-05-08T08:12:25.673981,TRUMP,MEAN_REVERSION,SELL,2.3927,2.4232142857142858,2.357121818269189,0.4088480038813529,STANDARD,RANGING_CALM,generated,,,,,,,Generated from MEAN_REVERSION
2026-05-08T08:12:27.065893,TRUMP,MEAN_REVERSION,SELL,2.3927,2.4232142857142858,2.357121818269189,0.32707840310508235,STANDARD,,failed,,"ERROR: ValueError: API error: {""success"":false,""data"":null,""error"":""Market order amount 571.8600268943035 is not a multiple of lot size 0.1"",""code"":400}",,,,,Exception during execution
2026-05-08T08:22:04.613343,SUI,GRID_TRADING,BUY,0.9635260714285715,0.9496832142857143,0.968025,0.26449942592191783,STANDARD,RANGING_CALM,generated,,,,,,,Generated from GRID_TRADING
2026-05-08T08:22:05.610041,SUI,GRID_TRADING,BUY,0.9635260714285715,0.9496832142857143,0.968025,0.26449942592191783,STANDARD,,rejected,Grid already active for SUI,,,,,,
2026-05-08T08:22:05.614063,SUI,GRID_TRADING,SELL,0.9725239285714286,0.9863667857142857,0.968025,0.26449942592191783,STANDARD,RANGING_CALM,generated,,,,,,,Generated from GRID_TRADING
2026-05-08T08:22:06.329865,SUI,GRID_TRADING,SELL,0.9725239285714286,0.9863667857142857,0.968025,0.26449942592191783,STANDARD,,rejected,Grid already active for SUI,,,,,,
2026-05-08T08:22:38.269529,TRUMP,MEAN_REVERSION,SELL,2.392121,2.421092428571429,2.3587052558537143,0.2505895986051696,STANDARD,RANGING_CALM,generated,,,,,,,Generated from MEAN_REVERSION
2026-05-08T08:22:39.402745,TRUMP,MEAN_REVERSION,SELL,2.392121,2.421092428571429,2.3587052558537143,0.2004716788841357,STANDARD,,failed,,"ERROR: ValueError: API error: {""success"":false,""data"":null,""error"":""Market order amount 571.9984425327983 is not a multiple of lot size 0.1"",""code"":400}",,,,,Exception during execution
2026-05-08T08:23:42.910533,TRUMP,MEAN_REVERSION,SELL,2.392211,2.421182428571429,2.3587052558537143,0.2520594067737011,STANDARD,RANGING_CALM,generated,,,,,,,Generated from MEAN_REVERSION
2026-05-08T08:23:44.291609,TRUMP,MEAN_REVERSION,SELL,2.392211,2.421182428571429,2.3587052558537143,0.2016475254189609,STANDARD,,failed,,"ERROR: ValueError: API error: {""success"":false,""data"":null,""error"":""Market order amount 571.9769227505433 is not a multiple of lot size 0.1"",""code"":400}",,,,,Exception during execution
2026-05-08T08:24:47.938840,TRUMP,MEAN_REVERSION,SELL,2.39386,2.422831428571429,2.3587052558537143,0.27898955866152836,STANDARD,RANGING_CALM,generated,,,,,,,Generated from MEAN_REVERSION
2026-05-08T08:24:49.311609,TRUMP,MEAN_REVERSION,SELL,2.39386,2.422831428571429,2.3587052558537143,0.2231916469292227,STANDARD,,failed,,"ERROR: ValueError: API error: {""success"":false,""data"":null,""error"":""Market order amount 571.5829189468055 is not a multiple of lot size 0.1"",""code"":400}",,,,,Exception during execution
2026-05-08T08:25:53.267636,TRUMP,MEAN_REVERSION,SELL,2.39292,2.421891428571429,2.3587052558537143,0.26363822890133676,STANDARD,RANGING_CALM,generated,,,,,,,Generated from MEAN_REVERSION
2026-05-08T08:25:54.702658,TRUMP,MEAN_REVERSION,SELL,2.39292,2.421891428571429,2.3587052558537143,0.21091058312106942,STANDARD,,failed,,"ERROR: ValueError: API error: {""success"":false,""data"":null,""error"":""Market order amount 571.8074512938167 is not a multiple of lot size 0.1"",""code"":400}",,,,,Exception during execution
2026-05-08T08:26:59.194128,TRUMP,MEAN_REVERSION,SELL,2.3925,2.422307142857143,2.358313814925017,0.29776923204538397,STANDARD,RANGING_CALM,generated,,,,,,,Generated from MEAN_REVERSION
2026-05-08T08:27:00.865047,TRUMP,MEAN_REVERSION,SELL,2.3925,2.422307142857143,2.358313814925017,0.23821538563630718,STANDARD,,failed,,"ERROR: ValueError: API error: {""success"":false,""data"":null,""error"":""Market order amount 571.9078312852664 is not a multiple of lot size 0.1"",""code"":400}",,,,,Exception during execution
2026-05-08T08:28:05.266373,TRUMP,MEAN_REVERSION,SELL,2.39346,2.423267142857143,2.358313814925017,0.3129461497905479,STANDARD,RANGING_CALM,generated,,,,,,,Generated from MEAN_REVERSION
2026-05-08T08:28:06.652230,TRUMP,MEAN_REVERSION,SELL,2.39346,2.423267142857143,2.358313814925017,0.25035691983243835,STANDARD,,failed,,"ERROR: ValueError: API error: {""success"":false,""data"":null,""error"":""Market order amount 571.6784430698654 is not a multiple of lot size 0.1"",""code"":400}",,,,,Exception during execution
2026-05-08T08:29:11.064355,TRUMP,MEAN_REVERSION,SELL,2.39412,2.423927142857143,2.358313814925017,0.3233802807403455,STANDARD,RANGING_CALM,generated,,,,,,,Generated from MEAN_REVERSION
2026-05-08T08:29:12.481345,TRUMP,MEAN_REVERSION,SELL,2.39412,2.423927142857143,2.358313814925017,0.25870422459227643,STANDARD,,failed,,"ERROR: ValueError: API error: {""success"":false,""data"":null,""error"":""Market order amount 571.52084538369 is not a multiple of lot size 0.1"",""code"":400}",,,,,Exception during execution
2026-05-08T08:30:15.518827,TRUMP,MEAN_REVERSION,SELL,2.395089,2.424896142857143,2.358313814925017,0.33869948208936923,STANDARD,RANGING_CALM,generated,,,,,,,Generated from MEAN_REVERSION
2026-05-08T08:30:16.950677,TRUMP,MEAN_REVERSION,SELL,2.395089,2.424896142857143,2.358313814925017,0.2709595856714954,STANDARD,,failed,,"ERROR: ValueError: API error: {""success"":false,""data"":null,""error"":""Market order amount 571.2896206988551 is not a multiple of lot size 0.1"",""code"":400}",,,,,Exception during execution
2026-05-08T08:31:20.022486,TRUMP,MEAN_REVERSION,SELL,2.39438,2.424187142857143,2.358313814925017,0.32749069596299263,STANDARD,RANGING_CALM,generated,,,,,,,Generated from MEAN_REVERSION
2026-05-08T08:31:21.404838,TRUMP,MEAN_REVERSION,SELL,2.39438,2.424187142857143,2.358313814925017,0.2619925567703941,STANDARD,,failed,,"ERROR: ValueError: API error: {""success"":false,""data"":null,""error"":""Market order amount 571.4587853014142 is not a multiple of lot size 0.1"",""code"":400}",,,,,Exception during execution
2026-05-08T08:32:26.694571,TRUMP,MEAN_REVERSION,SELL,2.39532,2.4228557142857143,2.358710323856299,0.2630878721895047,STANDARD,RANGING_CALM,generated,,,,,,,Generated from MEAN_REVERSION
2026-05-08T08:32:27.837191,TRUMP,MEAN_REVERSION,SELL,2.39532,2.4228557142857143,2.358710323856299,0.21047029775160375,STANDARD,,failed,,"ERROR: ValueError: API error: {""success"":false,""data"":null,""error"":""Market order amount 571.2345266394469 is not a multiple of lot size 0.1"",""code"":400}",,,,,Exception during execution
2026-05-08T08:47:26.766873,TRUMP,MEAN_REVERSION,SELL,2.40852,2.4389700000000003,2.3570330130830524,0.4163875665575193,STANDARD,RANGING_CALM,generated,,,,,,,Generated from MEAN_REVERSION
2026-05-08T08:47:27.932886,TRUMP,MEAN_REVERSION,SELL,2.40852,2.4389700000000003,2.3570330130830524,0.33311005324601545,STANDARD,,failed,,"ERROR: ValueError: API error: {""success"":false,""data"":null,""error"":""IP address 2607:fea8:4ea1:2a00:b8f0:938f:2bd1:a71e is not whitelisted for agent key 36pHk2Yj7KEJ3U9w5R27Yt9u2tLA9qUKmJNBEJhfdzYk"",""code"":400}",,,,,Exception during execution
2026-05-08T08:48:32.497728,TRUMP,MEAN_REVERSION,SELL,2.40976,2.44021,2.3570330130830524,0.4315021528465179,STANDARD,RANGING_CALM,generated,,,,,,,Generated from MEAN_REVERSION
2026-05-08T08:48:33.708454,TRUMP,MEAN_REVERSION,SELL,2.40976,2.44021,2.3570330130830524,0.34520172227721435,STANDARD,,failed,,"ERROR: ValueError: API error: {""success"":false,""data"":null,""error"":""IP address 2607:fea8:4ea1:2a00:b8f0:938f:2bd1:a71e is not whitelisted for agent key 36pHk2Yj7KEJ3U9w5R27Yt9u2tLA9qUKmJNBEJhfdzYk"",""code"":400}",,,,,Exception during execution
2026-05-08T08:49:36.993992,TRUMP,MEAN_REVERSION,SELL,2.411,2.44145,2.3570330130830524,0.44661673913552186,STANDARD,RANGING_CALM,generated,,,,,,,Generated from MEAN_REVERSION
2026-05-08T08:49:38.076586,TRUMP,MEAN_REVERSION,SELL,2.411,2.44145,2.3570330130830524,0.35729339130841753,STANDARD,,failed,,"ERROR: ValueError: API error: {""success"":false,""data"":null,""error"":""IP address 2607:fea8:4ea1:2a00:b8f0:938f:2bd1:a71e is not whitelisted for agent key 36pHk2Yj7KEJ3U9w5R27Yt9u2tLA9qUKmJNBEJhfdzYk"",""code"":400}",,,,,Exception during execution
2026-05-08T08:50:42.324511,TRUMP,MEAN_REVERSION,SELL,2.404714,2.435164,2.3570330130830524,0.3699955379962697,STANDARD,RANGING_CALM,generated,,,,,,,Generated from MEAN_REVERSION
2026-05-08T08:50:43.461065,TRUMP,MEAN_REVERSION,SELL,2.404714,2.435164,2.3570330130830524,0.2959964303970158,STANDARD,,failed,,"ERROR: ValueError: API error: {""success"":false,""data"":null,""error"":""IP address 2607:fea8:4ea1:2a00:b8f0:938f:2bd1:a71e is not whitelisted for agent key 36pHk2Yj7KEJ3U9w5R27Yt9u2tLA9qUKmJNBEJhfdzYk"",""code"":400}",,,,,Exception during execution
2026-05-08T08:51:47.296411,TRUMP,MEAN_REVERSION,SELL,2.40176,2.43221,2.3570330130830524,0.33398869291747,STANDARD,RANGING_CALM,generated,,,,,,,Generated from MEAN_REVERSION
2026-05-08T08:51:48.418305,TRUMP,MEAN_REVERSION,SELL,2.40176,2.43221,2.3570330130830524,0.33398869291747,STANDARD,,failed,,"ERROR: ValueError: API error: {""success"":false,""data"":null,""error"":""IP address 2607:fea8:4ea1:2a00:b8f0:938f:2bd1:a71e is not whitelisted for agent key 36pHk2Yj7KEJ3U9w5R27Yt9u2tLA9qUKmJNBEJhfdzYk"",""code"":400}",,,,,Exception during execution
2026-05-08T09:18:31.022793,TRUMP,MEAN_REVERSION,SELL,2.4068,2.4402500000000003,2.35977959246565,0.32044790770071424,STANDARD,RANGING_CALM,generated,,,,,,,Generated from MEAN_REVERSION
2026-05-08T09:18:32.167230,TRUMP,MEAN_REVERSION,SELL,2.4068,2.4168285714285713,2.35977959246565,0.2819941587766286,STANDARD,,failed,,"ERROR: ValueError: API error: {""success"":false,""data"":null,""error"":""IP address 2607:fea8:4ea1:2a00:b8f0:938f:2bd1:a71e is not whitelisted for agent key 36pHk2Yj7KEJ3U9w5R27Yt9u2tLA9qUKmJNBEJhfdzYk"",""code"":400}",,,,,Exception during execution
2026-05-08T09:19:36.095578,TRUMP,MEAN_REVERSION,SELL,2.4083,2.4417500000000003,2.35977959246565,0.33853806358574323,STANDARD,RANGING_CALM,generated,,,,,,,Generated from MEAN_REVERSION
2026-05-08T09:19:37.241086,TRUMP,MEAN_REVERSION,SELL,2.4083,2.4417500000000003,2.35977959246565,0.2708304508685946,STANDARD,,failed,,"ERROR: ValueError: API error: {""success"":false,""data"":null,""error"":""IP address 2607:fea8:4ea1:2a00:b8f0:938f:2bd1:a71e is not whitelisted for agent key 36pHk2Yj7KEJ3U9w5R27Yt9u2tLA9qUKmJNBEJhfdzYk"",""code"":400}",,,,,Exception during execution
2026-05-08T09:20:09.849173,SUI,MEAN_REVERSION,SELL,0.9808,0.9922,0.9554310617236677,0.5722254782725518,STANDARD,RANGING_CALM,generated,,,,,,,Generated from MEAN_REVERSION
2026-05-08T09:20:11.007217,SUI,MEAN_REVERSION,SELL,0.9808,0.9922,0.9554310617236677,0.45778038261804144,STANDARD,,failed,,"ERROR: ValueError: API error: {""success"":false,""data"":null,""error"":""IP address 2607:fea8:4ea1:2a00:b8f0:938f:2bd1:a71e is not whitelisted for agent key 36pHk2Yj7KEJ3U9w5R27Yt9u2tLA9qUKmJNBEJhfdzYk"",""code"":400}",,,,,Exception during execution
2026-05-08T09:20:42.882101,TRUMP,MEAN_REVERSION,SELL,2.40848,2.44193,2.35977959246565,0.3407088822919448,STANDARD,RANGING_CALM,generated,,,,,,,Generated from MEAN_REVERSION
2026-05-08T09:20:44.064748,TRUMP,MEAN_REVERSION,SELL,2.40848,2.44193,2.35977959246565,0.27256710583355587,STANDARD,,failed,,"ERROR: ValueError: API error: {""success"":false,""data"":null,""error"":""IP address 2607:fea8:4ea1:2a00:b8f0:938f:2bd1:a71e is not whitelisted for agent key 36pHk2Yj7KEJ3U9w5R27Yt9u2tLA9qUKmJNBEJhfdzYk"",""code"":400}",,,,,Exception during execution
2026-05-08T09:21:16.862345,SUI,MEAN_REVERSION,SELL,0.9826,0.994,0.9554310617236677,0.6198070217483984,STANDARD,RANGING_CALM,generated,,,,,,,Generated from MEAN_REVERSION
2026-05-08T09:21:18.586521,SUI,MEAN_REVERSION,SELL,0.9826,0.994,0.9554310617236677,0.49584561739871874,STANDARD,,failed,,"ERROR: ValueError: API error: {""success"":false,""data"":null,""error"":""IP address 2607:fea8:4ea1:2a00:b8f0:938f:2bd1:a71e is not whitelisted for agent key 36pHk2Yj7KEJ3U9w5R27Yt9u2tLA9qUKmJNBEJhfdzYk"",""code"":400}",,,,,Exception during execution
2026-05-08T09:21:49.756498,TRUMP,MEAN_REVERSION,SELL,2.41082,2.4442700000000004,2.35977959246565,0.3689295254725918,STANDARD,RANGING_CALM,generated,,,,,,,Generated from MEAN_REVERSION
2026-05-08T09:21:50.848808,TRUMP,MEAN_REVERSION,SELL,2.41082,2.4442700000000004,2.35977959246565,0.29514362037807346,STANDARD,,failed,,"ERROR: ValueError: API error: {""success"":false,""data"":null,""error"":""IP address 2607:fea8:4ea1:2a00:b8f0:938f:2bd1:a71e is not whitelisted for agent key 36pHk2Yj7KEJ3U9w5R27Yt9u2tLA9qUKmJNBEJhfdzYk"",""code"":400}",,,,,Exception during execution
2026-05-08T09:22:21.946168,SUI,MEAN_REVERSION,SELL,0.981,0.9924,0.9554310617236677,0.577512316436534,STANDARD,RANGING_CALM,generated,,,,,,,Generated from MEAN_REVERSION
2026-05-08T09:22:23.328577,SUI,MEAN_REVERSION,SELL,0.981,0.9924,0.9554310617236677,0.4620098531492272,STANDARD,,failed,,"ERROR: ValueError: API error: {""success"":false,""data"":null,""error"":""IP address 2607:fea8:4ea1:2a00:b8f0:938f:2bd1:a71e is not whitelisted for agent key 36pHk2Yj7KEJ3U9w5R27Yt9u2tLA9qUKmJNBEJhfdzYk"",""code"":400}",,,,,Exception during execution
2026-05-08T09:22:55.391900,TRUMP,MEAN_REVERSION,SELL,2.413016,2.446466,2.35977959246565,0.39541351368826894,STANDARD,RANGING_CALM,generated,,,,,,,Generated from MEAN_REVERSION
2026-05-08T09:22:56.567254,TRUMP,MEAN_REVERSION,SELL,2.413016,2.446466,2.35977959246565,0.31633081095061516,STANDARD,,failed,,"ERROR: ValueError: API error: {""success"":false,""data"":null,""error"":""IP address 2607:fea8:4ea1:2a00:b8f0:938f:2bd1:a71e is not whitelisted for agent key 36pHk2Yj7KEJ3U9w5R27Yt9u2tLA9qUKmJNBEJhfdzYk"",""code"":400}",,,,,Exception during execution
2026-05-08T09:23:28.288000,SUI,MEAN_REVERSION,SELL,0.980606,0.9920059999999999,0.9554310617236677,0.5670972452534876,STANDARD,RANGING_CALM,generated,,,,,,,Generated from MEAN_REVERSION
2026-05-08T09:23:29.984079,SUI,MEAN_REVERSION,SELL,0.980606,0.9920059999999999,0.9554310617236677,0.4536777962027901,STANDARD,,failed,,"ERROR: ValueError: API error: {""success"":false,""data"":null,""error"":""IP address 2607:fea8:4ea1:2a00:b8f0:938f:2bd1:a71e is not whitelisted for agent key 36pHk2Yj7KEJ3U9w5R27Yt9u2tLA9qUKmJNBEJhfdzYk"",""code"":400}",,,,,Exception during execution
2026-05-08T09:24:02.264100,TRUMP,MEAN_REVERSION,SELL,2.4121,2.4466428571428573,2.359042885742704,0.4091333312064568,STANDARD,RANGING_CALM,generated,,,,,,,Generated from MEAN_REVERSION
2026-05-08T09:24:03.647279,TRUMP,MEAN_REVERSION,SELL,2.4121,2.4466428571428573,2.359042885742704,0.3273066649651655,STANDARD,,failed,,"ERROR: ValueError: API error: {""success"":false,""data"":null,""error"":""IP address 2607:fea8:4ea1:2a00:b8f0:938f:2bd1:a71e is not whitelisted for agent key 36pHk2Yj7KEJ3U9w5R27Yt9u2tLA9qUKmJNBEJhfdzYk"",""code"":400}",,,,,Exception during execution
2026-05-08T09:24:34.724053,SUI,MEAN_REVERSION,SELL,0.9811,0.9924999999999999,0.9554310617236677,0.5801557355185252,STANDARD,RANGING_CALM,generated,,,,,,,Generated from MEAN_REVERSION
2026-05-08T09:24:35.833228,SUI,MEAN_REVERSION,SELL,0.9811,0.9924999999999999,0.9554310617236677,0.4641245884148202,STANDARD,,failed,,"ERROR: ValueError: API error: {""success"":false,""data"":null,""error"":""IP address 2607:fea8:4ea1:2a00:b8f0:938f:2bd1:a71e is not whitelisted for agent key 36pHk2Yj7KEJ3U9w5R27Yt9u2tLA9qUKmJNBEJhfdzYk"",""code"":400}",,,,,Exception during execution
2026-05-08T09:25:08.389285,TRUMP,MEAN_REVERSION,SELL,2.4108,2.4453428571428573,2.359042885742704,0.39405627250865394,STANDARD,RANGING_CALM,generated,,,,,,,Generated from MEAN_REVERSION
2026-05-08T09:25:09.819096,TRUMP,MEAN_REVERSION,SELL,2.4108,2.4453428571428573,2.359042885742704,0.31524501800692317,STANDARD,,failed,,"ERROR: ValueError: API error: {""success"":false,""data"":null,""error"":""IP address 2607:fea8:4ea1:2a00:b8f0:938f:2bd1:a71e is not whitelisted for agent key 36pHk2Yj7KEJ3U9w5R27Yt9u2tLA9qUKmJNBEJhfdzYk"",""code"":400}",,,,,Exception during execution
2026-05-08T09:25:42.307049,SUI,MEAN_REVERSION,SELL,0.981612,0.9932691428571429,0.9553108000278281,0.5972771062017505,STANDARD,RANGING_CALM,generated,,,,,,,Generated from MEAN_REVERSION
2026-05-08T09:25:43.377620,SUI,MEAN_REVERSION,SELL,0.981612,0.9932691428571429,0.9553108000278281,0.4778216849614004,STANDARD,,failed,,"ERROR: ValueError: API error: {""success"":false,""data"":null,""error"":""IP address 2607:fea8:4ea1:2a00:b8f0:938f:2bd1:a71e is not whitelisted for agent key 36pHk2Yj7KEJ3U9w5R27Yt9u2tLA9qUKmJNBEJhfdzYk"",""code"":400}",,,,,Exception during execution
2026-05-08T09:26:15.055206,TRUMP,MEAN_REVERSION,SELL,2.4139,2.448442857142857,2.359042885742704,0.4300092586341802,STANDARD,RANGING_CALM,generated,,,,,,,Generated from MEAN_REVERSION
2026-05-08T09:26:16.192206,TRUMP,MEAN_REVERSION,SELL,2.4139,2.448442857142857,2.359042885742704,0.3440074069073442,STANDARD,,failed,,"ERROR: ValueError: API error: {""success"":false,""data"":null,""error"":""IP address 2607:fea8:4ea1:2a00:b8f0:938f:2bd1:a71e is not whitelisted for agent key 36pHk2Yj7KEJ3U9w5R27Yt9u2tLA9qUKmJNBEJhfdzYk"",""code"":400}",,,,,Exception during execution
2026-05-08T09:26:48.301109,SUI,MEAN_REVERSION,SELL,0.981692,0.9933491428571428,0.9553108000278281,0.5993642079182239,STANDARD,RANGING_CALM,generated,,,,,,,Generated from MEAN_REVERSION
2026-05-08T09:26:49.423111,SUI,MEAN_REVERSION,SELL,0.981692,0.9933491428571428,0.9553108000278281,0.4794913663345791,STANDARD,,failed,,"ERROR: ValueError: API error: {""success"":false,""data"":null,""error"":""IP address 2607:fea8:4ea1:2a00:b8f0:938f:2bd1:a71e is not whitelisted for agent key 36pHk2Yj7KEJ3U9w5R27Yt9u2tLA9qUKmJNBEJhfdzYk"",""code"":400}",,,,,Exception during execution
2026-05-08T09:27:21.110328,TRUMP,MEAN_REVERSION,SELL,2.4162,2.450742857142857,2.359042885742704,0.45668405479182944,STANDARD,RANGING_CALM,generated,,,,,,,Generated from MEAN_REVERSION
2026-05-08T09:27:22.209158,TRUMP,MEAN_REVERSION,SELL,2.4162,2.450742857142857,2.359042885742704,0.36534724383346356,STANDARD,,failed,,"ERROR: ValueError: API error: {""success"":false,""data"":null,""error"":""IP address 2607:fea8:4ea1:2a00:b8f0:938f:2bd1:a71e is not whitelisted for agent key 36pHk2Yj7KEJ3U9w5R27Yt9u2tLA9qUKmJNBEJhfdzYk"",""code"":400}",,,,,Exception during execution
2026-05-08T09:27:54.241932,SUI,MEAN_REVERSION,SELL,0.981149,0.9928061428571429,0.9553108000278281,0.5851980050176564,STANDARD,RANGING_CALM,generated,,,,,,,Generated from MEAN_REVERSION
2026-05-08T09:27:55.599113,SUI,MEAN_REVERSION,SELL,0.981149,0.9928061428571429,0.9553108000278281,0.4681584040141251,STANDARD,,failed,,"ERROR: ValueError: API error: {""success"":false,""data"":null,""error"":""IP address 2607:fea8:4ea1:2a00:b8f0:938f:2bd1:a71e is not whitelisted for agent key 36pHk2Yj7KEJ3U9w5R27Yt9u2tLA9qUKmJNBEJhfdzYk"",""code"":400}",,,,,Exception during execution
2026-05-08T09:28:27.510190,TRUMP,MEAN_REVERSION,SELL,2.4138,2.4483428571428574,2.359042885742704,0.42884948488819813,STANDARD,RANGING_CALM,generated,,,,,,,Generated from MEAN_REVERSION
2026-05-08T09:28:28.606937,TRUMP,MEAN_REVERSION,SELL,2.4138,2.4483428571428574,2.359042885742704,0.34307958791055854,STANDARD,,failed,,"ERROR: ValueError: API error: {""success"":false,""data"":null,""error"":""IP address 2607:fea8:4ea1:2a00:b8f0:938f:2bd1:a71e is not whitelisted for agent key 36pHk2Yj7KEJ3U9w5R27Yt9u2tLA9qUKmJNBEJhfdzYk"",""code"":400}",,,,,Exception during execution
2026-05-08T09:28:59.697176,SUI,MEAN_REVERSION,SELL,0.982151,0.9938081428571428,0.9553108000278281,0.6113389540164942,STANDARD,RANGING_CALM,generated,,,,,,,Generated from MEAN_REVERSION
2026-05-08T09:29:00.932954,SUI,MEAN_REVERSION,SELL,0.982151,0.9938081428571428,0.9553108000278281,0.4890711632131954,STANDARD,,failed,,"ERROR: ValueError: API error: {""success"":false,""data"":null,""error"":""IP address 2607:fea8:4ea1:2a00:b8f0:938f:2bd1:a71e is not whitelisted for agent key 36pHk2Yj7KEJ3U9w5R27Yt9u2tLA9qUKmJNBEJhfdzYk"",""code"":400}",,,,,Exception during execution
2026-05-08T09:29:33.920278,TRUMP,MEAN_REVERSION,SELL,2.413355,2.4485407142857145,2.358847511603984,0.42855998202825946,STANDARD,RANGING_CALM,generated,,,,,,,Generated from MEAN_REVERSION
2026-05-08T09:29:35.012447,TRUMP,MEAN_REVERSION,SELL,2.413355,2.4485407142857145,2.358847511603984,0.3428479856226076,STANDARD,,failed,,"ERROR: ValueError: API error: {""success"":false,""data"":null,""error"":""IP address 2607:fea8:4ea1:2a00:b8f0:938f:2bd1:a71e is not whitelisted for agent key 36pHk2Yj7KEJ3U9w5R27Yt9u2tLA9qUKmJNBEJhfdzYk"",""code"":400}",,,,,Exception during execution
2026-05-08T09:30:07.322976,SUI,MEAN_REVERSION,SELL,0.980444,0.9921011428571428,0.9553108000278281,0.5668054211412259,STANDARD,RANGING_CALM,generated,,,,,,,Generated from MEAN_REVERSION
2026-05-08T09:30:08.734404,SUI,MEAN_REVERSION,SELL,0.980444,0.9921011428571428,0.9553108000278281,0.45344433691298075,STANDARD,,failed,,"ERROR: ValueError: API error: {""success"":false,""data"":null,""error"":""IP address 2607:fea8:4ea1:2a00:b8f0:938f:2bd1:a71e is not whitelisted for agent key 36pHk2Yj7KEJ3U9w5R27Yt9u2tLA9qUKmJNBEJhfdzYk"",""code"":400}",,,,,Exception during execution
2026-05-08T09:30:39.897371,TRUMP,MEAN_REVERSION,SELL,2.41374,2.4489257142857146,2.358847511603984,0.4329814597316485,STANDARD,RANGING_CALM,generated,,,,,,,Generated from MEAN_REVERSION
2026-05-08T09:30:41.041443,TRUMP,MEAN_REVERSION,SELL,2.41374,2.4489257142857146,2.358847511603984,0.3463851677853188,STANDARD,,failed,,"ERROR: ValueError: API error: {""success"":false,""data"":null,""error"":""IP address 2607:fea8:4ea1:2a00:b8f0:938f:2bd1:a71e is not whitelisted for agent key 36pHk2Yj7KEJ3U9w5R27Yt9u2tLA9qUKmJNBEJhfdzYk"",""code"":400}",,,,,Exception during execution
2026-05-08T09:31:13.340277,SUI,MEAN_REVERSION,SELL,0.979502,0.9909877142857143,0.9549166236327915,0.375104843195049,STANDARD,RANGING_CALM,generated,,,,,,,Generated from MEAN_REVERSION
2026-05-08T09:31:14.464971,SUI,MEAN_REVERSION,SELL,0.979502,0.9909877142857143,0.9549166236327915,0.30008387455603924,STANDARD,,failed,,"ERROR: ValueError: API error: {""success"":false,""data"":null,""error"":""IP address 2607:fea8:4ea1:2a00:b8f0:938f:2bd1:a71e is not whitelisted for agent key 36pHk2Yj7KEJ3U9w5R27Yt9u2tLA9qUKmJNBEJhfdzYk"",""code"":400}",,,,,Exception during execution
2026-05-08T09:31:46.647234,TRUMP,MEAN_REVERSION,SELL,2.4106,2.4457857142857145,2.358847511603984,0.3969205766442736,STANDARD,RANGING_CALM,generated,,,,,,,Generated from MEAN_REVERSION
2026-05-08T09:31:47.807257,TRUMP,MEAN_REVERSION,SELL,2.4106,2.421496428571429,2.358847511603984,0.3492901074469608,STANDARD,,failed,,"ERROR: ValueError: API error: {""success"":false,""data"":null,""error"":""IP address 2607:fea8:4ea1:2a00:b8f0:938f:2bd1:a71e is not whitelisted for agent key 36pHk2Yj7KEJ3U9w5R27Yt9u2tLA9qUKmJNBEJhfdzYk"",""code"":400}",,,,,Exception during execution
2026-05-08T09:32:20.628939,SUI,MEAN_REVERSION,SELL,0.97852,0.9900057142857143,0.9549166236327915,0.3519960180776964,STANDARD,RANGING_CALM,generated,,,,,,,Generated from MEAN_REVERSION
2026-05-08T09:32:22.068968,SUI,MEAN_REVERSION,SELL,0.97852,0.9900057142857143,0.9549166236327915,0.2815968144621572,STANDARD,,failed,,"ERROR: ValueError: API error: {""success"":false,""data"":null,""error"":""IP address 2607:fea8:4ea1:2a00:b8f0:938f:2bd1:a71e is not whitelisted for agent key 36pHk2Yj7KEJ3U9w5R27Yt9u2tLA9qUKmJNBEJhfdzYk"",""code"":400}",,,,,Exception during execution
2026-05-08T09:32:53.231319,TRUMP,MEAN_REVERSION,SELL,2.41454,2.4497257142857145,2.358847511603984,0.4421689458685579,STANDARD,RANGING_CALM,generated,,,,,,,Generated from MEAN_REVERSION
2026-05-08T09:32:54.358138,TRUMP,MEAN_REVERSION,SELL,2.41454,2.4497257142857145,2.358847511603984,0.35373515669484634,STANDARD,,failed,,"ERROR: ValueError: API error: {""success"":false,""data"":null,""error"":""IP address 2607:fea8:4ea1:2a00:b8f0:938f:2bd1:a71e is not whitelisted for agent key 36pHk2Yj7KEJ3U9w5R27Yt9u2tLA9qUKmJNBEJhfdzYk"",""code"":400}",,,,,Exception during execution
2026-05-08T09:33:58.461983,TRUMP,MEAN_REVERSION,SELL,2.412116,2.4473017142857145,2.358847511603984,0.41433086287371956,STANDARD,RANGING_CALM,generated,,,,,,,Generated from MEAN_REVERSION
2026-05-08T09:33:59.635703,TRUMP,MEAN_REVERSION,SELL,2.412116,2.4473017142857145,2.358847511603984,0.3314646902989757,STANDARD,,failed,,"ERROR: ValueError: API error: {""success"":false,""data"":null,""error"":""IP address 2607:fea8:4ea1:2a00:b8f0:938f:2bd1:a71e is not whitelisted for agent key 36pHk2Yj7KEJ3U9w5R27Yt9u2tLA9qUKmJNBEJhfdzYk"",""code"":400}",,,,,Exception during execution
2026-05-08T09:34:31.609798,SUI,MEAN_REVERSION,SELL,0.977966,0.9894517142857143,0.9549166236327915,0.33895906378542395,STANDARD,RANGING_CALM,generated,,,,,,,Generated from MEAN_REVERSION
2026-05-08T09:34:33.003796,SUI,MEAN_REVERSION,SELL,0.977966,0.9894517142857143,0.9549166236327915,0.27116725102833916,STANDARD,,failed,,"ERROR: ValueError: API error: {""success"":false,""data"":null,""error"":""IP address 2607:fea8:4ea1:2a00:b8f0:938f:2bd1:a71e is not whitelisted for agent key 36pHk2Yj7KEJ3U9w5R27Yt9u2tLA9qUKmJNBEJhfdzYk"",""code"":400}",,,,,Exception during execution
2026-05-08T09:35:05.914485,TRUMP,MEAN_REVERSION,SELL,2.4123,2.4449357142857147,2.3613436731372124,0.3566531302844682,STANDARD,RANGING_CALM,generated,,,,,,,Generated from MEAN_REVERSION
2026-05-08T09:35:07.055394,TRUMP,MEAN_REVERSION,SELL,2.4123,2.4449357142857147,2.3613436731372124,0.2853225042275746,STANDARD,,failed,,"ERROR: ValueError: API error: {""success"":false,""data"":null,""error"":""IP address 2607:fea8:4ea1:2a00:b8f0:938f:2bd1:a71e is not whitelisted for agent key 36pHk2Yj7KEJ3U9w5R27Yt9u2tLA9qUKmJNBEJhfdzYk"",""code"":400}",,,,,Exception during execution
2026-05-08T09:35:38.403355,SUI,MEAN_REVERSION,SELL,0.9796,0.9910857142857143,0.9549166236327915,0.3774110192250912,STANDARD,RANGING_CALM,generated,,,,,,,Generated from MEAN_REVERSION
2026-05-08T09:35:40.111095,SUI,MEAN_REVERSION,SELL,0.9796,0.9910857142857143,0.9549166236327915,0.301928815380073,STANDARD,,failed,,"ERROR: ValueError: API error: {""success"":false,""data"":null,""error"":""IP address 2607:fea8:4ea1:2a00:b8f0:938f:2bd1:a71e is not whitelisted for agent key 36pHk2Yj7KEJ3U9w5R27Yt9u2tLA9qUKmJNBEJhfdzYk"",""code"":400}",,,,,Exception during execution
2026-05-08T09:36:11.822807,TRUMP,MEAN_REVERSION,SELL,2.41088,2.4435157142857147,2.3613436731372124,0.3401199238919329,STANDARD,RANGING_CALM,generated,,,,,,,Generated from MEAN_REVERSION
2026-05-08T09:36:12.903832,TRUMP,MEAN_REVERSION,SELL,2.41088,2.4435157142857147,2.3613436731372124,0.27209593911354635,STANDARD,,failed,,"ERROR: ValueError: API error: {""success"":false,""data"":null,""error"":""IP address 2607:fea8:4ea1:2a00:b8f0:938f:2bd1:a71e is not whitelisted for agent key 36pHk2Yj7KEJ3U9w5R27Yt9u2tLA9qUKmJNBEJhfdzYk"",""code"":400}",,,,,Exception during execution
2026-05-08T09:36:44.861573,SUI,MEAN_REVERSION,SELL,0.9793,0.9911285714285714,0.954849610597805,0.39302216334817475,STANDARD,RANGING_CALM,generated,,,,,,,Generated from MEAN_REVERSION
2026-05-08T09:36:46.235384,SUI,MEAN_REVERSION,SELL,0.9793,0.9911285714285714,0.954849610597805,0.31441773067853984,STANDARD,,failed,,"ERROR: ValueError: API error: {""success"":false,""data"":null,""error"":""IP address 2607:fea8:4ea1:2a00:b8f0:938f:2bd1:a71e is not whitelisted for agent key 36pHk2Yj7KEJ3U9w5R27Yt9u2tLA9qUKmJNBEJhfdzYk"",""code"":400}",,,,,Exception during execution
2026-05-08T09:37:17.591081,TRUMP,MEAN_REVERSION,SELL,2.4079,2.4405357142857147,2.3613436731372124,0.305423476673795,STANDARD,RANGING_CALM,generated,,,,,,,Generated from MEAN_REVERSION
2026-05-08T09:37:18.696943,TRUMP,MEAN_REVERSION,SELL,2.4079,2.4405357142857147,2.3613436731372124,0.244338781339036,STANDARD,,failed,,"ERROR: ValueError: API error: {""success"":false,""data"":null,""error"":""IP address 2607:fea8:4ea1:2a00:b8f0:938f:2bd1:a71e is not whitelisted for agent key 36pHk2Yj7KEJ3U9w5R27Yt9u2tLA9qUKmJNBEJhfdzYk"",""code"":400}",,,,,Exception during execution
2026-05-08T09:37:50.230644,SUI,MEAN_REVERSION,SELL,0.9789,0.9907285714285714,0.954849610597805,0.38367665237952187,STANDARD,RANGING_CALM,generated,,,,,,,Generated from MEAN_REVERSION
2026-05-08T09:37:51.388806,SUI,MEAN_REVERSION,SELL,0.9789,0.9907285714285714,0.954849610597805,0.3069413219036175,STANDARD,,failed,,"ERROR: ValueError: API error: {""success"":false,""data"":null,""error"":""IP address 2607:fea8:4ea1:2a00:b8f0:938f:2bd1:a71e is not whitelisted for agent key 36pHk2Yj7KEJ3U9w5R27Yt9u2tLA9qUKmJNBEJhfdzYk"",""code"":400}",,,,,Exception during execution
2026-05-08T09:38:23.091182,TRUMP,MEAN_REVERSION,SELL,2.408164,2.4407997142857147,2.3613436731372124,0.30849725589043586,STANDARD,RANGING_CALM,generated,,,,,,,Generated from MEAN_REVERSION
2026-05-08T09:38:24.502971,TRUMP,MEAN_REVERSION,SELL,2.408164,2.4407997142857147,2.3613436731372124,0.2467978047123487,STANDARD,,failed,,"ERROR: ValueError: API error: {""success"":false,""data"":null,""error"":""IP address 2607:fea8:4ea1:2a00:b8f0:938f:2bd1:a71e is not whitelisted for agent key 36pHk2Yj7KEJ3U9w5R27Yt9u2tLA9qUKmJNBEJhfdzYk"",""code"":400}",,,,,Exception during execution
2026-05-08T09:38:56.245442,SUI,MEAN_REVERSION,SELL,0.9788,0.9906285714285714,0.954849610597805,0.38134027463735864,STANDARD,RANGING_CALM,generated,,,,,,,Generated from MEAN_REVERSION
2026-05-08T09:38:57.697959,SUI,MEAN_REVERSION,SELL,0.9788,0.9906285714285714,0.954849610597805,0.30507221970988696,STANDARD,,failed,,"ERROR: ValueError: API error: {""success"":false,""data"":null,""error"":""IP address 2607:fea8:4ea1:2a00:b8f0:938f:2bd1:a71e is not whitelisted for agent key 36pHk2Yj7KEJ3U9w5R27Yt9u2tLA9qUKmJNBEJhfdzYk"",""code"":400}",,,,,Exception during execution
2026-05-08T09:42:10.350598,SUI,MEAN_REVERSION,SELL,0.9776,0.9894928571428572,0.955110021042102,0.2613549101179359,STANDARD,RANGING_CALM,generated,,,,,,,Generated from MEAN_REVERSION
2026-05-08T09:42:11.729626,SUI,MEAN_REVERSION,SELL,0.9776,0.9894928571428572,0.955110021042102,0.20908392809434873,STANDARD,,failed,,"ERROR: ValueError: API error: {""success"":false,""data"":null,""error"":""IP address 2607:fea8:4ea1:2a00:b8f0:938f:2bd1:a71e is not whitelisted for agent key 36pHk2Yj7KEJ3U9w5R27Yt9u2tLA9qUKmJNBEJhfdzYk"",""code"":400}",,,,,Exception during execution
2026-05-08T09:45:24.421537,SUI,MEAN_REVERSION,SELL,0.977772,0.9896648571428571,0.955110021042102,0.26549118963985974,STANDARD,RANGING_CALM,generated,,,,,,,Generated from MEAN_REVERSION
2026-05-08T09:45:25.790098,SUI,MEAN_REVERSION,SELL,0.977772,0.9810291428571428,0.955110021042102,0.2336322468830766,STANDARD,,failed,,"ERROR: ValueError: API error: {""success"":false,""data"":null,""error"":""IP address 2607:fea8:4ea1:2a00:b8f0:938f:2bd1:a71e is not whitelisted for agent key 36pHk2Yj7KEJ3U9w5R27Yt9u2tLA9qUKmJNBEJhfdzYk"",""code"":400}",,,,,Exception during execution
2026-05-08T09:52:56.414095,SUI,MEAN_REVERSION,SELL,0.979004,0.991154,0.9552069601784128,0.2500708108482784,STANDARD,RANGING_CALM,generated,,,,,,,Generated from MEAN_REVERSION
2026-05-08T09:52:57.924061,SUI,MEAN_REVERSION,SELL,0.979004,0.991154,0.9552069601784128,0.20005664867862274,STANDARD,,failed,,"ERROR: ValueError: API error: {""success"":false,""data"":null,""error"":""IP address 2607:fea8:4ea1:2a00:b8f0:938f:2bd1:a71e is not whitelisted for agent key 36pHk2Yj7KEJ3U9w5R27Yt9u2tLA9qUKmJNBEJhfdzYk"",""code"":400}",,,,,Exception during execution
2026-05-08T09:54:02.053731,SUI,MEAN_REVERSION,SELL,0.979846,0.991996,0.9552069601784128,0.26948957058952744,STANDARD,RANGING_CALM,generated,,,,,,,Generated from MEAN_REVERSION
2026-05-08T09:54:03.417231,SUI,MEAN_REVERSION,SELL,0.979846,0.9836067142857143,0.9552069601784128,0.23715082211878416,STANDARD,,failed,,"ERROR: ValueError: API error: {""success"":false,""data"":null,""error"":""IP address 2607:fea8:4ea1:2a00:b8f0:938f:2bd1:a71e is not whitelisted for agent key 36pHk2Yj7KEJ3U9w5R27Yt9u2tLA9qUKmJNBEJhfdzYk"",""code"":400}",,,,,Exception during execution
2026-05-08T09:55:05.985846,SUI,MEAN_REVERSION,SELL,0.980135,0.992285,0.9552069601784128,0.2761546793368203,STANDARD,RANGING_CALM,generated,,,,,,,Generated from MEAN_REVERSION
2026-05-08T09:55:07.149119,SUI,MEAN_REVERSION,SELL,0.980135,0.992285,0.9552069601784128,0.22092374346945626,STANDARD,,failed,,"ERROR: ValueError: API error: {""success"":false,""data"":null,""error"":""IP address 2607:fea8:4ea1:2a00:b8f0:938f:2bd1:a71e is not whitelisted for agent key 36pHk2Yj7KEJ3U9w5R27Yt9u2tLA9qUKmJNBEJhfdzYk"",""code"":400}",,,,,Exception during execution
2026-05-08T09:56:11.591900,SUI,MEAN_REVERSION,SELL,0.979505,0.991655,0.9552069601784128,0.26162520352092117,STANDARD,RANGING_CALM,generated,,,,,,,Generated from MEAN_REVERSION
2026-05-08T09:56:12.716518,SUI,MEAN_REVERSION,SELL,0.979505,0.991655,0.9552069601784128,0.20930016281673694,STANDARD,,failed,,"ERROR: ValueError: API error: {""success"":false,""data"":null,""error"":""IP address 2607:fea8:4ea1:2a00:b8f0:938f:2bd1:a71e is not whitelisted for agent key 36pHk2Yj7KEJ3U9w5R27Yt9u2tLA9qUKmJNBEJhfdzYk"",""code"":400}",,,,,Exception during execution
2026-05-08T09:57:16.952120,SUI,MEAN_REVERSION,SELL,0.979294,0.991444,0.9552069601784128,0.25675898225559723,STANDARD,RANGING_CALM,generated,,,,,,,Generated from MEAN_REVERSION
2026-05-08T09:57:18.068539,SUI,MEAN_REVERSION,SELL,0.979294,0.991444,0.9552069601784128,0.2054071858044778,STANDARD,,failed,,"ERROR: ValueError: API error: {""success"":false,""data"":null,""error"":""IP address 2607:fea8:4ea1:2a00:b8f0:938f:2bd1:a71e is not whitelisted for agent key 36pHk2Yj7KEJ3U9w5R27Yt9u2tLA9qUKmJNBEJhfdzYk"",""code"":400}",,,,,Exception during execution
2026-05-08T10:34:10.707090,SUI,MEAN_REVERSION,SELL,0.981068,0.993968,0.9560286012401946,0.3049743003610774,STANDARD,RANGING_CALM,generated,,,,,,,Generated from MEAN_REVERSION
2026-05-08T10:34:11.918518,SUI,MEAN_REVERSION,SELL,0.981068,0.993968,0.9560286012401946,0.24397944028886195,STANDARD,,failed,,"ERROR: ValueError: API error: {""success"":false,""data"":null,""error"":""IP address 2607:fea8:4ea1:2a00:b8f0:938f:2bd1:a71e is not whitelisted for agent key 36pHk2Yj7KEJ3U9w5R27Yt9u2tLA9qUKmJNBEJhfdzYk"",""code"":400}",,,,,Exception during execution
2026-05-08T10:35:47.858397,SUI,MEAN_REVERSION,SELL,0.981235,0.9948635714285714,0.9557620449586205,0.3434634751784011,STANDARD,RANGING_CALM,generated,,,,,,,Generated from MEAN_REVERSION
2026-05-08T10:35:48.950593,SUI,MEAN_REVERSION,SELL,0.981235,0.9948635714285714,0.9557620449586205,0.2747707801427209,STANDARD,,failed,,"ERROR: ValueError: API error: {""success"":false,""data"":null,""error"":""IP address 2607:fea8:4ea1:2a00:b8f0:938f:2bd1:a71e is not whitelisted for agent key 36pHk2Yj7KEJ3U9w5R27Yt9u2tLA9qUKmJNBEJhfdzYk"",""code"":400}",,,,,Exception during execution
2026-05-08T10:38:28.716012,SUI,MEAN_REVERSION,SELL,0.9814,0.9950285714285714,0.9557620449586205,0.3469708908723425,STANDARD,RANGING_CALM,generated,,,,,,,Generated from MEAN_REVERSION
2026-05-08T10:38:30.122554,SUI,MEAN_REVERSION,SELL,0.9814,0.9950285714285714,0.9557620449586205,0.27757671269787404,STANDARD,,failed,,"ERROR: ValueError: API error: {""success"":false,""data"":null,""error"":""IP address 2607:fea8:4ea1:2a00:b8f0:938f:2bd1:a71e is not whitelisted for agent key 36pHk2Yj7KEJ3U9w5R27Yt9u2tLA9qUKmJNBEJhfdzYk"",""code"":400}",,,,,Exception during execution
2026-05-08T10:39:34.176639,SUI,MEAN_REVERSION,SELL,0.981168,0.9947965714285714,0.9557620449586205,0.34203925183601497,STANDARD,RANGING_CALM,generated,,,,,,,Generated from MEAN_REVERSION
2026-05-08T10:39:35.360869,SUI,MEAN_REVERSION,SELL,0.981168,0.9947965714285714,0.9557620449586205,0.273631401468812,STANDARD,,failed,,"ERROR: ValueError: API error: {""success"":false,""data"":null,""error"":""IP address 2607:fea8:4ea1:2a00:b8f0:938f:2bd1:a71e is not whitelisted for agent key 36pHk2Yj7KEJ3U9w5R27Yt9u2tLA9qUKmJNBEJhfdzYk"",""code"":400}",,,,,Exception during execution
2026-05-08T10:41:12.316250,SUI,MEAN_REVERSION,SELL,0.981448,0.995140857142857,0.9557081713651834,0.35286041961566383,STANDARD,RANGING_CALM,generated,,,,,,,Generated from MEAN_REVERSION
2026-05-08T10:41:13.436501,SUI,MEAN_REVERSION,SELL,0.981448,0.995140857142857,0.9557081713651834,0.2822883356925311,STANDARD,,failed,,"ERROR: ValueError: API error: {""success"":false,""data"":null,""error"":""IP address 2607:fea8:4ea1:2a00:b8f0:938f:2bd1:a71e is not whitelisted for agent key 36pHk2Yj7KEJ3U9w5R27Yt9u2tLA9qUKmJNBEJhfdzYk"",""code"":400}",,,,,Exception during execution
2026-05-08T10:42:16.588565,SUI,MEAN_REVERSION,SELL,0.9824,0.9960928571428571,0.9557081713651834,0.37298467614025016,STANDARD,RANGING_CALM,generated,,,,,,,Generated from MEAN_REVERSION
2026-05-08T10:42:18.256963,SUI,MEAN_REVERSION,SELL,0.9824,0.9960928571428571,0.9557081713651834,0.29838774091220016,STANDARD,,failed,,"ERROR: ValueError: API error: {""success"":false,""data"":null,""error"":""IP address 2607:fea8:4ea1:2a00:b8f0:938f:2bd1:a71e is not whitelisted for agent key 36pHk2Yj7KEJ3U9w5R27Yt9u2tLA9qUKmJNBEJhfdzYk"",""code"":400}",,,,,Exception during execution
2026-05-08T10:43:22.320654,SUI,MEAN_REVERSION,SELL,0.982986,0.9966788571428571,0.9557081713651834,0.38537208614382823,STANDARD,RANGING_CALM,generated,,,,,,,Generated from MEAN_REVERSION
2026-05-08T10:43:23.471896,SUI,MEAN_REVERSION,SELL,0.982986,0.9966788571428571,0.9557081713651834,0.3082976689150626,STANDARD,,failed,,"ERROR: ValueError: API error: {""success"":false,""data"":null,""error"":""IP address 2607:fea8:4ea1:2a00:b8f0:938f:2bd1:a71e is not whitelisted for agent key 36pHk2Yj7KEJ3U9w5R27Yt9u2tLA9qUKmJNBEJhfdzYk"",""code"":400}",,,,,Exception during execution
2026-05-08T10:44:27.352166,SUI,MEAN_REVERSION,SELL,0.982888,0.996580857142857,0.9557081713651834,0.38330047150159063,STANDARD,RANGING_CALM,generated,,,,,,,Generated from MEAN_REVERSION
2026-05-08T10:44:28.747600,SUI,MEAN_REVERSION,SELL,0.982888,0.9871201428571429,0.9557081713651834,0.3373044149213998,STANDARD,,failed,,"ERROR: ValueError: API error: {""success"":false,""data"":null,""error"":""IP address 2607:fea8:4ea1:2a00:b8f0:938f:2bd1:a71e is not whitelisted for agent key 36pHk2Yj7KEJ3U9w5R27Yt9u2tLA9qUKmJNBEJhfdzYk"",""code"":400}",,,,,Exception during execution
2026-05-08T10:45:33.159586,SUI,MEAN_REVERSION,SELL,0.982538,0.9962308571428571,0.9557081713651834,0.37590184777931757,STANDARD,RANGING_CALM,generated,,,,,,,Generated from MEAN_REVERSION
2026-05-08T10:45:34.290387,SUI,MEAN_REVERSION,SELL,0.982538,0.9962308571428571,0.9557081713651834,0.3007214782234541,STANDARD,,failed,,"ERROR: ValueError: API error: {""success"":false,""data"":null,""error"":""IP address 2607:fea8:4ea1:2a00:b8f0:938f:2bd1:a71e is not whitelisted for agent key 36pHk2Yj7KEJ3U9w5R27Yt9u2tLA9qUKmJNBEJhfdzYk"",""code"":400}",,,,,Exception during execution
2026-05-08T10:46:37.975861,SUI,MEAN_REVERSION,SELL,0.982812,0.9963977142857143,0.9560059845755843,0.31510424628887324,STANDARD,RANGING_CALM,generated,,,,,,,Generated from MEAN_REVERSION
2026-05-08T10:46:39.069543,SUI,MEAN_REVERSION,SELL,0.982812,0.9963977142857143,0.9560059845755843,0.2520833970310986,STANDARD,,failed,,"ERROR: ValueError: API error: {""success"":false,""data"":null,""error"":""IP address 2607:fea8:4ea1:2a00:b8f0:938f:2bd1:a71e is not whitelisted for agent key 36pHk2Yj7KEJ3U9w5R27Yt9u2tLA9qUKmJNBEJhfdzYk"",""code"":400}",,,,,Exception during execution
2026-05-08T10:48:46.816400,SUI,MEAN_REVERSION,SELL,0.982942,0.9965277142857143,0.9560059845755843,0.31772538746572765,STANDARD,RANGING_CALM,generated,,,,,,,Generated from MEAN_REVERSION
2026-05-08T10:48:48.207256,SUI,MEAN_REVERSION,SELL,0.982942,0.9965277142857143,0.9560059845755843,0.2541803099725821,STANDARD,,failed,,"ERROR: ValueError: API error: {""success"":false,""data"":null,""error"":""IP address 2607:fea8:4ea1:2a00:b8f0:938f:2bd1:a71e is not whitelisted for agent key 36pHk2Yj7KEJ3U9w5R27Yt9u2tLA9qUKmJNBEJhfdzYk"",""code"":400}",,,,,Exception during execution
2026-05-08T10:49:53.098731,SUI,MEAN_REVERSION,SELL,0.983391,0.9969767142857143,0.9560059845755843,0.3267784058380975,STANDARD,RANGING_CALM,generated,,,,,,,Generated from MEAN_REVERSION
2026-05-08T10:49:54.543509,SUI,MEAN_REVERSION,SELL,0.983391,0.9969767142857143,0.9560059845755843,0.261422724670478,STANDARD,,failed,,"ERROR: ValueError: API error: {""success"":false,""data"":null,""error"":""IP address 2607:fea8:4ea1:2a00:b8f0:938f:2bd1:a71e is not whitelisted for agent key 36pHk2Yj7KEJ3U9w5R27Yt9u2tLA9qUKmJNBEJhfdzYk"",""code"":400}",,,,,Exception during execution
2026-05-08T10:50:58.649650,SUI,MEAN_REVERSION,SELL,0.983623,0.9972087142857143,0.9560059845755843,0.3314561347075624,STANDARD,RANGING_CALM,generated,,,,,,,Generated from MEAN_REVERSION
2026-05-08T10:50:59.914973,SUI,MEAN_REVERSION,SELL,0.983623,0.9972087142857143,0.9560059845755843,0.26516490776604995,STANDARD,,failed,,"ERROR: ValueError: API error: {""success"":false,""data"":null,""error"":""IP address 2607:fea8:4ea1:2a00:b8f0:938f:2bd1:a71e is not whitelisted for agent key 36pHk2Yj7KEJ3U9w5R27Yt9u2tLA9qUKmJNBEJhfdzYk"",""code"":400}",,,,,Exception during execution
2026-05-08T10:52:04.199267,SUI,MEAN_REVERSION,SELL,0.983364,0.9972282857142857,0.9558390917628065,0.3599666337003214,STANDARD,RANGING_CALM,generated,,,,,,,Generated from MEAN_REVERSION
2026-05-08T10:52:05.607272,SUI,MEAN_REVERSION,SELL,0.983364,0.9972282857142857,0.9558390917628065,0.28797330696025714,STANDARD,,failed,,"ERROR: ValueError: API error: {""success"":false,""data"":null,""error"":""IP address 2607:fea8:4ea1:2a00:b8f0:938f:2bd1:a71e is not whitelisted for agent key 36pHk2Yj7KEJ3U9w5R27Yt9u2tLA9qUKmJNBEJhfdzYk"",""code"":400}",,,,,Exception during execution
2026-05-08T10:53:09.118694,SUI,MEAN_REVERSION,SELL,0.984002,0.9978662857142857,0.9558390917628065,0.37262041931098444,STANDARD,RANGING_CALM,generated,,,,,,,Generated from MEAN_REVERSION
2026-05-08T10:53:10.487300,SUI,MEAN_REVERSION,SELL,0.984002,0.9978662857142857,0.9558390917628065,0.29809633544878755,STANDARD,,failed,,"ERROR: ValueError: API error: {""success"":false,""data"":null,""error"":""IP address 2607:fea8:4ea1:2a00:b8f0:938f:2bd1:a71e is not whitelisted for agent key 36pHk2Yj7KEJ3U9w5R27Yt9u2tLA9qUKmJNBEJhfdzYk"",""code"":400}",,,,,Exception during execution
2026-05-08T10:54:14.062069,SUI,MEAN_REVERSION,SELL,0.984308,0.9981722857142856,0.9558390917628065,0.3786894763593569,STANDARD,RANGING_CALM,generated,,,,,,,Generated from MEAN_REVERSION
2026-05-08T10:54:15.471902,SUI,MEAN_REVERSION,SELL,0.984308,0.9981722857142856,0.9558390917628065,0.30295158108748554,STANDARD,,failed,,"ERROR: ValueError: API error: {""success"":false,""data"":null,""error"":""IP address 2607:fea8:4ea1:2a00:b8f0:938f:2bd1:a71e is not whitelisted for agent key 36pHk2Yj7KEJ3U9w5R27Yt9u2tLA9qUKmJNBEJhfdzYk"",""code"":400}",,,,,Exception during execution
2026-05-08T10:55:20.012054,SUI,MEAN_REVERSION,SELL,0.983423,0.9972872857142857,0.9558390917628065,0.3611368113665118,STANDARD,RANGING_CALM,generated,,,,,,,Generated from MEAN_REVERSION
2026-05-08T10:55:21.150953,SUI,MEAN_REVERSION,SELL,0.983423,0.9972872857142857,0.9558390917628065,0.2889094490932095,STANDARD,,failed,,"ERROR: ValueError: API error: {""success"":false,""data"":null,""error"":""IP address 2607:fea8:4ea1:2a00:b8f0:938f:2bd1:a71e is not whitelisted for agent key 36pHk2Yj7KEJ3U9w5R27Yt9u2tLA9qUKmJNBEJhfdzYk"",""code"":400}",,,,,Exception during execution
2026-05-08T10:56:24.647602,SUI,MEAN_REVERSION,SELL,0.983434,0.9972982857142857,0.9558390917628065,0.3613549800839367,STANDARD,RANGING_CALM,generated,,,,,,,Generated from MEAN_REVERSION
2026-05-08T10:56:26.037589,SUI,MEAN_REVERSION,SELL,0.983434,0.9972982857142857,0.9558390917628065,0.28908398406714936,STANDARD,,failed,,"ERROR: ValueError: API error: {""success"":false,""data"":null,""error"":""IP address 2607:fea8:4ea1:2a00:b8f0:938f:2bd1:a71e is not whitelisted for agent key 36pHk2Yj7KEJ3U9w5R27Yt9u2tLA9qUKmJNBEJhfdzYk"",""code"":400}",,,,,Exception during execution
2026-05-08T10:57:29.973937,SUI,MEAN_REVERSION,SELL,0.983379,0.9972861428571428,0.9558503474560135,0.3593115592220927,STANDARD,RANGING_CALM,generated,,,,,,,Generated from MEAN_REVERSION
2026-05-08T10:57:31.364824,SUI,MEAN_REVERSION,SELL,0.983379,0.9972861428571428,0.9558503474560135,0.28744924737767413,STANDARD,,failed,,"ERROR: ValueError: API error: {""success"":false,""data"":null,""error"":""IP address 2607:fea8:4ea1:2a00:b8f0:938f:2bd1:a71e is not whitelisted for agent key 36pHk2Yj7KEJ3U9w5R27Yt9u2tLA9qUKmJNBEJhfdzYk"",""code"":400}",,,,,Exception during execution
2026-05-08T11:01:15.334909,SUI,MEAN_REVERSION,SELL,0.98338,0.9972871428571428,0.9558503474560135,0.3593314140797167,STANDARD,RANGING_CALM,generated,,,,,,,Generated from MEAN_REVERSION
2026-05-08T11:01:16.418690,SUI,MEAN_REVERSION,SELL,0.98338,0.9972871428571428,0.9558503474560135,0.3593314140797167,STANDARD,,failed,,"ERROR: ValueError: API error: {""success"":false,""data"":null,""error"":""IP address 2607:fea8:4ea1:2a00:b8f0:938f:2bd1:a71e is not whitelisted for agent key 36pHk2Yj7KEJ3U9w5R27Yt9u2tLA9qUKmJNBEJhfdzYk"",""code"":400}",,,,,Exception during execution
2026-05-08T12:22:21.796818,SUI,GRID_TRADING,BUY,0.9741105000000001,0.9590105000000001,0.979018,0.3374917845157792,STANDARD,RANGING_CALM,generated,,,,,,,Generated from GRID_TRADING
2026-05-08T12:22:22.529177,SUI,GRID_TRADING,BUY,0.9741105000000001,0.9590105000000001,0.979018,0.3374917845157792,STANDARD,,rejected,Grid already active for SUI,,,,,,
2026-05-08T12:22:22.532993,SUI,GRID_TRADING,SELL,0.9839255,0.9990255,0.979018,0.3374917845157792,STANDARD,RANGING_CALM,generated,,,,,,,Generated from GRID_TRADING
2026-05-08T12:22:23.258918,SUI,GRID_TRADING,SELL,0.9839255,0.9990255,0.979018,0.3374917845157792,STANDARD,,rejected,Grid already active for SUI,,,,,,
2026-05-08T14:43:45.554918,SUI,MEAN_REVERSION,SELL,1.0076,1.0258142857142858,0.9660629060355053,0.5953688256626901,STANDARD,RANGING_CALM,generated,,,,,,,Generated from MEAN_REVERSION
2026-05-08T14:43:46.707586,SUI,MEAN_REVERSION,SELL,1.0076,1.0258142857142858,0.9660629060355053,0.47629506053015214,STANDARD,,failed,,"ERROR: ValueError: API error: {""success"":false,""data"":null,""error"":""IP address 2607:fea8:4ea1:2a00:b8f0:938f:2bd1:a71e is not whitelisted for agent key 36pHk2Yj7KEJ3U9w5R27Yt9u2tLA9qUKmJNBEJhfdzYk"",""code"":400}",,,,,Exception during execution
2026-05-08T14:44:51.013916,SUI,MEAN_REVERSION,SELL,1.0083,1.0265142857142857,0.9660629060355053,0.6091148954641874,STANDARD,RANGING_CALM,generated,,,,,,,Generated from MEAN_REVERSION
2026-05-08T14:44:52.689022,SUI,MEAN_REVERSION,SELL,1.0083,1.0265142857142857,0.9660629060355053,0.48729191637134994,STANDARD,,failed,,"ERROR: ValueError: API error: {""success"":false,""data"":null,""error"":""IP address 2607:fea8:4ea1:2a00:b8f0:938f:2bd1:a71e is not whitelisted for agent key 36pHk2Yj7KEJ3U9w5R27Yt9u2tLA9qUKmJNBEJhfdzYk"",""code"":400}",,,,,Exception during execution
2026-05-08T14:45:56.487869,SUI,MEAN_REVERSION,SELL,1.007996,1.0262102857142856,0.9660629060355053,0.6031451737218207,STANDARD,RANGING_CALM,generated,,,,,,,Generated from MEAN_REVERSION
2026-05-08T14:45:57.760736,SUI,MEAN_REVERSION,SELL,1.007996,1.0262102857142856,0.9660629060355053,0.4825161389774566,STANDARD,,failed,,"ERROR: ValueError: API error: {""success"":false,""data"":null,""error"":""IP address 2607:fea8:4ea1:2a00:b8f0:938f:2bd1:a71e is not whitelisted for agent key 36pHk2Yj7KEJ3U9w5R27Yt9u2tLA9qUKmJNBEJhfdzYk"",""code"":400}",,,,,Exception during execution
2026-05-08T14:47:01.455213,SUI,MEAN_REVERSION,SELL,1.006847,1.0250612857142858,0.9660629060355053,0.5805819820047922,STANDARD,RANGING_CALM,generated,,,,,,,Generated from MEAN_REVERSION
2026-05-08T14:47:02.576292,SUI,MEAN_REVERSION,SELL,1.006847,1.0250612857142858,0.9660629060355053,0.4644655856038338,STANDARD,,failed,,"ERROR: ValueError: API error: {""success"":false,""data"":null,""error"":""IP address 2607:fea8:4ea1:2a00:b8f0:938f:2bd1:a71e is not whitelisted for agent key 36pHk2Yj7KEJ3U9w5R27Yt9u2tLA9qUKmJNBEJhfdzYk"",""code"":400}",,,,,Exception during execution
2026-05-08T14:48:06.909919,SUI,MEAN_REVERSION,SELL,1.0092,1.0274142857142858,0.9660629060355053,0.6267884137804025,STANDARD,RANGING_CALM,generated,,,,,,,Generated from MEAN_REVERSION
2026-05-08T14:48:08.028045,SUI,MEAN_REVERSION,SELL,1.0092,1.0274142857142858,0.9660629060355053,0.501430731024322,STANDARD,,failed,,"ERROR: ValueError: API error: {""success"":false,""data"":null,""error"":""IP address 2607:fea8:4ea1:2a00:b8f0:938f:2bd1:a71e is not whitelisted for agent key 36pHk2Yj7KEJ3U9w5R27Yt9u2tLA9qUKmJNBEJhfdzYk"",""code"":400}",,,,,Exception during execution
2026-05-08T14:49:13.124864,SUI,MEAN_REVERSION,SELL,1.007416,1.0257588571428573,0.9634554045100776,0.44533339596675253,STANDARD,RANGING_CALM,generated,,,,,,,Generated from MEAN_REVERSION
2026-05-08T14:49:14.263984,SUI,MEAN_REVERSION,SELL,1.007416,1.0257588571428573,0.9634554045100776,0.35626671677340205,STANDARD,,failed,,"ERROR: ValueError: API error: {""success"":false,""data"":null,""error"":""IP address 2607:fea8:4ea1:2a00:b8f0:938f:2bd1:a71e is not whitelisted for agent key 36pHk2Yj7KEJ3U9w5R27Yt9u2tLA9qUKmJNBEJhfdzYk"",""code"":400}",,,,,Exception during execution
2026-05-08T14:50:17.859020,SUI,MEAN_REVERSION,SELL,1.00891,1.0272528571428572,0.9634554045100776,0.468283180063983,STANDARD,RANGING_CALM,generated,,,,,,,Generated from MEAN_REVERSION
2026-05-08T14:50:19.247199,SUI,MEAN_REVERSION,SELL,1.00891,1.0272528571428572,0.9634554045100776,0.37462654405118645,STANDARD,,failed,,"ERROR: ValueError: API error: {""success"":false,""data"":null,""error"":""IP address 2607:fea8:4ea1:2a00:b8f0:938f:2bd1:a71e is not whitelisted for agent key 36pHk2Yj7KEJ3U9w5R27Yt9u2tLA9qUKmJNBEJhfdzYk"",""code"":400}",,,,,Exception during execution
2026-05-08T14:51:22.836548,SUI,MEAN_REVERSION,SELL,1.008738,1.0270808571428571,0.9634554045100776,0.46564103624555914,STANDARD,RANGING_CALM,generated,,,,,,,Generated from MEAN_REVERSION
2026-05-08T14:51:24.233652,SUI,MEAN_REVERSION,SELL,1.008738,1.0270808571428571,0.9634554045100776,0.37251282899644733,STANDARD,,failed,,"ERROR: ValueError: API error: {""success"":false,""data"":null,""error"":""IP address 2607:fea8:4ea1:2a00:b8f0:938f:2bd1:a71e is not whitelisted for agent key 36pHk2Yj7KEJ3U9w5R27Yt9u2tLA9qUKmJNBEJhfdzYk"",""code"":400}",,,,,Exception during execution
2026-05-08T14:52:28.007574,SUI,MEAN_REVERSION,SELL,1.009601,1.0279438571428572,0.9634554045100776,0.47889783924148466,STANDARD,RANGING_CALM,generated,,,,,,,Generated from MEAN_REVERSION
2026-05-08T14:52:29.432558,SUI,MEAN_REVERSION,SELL,1.009601,1.0279438571428572,0.9634554045100776,0.38311827139318777,STANDARD,,failed,,"ERROR: ValueError: API error: {""success"":false,""data"":null,""error"":""IP address 2607:fea8:4ea1:2a00:b8f0:938f:2bd1:a71e is not whitelisted for agent key 36pHk2Yj7KEJ3U9w5R27Yt9u2tLA9qUKmJNBEJhfdzYk"",""code"":400}",,,,,Exception during execution
2026-05-08T14:53:33.424166,SUI,MEAN_REVERSION,SELL,1.00644,1.0247828571428572,0.9634554045100776,0.4303407659273277,STANDARD,RANGING_CALM,generated,,,,,,,Generated from MEAN_REVERSION
2026-05-08T14:53:34.572498,SUI,MEAN_REVERSION,SELL,1.00644,1.0247828571428572,0.9634554045100776,0.34427261274186216,STANDARD,,failed,,"ERROR: ValueError: API error: {""success"":false,""data"":null,""error"":""IP address 2607:fea8:4ea1:2a00:b8f0:938f:2bd1:a71e is not whitelisted for agent key 36pHk2Yj7KEJ3U9w5R27Yt9u2tLA9qUKmJNBEJhfdzYk"",""code"":400}",,,,,Exception during execution
2026-05-08T14:54:38.404942,SUI,MEAN_REVERSION,SELL,1.009979,1.028471857142857,0.9634340392718742,0.48709957781999175,STANDARD,RANGING_CALM,generated,,,,,,,Generated from MEAN_REVERSION
2026-05-08T14:54:39.559586,SUI,MEAN_REVERSION,SELL,1.009979,1.028471857142857,0.9634340392718742,0.38967966225599343,STANDARD,,failed,,"ERROR: ValueError: API error: {""success"":false,""data"":null,""error"":""IP address 2607:fea8:4ea1:2a00:b8f0:938f:2bd1:a71e is not whitelisted for agent key 36pHk2Yj7KEJ3U9w5R27Yt9u2tLA9qUKmJNBEJhfdzYk"",""code"":400}",,,,,Exception during execution
2026-05-08T14:55:43.107474,SUI,MEAN_REVERSION,SELL,1.009647,1.028139857142857,0.9634340392718742,0.48200650152552194,STANDARD,RANGING_CALM,generated,,,,,,,Generated from MEAN_REVERSION
2026-05-08T14:55:44.247089,SUI,MEAN_REVERSION,SELL,1.009647,1.028139857142857,0.9634340392718742,0.3856052012204176,STANDARD,,failed,,"ERROR: ValueError: API error: {""success"":false,""data"":null,""error"":""IP address 2607:fea8:4ea1:2a00:b8f0:938f:2bd1:a71e is not whitelisted for agent key 36pHk2Yj7KEJ3U9w5R27Yt9u2tLA9qUKmJNBEJhfdzYk"",""code"":400}",,,,,Exception during execution
2026-05-08T14:56:48.218008,SUI,MEAN_REVERSION,SELL,1.0078,1.0262928571428571,0.9634340392718742,0.4536724294897224,STANDARD,RANGING_CALM,generated,,,,,,,Generated from MEAN_REVERSION
2026-05-08T14:56:49.899920,SUI,MEAN_REVERSION,SELL,1.0078,1.0262928571428571,0.9634340392718742,0.36293794359177795,STANDARD,,failed,,"ERROR: ValueError: API error: {""success"":false,""data"":null,""error"":""IP address 2607:fea8:4ea1:2a00:b8f0:938f:2bd1:a71e is not whitelisted for agent key 36pHk2Yj7KEJ3U9w5R27Yt9u2tLA9qUKmJNBEJhfdzYk"",""code"":400}",,,,,Exception during execution
2026-05-08T14:57:53.766947,SUI,MEAN_REVERSION,SELL,1.0062,1.024692857142857,0.9634340392718742,0.4291274834922768,STANDARD,RANGING_CALM,generated,,,,,,,Generated from MEAN_REVERSION
2026-05-08T14:57:54.909424,SUI,MEAN_REVERSION,SELL,1.0062,1.012575,0.9634340392718742,0.37763218547320365,STANDARD,,failed,,"ERROR: ValueError: API error: {""success"":false,""data"":null,""error"":""IP address 2607:fea8:4ea1:2a00:b8f0:938f:2bd1:a71e is not whitelisted for agent key 36pHk2Yj7KEJ3U9w5R27Yt9u2tLA9qUKmJNBEJhfdzYk"",""code"":400}",,,,,Exception during execution
2026-05-08T14:58:58.618239,SUI,MEAN_REVERSION,SELL,1.0077,1.0261928571428571,0.9634340392718742,0.4521383703648823,STANDARD,RANGING_CALM,generated,,,,,,,Generated from MEAN_REVERSION
2026-05-08T14:58:59.780109,SUI,MEAN_REVERSION,SELL,1.0077,1.0142678571428572,0.9634340392718742,0.39788176592109653,STANDARD,,failed,,"ERROR: ValueError: API error: {""success"":false,""data"":null,""error"":""IP address 2607:fea8:4ea1:2a00:b8f0:938f:2bd1:a71e is not whitelisted for agent key 36pHk2Yj7KEJ3U9w5R27Yt9u2tLA9qUKmJNBEJhfdzYk"",""code"":400}",,,,,Exception during execution
2026-05-08T15:00:03.287612,SUI,MEAN_REVERSION,SELL,1.008956,1.0275345714285713,0.9636240812847836,0.45005460897628896,STANDARD,RANGING_CALM,generated,,,,,,,Generated from MEAN_REVERSION
2026-05-08T15:00:04.429909,SUI,MEAN_REVERSION,SELL,1.008956,1.0275345714285713,0.9636240812847836,0.3600436871810312,STANDARD,,failed,,"ERROR: ValueError: API error: {""success"":false,""data"":null,""error"":""IP address 2607:fea8:4ea1:2a00:b8f0:938f:2bd1:a71e is not whitelisted for agent key 36pHk2Yj7KEJ3U9w5R27Yt9u2tLA9qUKmJNBEJhfdzYk"",""code"":400}",,,,,Exception during execution
2026-05-08T15:01:08.780012,SUI,MEAN_REVERSION,SELL,1.00986,1.0284385714285713,0.9636240812847836,0.4640912085809661,STANDARD,RANGING_CALM,generated,,,,,,,Generated from MEAN_REVERSION
2026-05-08T15:01:09.925494,SUI,MEAN_REVERSION,SELL,1.00986,1.0284385714285713,0.9636240812847836,0.3712729668647729,STANDARD,,failed,,"ERROR: ValueError: API error: {""success"":false,""data"":null,""error"":""IP address 2607:fea8:4ea1:2a00:b8f0:938f:2bd1:a71e is not whitelisted for agent key 36pHk2Yj7KEJ3U9w5R27Yt9u2tLA9qUKmJNBEJhfdzYk"",""code"":400}",,,,,Exception during execution
2026-05-08T15:02:14.029011,SUI,MEAN_REVERSION,SELL,1.012254,1.0308325714285713,0.9636240812847836,0.5012633539942366,STANDARD,RANGING_CALM,generated,,,,,,,Generated from MEAN_REVERSION
2026-05-08T15:02:15.157702,SUI,MEAN_REVERSION,SELL,1.012254,1.0308325714285713,0.9636240812847836,0.4010106831953893,STANDARD,,failed,,"ERROR: ValueError: API error: {""success"":false,""data"":null,""error"":""IP address 2607:fea8:4ea1:2a00:b8f0:938f:2bd1:a71e is not whitelisted for agent key 36pHk2Yj7KEJ3U9w5R27Yt9u2tLA9qUKmJNBEJhfdzYk"",""code"":400}",,,,,Exception during execution
