mode,entry_time,exit_time,side,entry_type,entry_price,signal_close,sl,tp,exit_reason,expected_rr,profit_pct,bars_in_trade,vwap_at_entry,sd_at_entry,trend_at_entry,vwap_band_at_entry,hour_of_day
C_TrendFollowing,2020-01-05 08:50:00+00:00,2020-01-05 10:45:00+00:00,long,bull_pullback,7432.43,7427.99,7397.131860376341,7503.026279247319,trailing,2.4316527231534466,-0.14302186498897546,23,7439.032080128896,28.601550465622687,bull,below_vwap,10
C_TrendFollowing,2020-01-09 19:50:00+00:00,2020-01-09 20:05:00+00:00,short,bear_pullback,7911.77,7933.46,7981.821058614323,7771.667882771354,SL,3.3455040452883686,-0.9656499114610211,3,7909.127436587374,56.54384858871617,bear,above_vwap,20
C_TrendFollowing,2020-01-12 17:10:00+00:00,2020-01-12 17:15:00+00:00,long,bull_pullback,8089.62,8093.5,8033.113823663305,8202.63235267339,trailing,1.807240651650167,0.8774206946679878,1,8104.750101716628,45.03398551514403,bull,below_vwap,17
C_TrendFollowing,2020-01-15 16:05:00+00:00,2020-01-15 16:10:00+00:00,long,bull_pullback,8730.0,8767.85,8592.517761132473,9004.964477735055,trailing,1.3523723832341312,0.8044673539518851,1,8761.0805131101,72.83642075134968,bull,above_vwap,16
C_TrendFollowing,2020-01-16 16:00:00+00:00,2020-01-16 20:15:00+00:00,short,bear_pullback,8710.01,8702.57,8776.240290143985,8577.54941971203,time_expired,1.6970284770647985,0.09988507475882034,51,8688.925129145955,44.70315791858526,bear,above_vwap,20
C_TrendFollowing,2020-02-13 13:30:00+00:00,2020-02-13 13:35:00+00:00,short,bear_pullback,10277.69,10326.49,10371.164459280035,10090.741081439932,SL,5.277040222967481,-1.525148160724832,1,10287.916390068116,106.54146040662566,bear,above_vwap,13
C_TrendFollowing,2020-02-13 13:55:00+00:00,2020-02-13 14:00:00+00:00,short,bear_pullback,10436.35,10199.0,10617.08286331488,10074.884273370242,trailing,0.29686872512705675,2.4441495350385902,1,10299.175267351005,103.97923341208808,bear,below_vwap,14
C_TrendFollowing,2020-03-07 16:40:00+00:00,2020-03-07 17:00:00+00:00,short,bear_pullback,9169.09,9070.98,9249.123521768823,9009.022956462355,trailing,0.3477928522040008,2.590442453940363,4,9098.096383657632,16.48980164764924,bear,-1SD,17
C_TrendFollowing,2020-03-14 18:05:00+00:00,2020-03-14 19:55:00+00:00,short,bear_pullback,5432.94,5404.01,5538.6098682911725,5221.600263417654,trailing,1.355199963403751,0.8483436224217319,22,5410.246278877507,78.89067884015248,bear,below_vwap,19
C_TrendFollowing,2020-03-21 12:05:00+00:00,2020-03-21 14:20:00+00:00,short,bear_pullback,6134.55,6159.49,6292.617337289425,5818.415325421151,trailing,2.5620183016004847,-0.3895966289295814,27,6131.688161755924,104.64159546937242,bear,above_vwap,14
C_TrendFollowing,2020-03-25 13:40:00+00:00,2020-03-25 13:50:00+00:00,short,bear_pullback,6765.19,6694.96,6927.110179460261,6441.349641079476,trailing,1.0924409341838852,1.9501300037397233,2,6678.381671917823,102.72896468243185,bear,above_vwap,13
C_TrendFollowing,2020-03-26 13:30:00+00:00,2020-03-26 17:15:00+00:00,short,bear_pullback,6642.77,6542.95,6748.164972665181,6431.980054669638,trailing,0.5407497508060243,0.31824073391070784,45,6653.791822836067,47.217296183726226,bear,-2SD,17
C_TrendFollowing,2020-03-29 11:10:00+00:00,2020-03-29 12:00:00+00:00,short,bear_pullback,6177.01,6154.14,6246.263462967791,6038.503074064417,trailing,1.25523859188851,1.4800040796437124,10,6156.162281266399,38.92410789334458,bear,below_vwap,12
C_TrendFollowing,2020-04-01 20:35:00+00:00,2020-04-01 20:45:00+00:00,short,bear_pullback,6277.71,6293.21,6344.332149660895,6144.46570067821,trailing,2.9095861638926603,-1.0972153858652296,2,6273.108627069148,55.03543875544128,bear,above_vwap,20
C_TrendFollowing,2020-04-05 09:25:00+00:00,2020-04-05 11:00:00+00:00,short,bear_pullback,6801.54,6810.33,6849.605486446055,6705.409027107889,trailing,2.6714111621817893,0.3169870352890728,19,6809.385967846979,35.00222902937974,bear,above_vwap,11
C_TrendFollowing,2020-04-09 10:00:00+00:00,2020-04-09 11:40:00+00:00,long,bull_pullback,7291.01,7300.25,7248.876432777754,7375.277134444492,trailing,1.460422908144947,-0.14908771212767355,20,7309.07511925324,25.31060628768479,bull,below_vwap,11
C_TrendFollowing,2020-04-21 17:45:00+00:00,2020-04-21 17:50:00+00:00,short,bear_pullback,6872.88,6833.64,6936.917773200071,6744.804453599859,SL,0.8601613265619958,-0.5245253809174637,1,6841.18743121581,26.023738557579506,bear,below_vwap,17
C_TrendFollowing,2020-05-08 19:00:00+00:00,2020-05-08 19:35:00+00:00,long,bull_pullback,9888.94,9921.27,9808.934621859586,10048.95075628083,trailing,1.1366032535292125,0.7112996944060753,7,9902.669746554653,61.37053984743587,bull,above_vwap,19
C_TrendFollowing,2020-05-09 16:25:00+00:00,2020-05-09 16:30:00+00:00,short,bear_pullback,9744.59,9748.33,9821.554409865445,9590.66118026911,trailing,2.1532275920095327,0.14972410332297353,1,9718.164646467514,88.25805576065035,bear,above_vwap,16
C_TrendFollowing,2020-05-10 08:05:00+00:00,2020-05-10 09:55:00+00:00,short,bear_pullback,8818.23,8870.02,8951.89933696015,8550.891326079698,trailing,3.897548340866758,0.7767998793408655,22,8775.42481965694,233.58534617744522,bear,above_vwap,9
C_TrendFollowing,2020-05-15 10:30:00+00:00,2020-05-15 12:15:00+00:00,long,bull_pullback,9532.8,9547.8,9410.87990454359,9776.640190912818,trailing,1.6713411581404687,0.35813192346426276,21,9576.230267418756,95.78929786094746,bull,below_vwap,12
C_TrendFollowing,2020-05-17 09:25:00+00:00,2020-05-17 10:00:00+00:00,long,bull_pullback,9480.01,9496.6,9411.50441171562,9617.021176568762,trailing,1.4151283162450905,0.4162442866621357,7,9498.703746951138,45.20589374804402,bull,below_vwap,10
C_TrendFollowing,2020-05-24 11:15:00+00:00,2020-05-24 11:50:00+00:00,long,bull_pullback,9194.13,9214.14,9134.049398398127,9314.291203203744,SL,1.2504738533691182,-0.48008892630405947,7,9233.112856597874,38.60400385819295,bull,below_vwap,11
C_TrendFollowing,2020-06-01 12:20:00+00:00,2020-06-01 12:25:00+00:00,long,bull_pullback,9505.57,9549.58,9450.544553119531,9615.620893760935,trailing,0.6668409730169,0.7660771526589117,1,9536.905768695848,28.298002119223643,bull,above_vwap,12
C_TrendFollowing,2020-06-07 19:30:00+00:00,2020-06-07 19:35:00+00:00,short,bear_pullback,9545.01,9577.58,9599.890297946984,9435.249404106033,SL,6.379591892147173,-0.5447872762836289,1,9557.037613941618,83.23216831330228,bear,above_vwap,19
C_TrendFollowing,2020-06-08 16:50:00+00:00,2020-06-08 21:05:00+00:00,long,bull_pullback,9664.45,9717.73,9612.478063501596,9768.393872996809,time_expired,0.48135810781569244,0.27140706403364456,51,9722.299171472689,23.02311343387941,bull,below_vwap,21
C_TrendFollowing,2020-08-06 21:50:00+00:00,2020-08-06 23:15:00+00:00,long,bull_pullback,11696.5,11722.2,11576.500254000042,11936.499491999915,trailing,1.470829551068509,0.3147095284914247,17,11749.82737919291,80.67146811381755,bull,below_vwap,23
C_TrendFollowing,2020-08-08 16:25:00+00:00,2020-08-08 17:25:00+00:00,long,bull_pullback,11669.06,11655.45,11577.047163006415,11853.08567398717,trailing,2.52077197159764,-0.00779840021389773,12,11673.125907627218,77.88683769025292,bull,below_vwap,17
C_TrendFollowing,2020-08-10 19:40:00+00:00,2020-08-10 20:50:00+00:00,long,bull_pullback,11845.24,11876.11,11768.956608280449,11997.806783439104,trailing,1.135724977867385,-0.1566874119899596,14,11884.729350973274,96.15908644732308,bull,below_vwap,20
C_TrendFollowing,2020-08-15 19:45:00+00:00,2020-08-15 20:05:00+00:00,long,bull_pullback,11834.97,11845.2,11784.292652301454,11936.32469539709,trailing,1.496119907373074,0.186143268635245,4,11859.793268982992,42.42286323042627,bull,below_vwap,20
C_TrendFollowing,2020-09-30 18:20:00+00:00,2020-09-30 18:25:00+00:00,long,bull_pullback,10764.88,10733.39,10727.919030176348,10838.801939647301,trailing,19.26750522212786,-0.4444081123059275,1,10746.026234331297,35.67439837016951,bull,below_vwap,18
C_TrendFollowing,2020-10-03 11:25:00+00:00,2020-10-03 12:10:00+00:00,short,bear_pullback,10541.76,10538.32,10575.153800009657,10474.972399980687,trailing,1.7198225543577976,0.17900236772607991,9,10534.327251535173,12.431230240106581,bear,above_vwap,12
C_TrendFollowing,2020-10-11 19:40:00+00:00,2020-10-11 21:00:00+00:00,long,bull_pullback,11339.89,11350.91,11286.312812890243,11447.044374219513,trailing,1.4882130092781132,-0.4861599186588159,16,11365.246718132563,32.81187385733688,bull,below_vwap,21
C_TrendFollowing,2020-10-14 08:10:00+00:00,2020-10-14 09:00:00+00:00,short,bear_pullback,11428.0,11415.23,11462.08384129523,11359.832317409537,trailing,1.1823509248984734,0.009975498774933655,10,11418.668638121817,22.31333455527191,bear,below_vwap,9
C_TrendFollowing,2020-11-25 16:00:00+00:00,2020-11-25 16:25:00+00:00,long,bull_pullback,19126.84,19188.7,18914.64378537831,19551.232429243377,trailing,1.3228396580745982,-0.6657660125770913,5,19107.612249649344,169.68385954107853,bull,above_vwap,16
C_TrendFollowing,2020-12-17 20:45:00+00:00,2020-12-17 21:30:00+00:00,long,bull_pullback,22539.67,22617.55,21936.821067911595,23745.36786417681,trailing,1.6567796827979435,0.3656220343953727,9,22689.63914342362,565.9015230363957,bull,below_vwap,21
C_TrendFollowing,2020-12-23 20:50:00+00:00,2020-12-23 21:15:00+00:00,long,bull_pullback,23471.12,23497.06,23273.15564071454,23867.048718570917,trailing,1.6524408892781213,-0.4636336058952436,5,23555.47070962797,214.2362779996446,bull,below_vwap,21
C_TrendFollowing,2020-12-28 16:00:00+00:00,2020-12-28 16:05:00+00:00,long,bull_pullback,26916.32,26911.5,26574.385242485398,27600.1895150292,trailing,2.0428934055174643,0.4040299714076813,1,26995.06673702373,207.00801181060183,bull,below_vwap,16
C_TrendFollowing,2021-01-02 21:00:00+00:00,2021-01-02 23:00:00+00:00,long,bull_pullback,30669.43,31549.0,29355.207659940683,33297.874680118635,trailing,0.7971924453302395,3.8865736989569024,24,31260.256128184134,1251.3719936003602,bull,above_vwap,23
C_TrendFollowing,2021-01-03 15:05:00+00:00,2021-01-03 15:30:00+00:00,long,bull_pullback,33528.41,33517.97,32852.72173582782,34879.78652834437,trailing,2.047080167941484,-0.4657244408547898,5,33749.52501816761,641.0656625809695,bull,below_vwap,15
C_TrendFollowing,2021-01-12 10:30:00+00:00,2021-01-12 10:40:00+00:00,long,bull_pullback,34881.0,35097.0,34038.66875471002,36565.662490579954,trailing,1.3877153274233613,0.8045640893322995,2,35325.40585508171,648.5439980961179,bull,below_vwap,10
C_TrendFollowing,2021-01-25 10:15:00+00:00,2021-01-25 12:10:00+00:00,long,bull_pullback,32907.64,33097.3,32441.542745607167,33839.834508785665,trailing,1.1323313677607314,1.4555586483868121,23,33059.64127880968,352.8718152549421,bull,above_vwap,12
C_TrendFollowing,2021-03-04 08:20:00+00:00,2021-03-04 09:10:00+00:00,short,bear_pullback,50467.33,50415.39,51189.00739965896,49023.97520068208,trailing,1.798582606765699,1.2014703373449687,10,50169.34920608089,700.6955133659906,bear,above_vwap,9
C_TrendFollowing,2021-04-02 09:20:00+00:00,2021-04-02 12:15:00+00:00,long,bull_pullback,59382.16,59433.11,59011.41805787606,60123.64388424789,trailing,1.637531608429281,0.03679556284244046,35,59447.257323832266,361.12917611931596,bull,below_vwap,12
C_TrendFollowing,2021-04-25 13:00:00+00:00,2021-04-25 13:25:00+00:00,short,bear_pullback,49861.21,49836.68,50318.6242892472,48946.3814215056,trailing,1.8473060027022115,0.02250246233495169,5,49767.845807687074,271.9935723782967,bear,above_vwap,13
C_TrendFollowing,2021-04-28 11:25:00+00:00,2021-04-28 12:10:00+00:00,short,bear_pullback,54760.01,54917.1,55235.23507829198,53809.55984341604,SL,3.481351891561795,-0.9276660102874306,9,54715.41391553201,506.83288252293113,bear,above_vwap,12
C_TrendFollowing,2021-05-21 14:10:00+00:00,2021-05-21 14:15:00+00:00,short,bear_pullback,41630.94,40565.44,42621.081531691634,39650.656936616746,trailing,0.44501098527157196,6.4118898107993765,1,40584.988588855595,598.454488579867,bear,below_vwap,14
C_TrendFollowing,2021-06-14 19:10:00+00:00,2021-06-14 19:55:00+00:00,long,bull_pullback,39544.2,39486.26,39025.07146534415,40582.4570693117,trailing,2.3768957529043773,0.43460229313022036,9,39749.02089624529,620.9919417391346,bull,below_vwap,19
C_TrendFollowing,2021-07-07 21:15:00+00:00,2021-07-07 21:20:00+00:00,long,bull_pullback,34504.1,34512.64,34341.61899329245,34829.062013415096,trailing,1.8501938417202353,-0.5631794482394837,1,34585.13880081145,248.9277354189827,bull,below_vwap,21
C_TrendFollowing,2021-07-08 19:55:00+00:00,2021-07-08 21:50:00+00:00,short,bear_pullback,32987.9,33003.52,33302.81700904848,32358.06598190305,trailing,2.156566883675045,0.7548828509847563,23,32911.509599618264,376.01413973196526,bear,above_vwap,21
C_TrendFollowing,2021-07-26 20:25:00+00:00,2021-07-26 21:35:00+00:00,long,bull_pullback,38274.99,37893.95,37096.546262156,40631.877475688,SL,3.433552347134405,-3.5923980646369813,14,38301.8138470962,991.5528602148348,bull,below_vwap,21
C_TrendFollowing,2021-08-19 13:30:00+00:00,2021-08-19 13:45:00+00:00,short,bear_pullback,44456.51,44601.8,44849.45138754877,43670.62722490248,SL,3.760014366623194,-0.8681518184850702,3,44507.04472622878,253.16275741271363,bear,above_vwap,13
C_TrendFollowing,2021-09-25 13:55:00+00:00,2021-09-25 14:15:00+00:00,short,bear_pullback,42580.0,42500.02,43009.77278052962,41720.45443894076,trailing,1.5293012433385411,0.755260685767958,4,42487.564108110004,217.69104910494735,bear,above_vwap,14
C_TrendFollowing,2021-09-30 10:55:00+00:00,2021-09-30 11:00:00+00:00,long,bull_pullback,42925.55,42826.78,42553.278929147586,43670.092141704845,trailing,3.0833961237391807,0.03683121124830706,1,43033.99165334914,505.6863299577751,bull,below_vwap,11
C_TrendFollowing,2021-10-10 09:15:00+00:00,2021-10-10 10:00:00+00:00,long,bull_pullback,55089.91,55005.0,54570.47761573219,56128.77476853564,trailing,2.586229868063643,-0.25957566458177184,9,55197.4874102421,437.7353111789489,bull,below_vwap,10
C_TrendFollowing,2021-10-20 10:30:00+00:00,2021-10-20 12:00:00+00:00,long,bull_pullback,63839.19,63998.85,63536.07782012581,64445.4143597484,trailing,0.9649766757150435,0.05004762748399077,18,63953.81461494111,126.68849222390304,bull,above_vwap,12
C_TrendFollowing,2021-10-28 18:45:00+00:00,2021-10-28 19:45:00+00:00,long,bull_pullback,59153.46,59959.76,57574.35874387304,62311.662512253926,trailing,0.9859567677400202,3.170617576723321,12,60045.1570682129,1023.3139646707574,bull,below_vwap,19
C_TrendFollowing,2021-11-12 20:05:00+00:00,2021-11-12 22:45:00+00:00,short,bear_pullback,63885.18,63997.3,64518.85553094689,62617.82893810623,trailing,2.6449169456401824,-0.0013774712695454262,32,63948.44186825526,666.3808878218291,bear,above_vwap,22
C_TrendFollowing,2021-11-21 14:30:00+00:00,2021-11-21 16:45:00+00:00,long,bull_pullback,58794.98,58884.09,58396.25838351494,59592.423232970126,trailing,1.4520035377654334,1.174164869177604,27,58980.502418511,229.27196613975332,bull,below_vwap,16
C_TrendFollowing,2021-11-30 08:45:00+00:00,2021-11-30 08:55:00+00:00,short,bear_pullback,56965.88,57124.91,57613.75431521684,55670.13136956632,trailing,2.9759548902361668,0.3578984472810696,2,56964.94448304178,477.74249395824864,bear,above_vwap,8
C_TrendFollowing,2021-11-30 10:50:00+00:00,2021-11-30 11:40:00+00:00,short,bear_pullback,56904.98,57092.0,57468.289506252106,55778.3609874958,SL,3.4910328103173107,-1.2178547466320113,10,56925.06975877371,446.3664997261446,bear,above_vwap,11
C_TrendFollowing,2021-12-04 20:00:00+00:00,2021-12-04 20:40:00+00:00,short,bear_pullback,49249.99,48973.21,49815.93026802094,48118.10946395813,trailing,1.0146908392864549,0.10302540162951904,8,48313.251327108956,1824.3471273410812,bear,above_vwap,20
C_TrendFollowing,2021-12-08 14:30:00+00:00,2021-12-08 15:20:00+00:00,short,bear_pullback,50318.73,50119.06,51085.81875930788,48784.55248138426,SL,1.3803935115841521,-1.4141255154889634,10,49854.767436119684,583.3139539962299,bear,above_vwap,15
C_TrendFollowing,2021-12-15 18:50:00+00:00,2021-12-15 19:05:00+00:00,short,bear_pullback,48085.05,47606.37,48757.17733579304,46740.79532841392,SL,0.752145597846401,-2.270851335290272,3,47795.84387970462,550.7105928202315,bear,below_vwap,19
C_TrendFollowing,2021-12-26 21:10:00+00:00,2021-12-26 21:15:00+00:00,long,bull_pullback,50067.07,50060.01,49840.06534654,50521.07930691999,trailing,2.096296953196205,0.13222263655531888,1,50066.03556818293,237.8726562328407,bull,below_vwap,21
C_TrendFollowing,2022-01-28 14:30:00+00:00,2022-01-28 15:20:00+00:00,short,bear_pullback,37054.8,36826.07,37503.67084009108,36157.05831981784,trailing,0.9873241598877471,0.088868378725564,10,36865.23413422563,314.5082737932812,bear,below_vwap,15
C_TrendFollowing,2022-02-06 11:50:00+00:00,2022-02-06 12:05:00+00:00,long,bull_pullback,41492.63,41527.48,41345.80542275587,41786.27915448825,trailing,1.4245204717909992,0.3178154771100377,3,41532.222339622094,65.92490299175765,bull,below_vwap,12
C_TrendFollowing,2022-02-07 09:35:00+00:00,2022-02-07 12:20:00+00:00,long,bull_pullback,42375.41,42311.97,42108.50837948517,42909.213241029676,trailing,2.9354098307013685,0.7359456817054827,33,42461.01183894781,328.442033456934,bull,below_vwap,12
C_TrendFollowing,2022-02-09 16:00:00+00:00,2022-02-09 16:30:00+00:00,long,bull_pullback,43867.63,44001.08,43399.42157109579,44804.04685780841,trailing,1.334589227430641,0.09704194186009071,6,43766.92095207177,294.34717459002195,bull,above_vwap,16
C_TrendFollowing,2022-02-13 14:55:00+00:00,2022-02-13 15:25:00+00:00,long,bull_pullback,42260.68,42535.07,41947.59868660898,42886.84262678204,trailing,0.5987911558634713,0.9083147739222382,6,42383.961391898745,117.99783073872115,bull,+1SD,15
C_TrendFollowing,2022-02-14 19:35:00+00:00,2022-02-14 21:45:00+00:00,long,bull_pullback,42031.84,42193.4,41573.22321364963,42949.07357270072,trailing,1.2184809063037048,0.43481322730578065,26,42235.879318406616,287.58409419747153,bull,below_vwap,21
C_TrendFollowing,2022-02-16 13:05:00+00:00,2022-02-16 13:35:00+00:00,long,bull_pullback,43999.99,44045.26,43788.0726749096,44423.82465018079,trailing,1.4719413176668736,-0.11586366269627772,6,44074.374145238224,137.46489026217714,bull,below_vwap,13
C_TrendFollowing,2022-02-21 14:20:00+00:00,2022-02-21 15:10:00+00:00,short,bear_pullback,38549.7,38594.84,39217.07816860145,37214.94366279708,SL,2.2176337081737945,-1.3560676217973215,10,38381.231703342295,661.2699230493649,bear,above_vwap,15
C_TrendFollowing,2022-03-06 21:10:00+00:00,2022-03-06 21:15:00+00:00,short,bear_pullback,39125.9,38997.05,39457.861956623216,38461.97608675357,trailing,1.1611545784692778,0.6644192210275013,1,38913.05235115767,377.8683761892516,bear,above_vwap,21
C_TrendFollowing,2022-03-12 14:00:00+00:00,2022-03-12 14:35:00+00:00,long,bull_pullback,39074.73,39127.27,38871.031633718245,39482.12673256353,trailing,1.3848696341333235,-0.5205410248516149,7,39116.26591532835,88.53322946373488,bull,above_vwap,14
C_TrendFollowing,2022-03-23 13:10:00+00:00,2022-03-23 13:30:00+00:00,short,bear_pullback,42316.81,42181.88,42624.04714937372,41702.33570125255,trailing,1.0845317193433806,0.5636767043640549,4,42155.543720119,135.99289180871054,bear,above_vwap,13
C_TrendFollowing,2022-03-31 08:20:00+00:00,2022-03-31 09:55:00+00:00,short,bear_pullback,47207.42,47130.43,47331.83987368196,46958.58025263608,SL,0.8532339761817544,-0.19827391541414158,19,47139.58058741988,99.99539487248725,bear,below_vwap,9
C_TrendFollowing,2022-03-31 13:10:00+00:00,2022-03-31 14:00:00+00:00,short,bear_pullback,47468.13,47241.87,47784.760118068276,46834.86976386345,trailing,0.7496917379611818,2.5671329374045277,10,47194.40001601705,114.27249093164745,bear,above_vwap,14
C_TrendFollowing,2022-04-02 12:10:00+00:00,2022-04-02 12:30:00+00:00,long,bull_pullback,46438.3,46556.65,46124.79354376835,47065.31291246331,trailing,1.1778518188702445,0.8589892394854983,4,46578.33086270742,151.01294373777912,bull,below_vwap,12
C_TrendFollowing,2022-04-20 13:50:00+00:00,2022-04-20 14:10:00+00:00,long,bull_pullback,41641.57,41552.93,41280.89689630257,42362.91620739487,trailing,2.977528088992342,0.19144331013456303,4,41653.82987746953,268.06556912428704,bull,below_vwap,14
C_TrendFollowing,2022-04-22 11:50:00+00:00,2022-04-22 12:35:00+00:00,short,bear_pullback,40549.2,40533.42,40771.45436915151,40104.69126169697,trailing,1.8011211567105359,0.28777386483579226,9,40503.81869209732,112.43511404800076,bear,above_vwap,12
C_TrendFollowing,2022-05-15 14:30:00+00:00,2022-05-15 16:40:00+00:00,long,bull_pullback,29920.0,29884.62,29584.674809660755,30590.650380678486,trailing,2.3538646506715213,1.1247660427807447,26,29955.657146441426,226.90936846075004,bull,below_vwap,16
C_TrendFollowing,2022-05-22 15:20:00+00:00,2022-05-22 15:45:00+00:00,long,bull_pullback,29807.75,29737.84,29594.24519541302,30234.759609173965,trailing,3.46056816333464,0.27452592027241823,5,29845.654026524775,284.83819780070485,bull,below_vwap,15
C_TrendFollowing,2022-05-25 16:10:00+00:00,2022-05-25 17:35:00+00:00,long,bull_pullback,29600.01,29674.41,29356.351512608886,30087.326974782223,trailing,1.2982422766617223,0.454155251974578,17,29760.06382925349,191.93162127267632,bull,below_vwap,17
C_TrendFollowing,2022-07-11 13:30:00+00:00,2022-07-11 13:35:00+00:00,short,bear_pullback,20555.19,20596.52,20723.451721155932,20218.666557688135,trailing,2.9768243814143474,0.22806892079322733,1,20557.919058273692,93.25874660816974,bear,above_vwap,13
C_TrendFollowing,2022-07-23 08:45:00+00:00,2022-07-23 08:50:00+00:00,short,bear_pullback,22849.27,22761.85,23017.31423190372,22513.18153619256,trailing,0.9733983577832382,0.8518871718877734,1,22823.250928469246,66.8885075328235,bear,below_vwap,8
C_TrendFollowing,2022-08-05 21:15:00+00:00,2022-08-05 23:45:00+00:00,short,bear_pullback,23142.33,23078.29,23336.845423955805,22753.2991520884,trailing,1.25694848299587,-0.1920722762141802,30,23077.8199965657,172.93542790662192,bear,above_vwap,23
C_TrendFollowing,2022-09-13 12:30:00+00:00,2022-09-13 12:35:00+00:00,short,bear_pullback,22713.69,21913.52,23189.585793405917,21761.898413188166,TP,0.118819568391646,4.029552221589705,1,22353.813964174533,131.33665596838807,bear,-2SD,12
C_TrendFollowing,2022-09-30 12:25:00+00:00,2022-09-30 12:30:00+00:00,long,bull_pullback,19392.96,19467.38,19254.274053344183,19670.33189331163,trailing,0.9523520882287386,-0.4466569311750191,1,19488.502408837972,60.422804813219884,bull,below_vwap,12
C_TrendFollowing,2022-10-06 17:20:00+00:00,2022-10-06 21:05:00+00:00,short,bear_pullback,20085.49,20091.49,20276.655822873898,19703.15835425221,trailing,2.0972101639526564,0.4034753446393435,45,20190.62019112405,115.23025558660422,bear,below_vwap,21
C_TrendFollowing,2022-10-16 21:55:00+00:00,2022-10-16 22:00:00+00:00,long,bull_pullback,19144.63,19148.25,19021.576136372547,19390.73772725491,trailing,1.9142680290234446,0.3104787086509308,1,19176.079969744696,71.28747054237722,bull,below_vwap,22
C_TrendFollowing,2022-10-19 20:05:00+00:00,2022-10-19 22:35:00+00:00,short,bear_pullback,19233.81,19170.86,19330.950861303292,19039.52827739342,trailing,0.820357399150808,0.479936112501898,30,19212.936758964235,46.728422416506355,bear,below_vwap,22
C_TrendFollowing,2022-11-02 18:35:00+00:00,2022-11-02 18:50:00+00:00,short,bear_pullback,20711.58,20514.53,21036.6954768635,20061.349046273004,trailing,0.867887621466518,1.1889966868775923,3,20480.028878054192,75.15385672274007,bear,above_vwap,18
C_TrendFollowing,2022-11-04 12:30:00+00:00,2022-11-04 12:35:00+00:00,long,bull_pullback,20513.65,20536.03,20354.876904315177,20831.19619136965,trailing,1.6293742607810289,0.9542914108410662,1,20482.369137312915,139.0660900149767,bull,above_vwap,12
C_TrendFollowing,2022-11-05 08:20:00+00:00,2022-11-05 08:45:00+00:00,long,bull_pullback,21297.77,21327.91,21216.70467764179,21459.900644716425,trailing,1.1869094204975208,-0.07991446991868367,5,21355.062029343837,82.39506777846982,bull,below_vwap,8
C_TrendFollowing,2022-11-25 15:40:00+00:00,2022-11-25 18:50:00+00:00,short,bear_pullback,16536.31,16497.89,16620.467722574398,16367.994554851208,trailing,1.059698633819465,0.28869802271487166,38,16486.84749253987,49.556480230349166,bear,above_vwap,18
C_TrendFollowing,2022-12-22 20:25:00+00:00,2022-12-22 20:30:00+00:00,short,bear_pullback,16822.08,16787.63,16920.24187075192,16625.756258496163,trailing,1.2206580043400383,0.3082853012231578,1,16749.255304837963,87.67228263694948,bear,above_vwap,20
C_TrendFollowing,2022-12-29 20:35:00+00:00,2022-12-29 22:35:00+00:00,long,bull_pullback,16586.68,16578.94,16537.850034463187,16684.339931073628,trailing,2.5651014717742275,0.2779338601817756,24,16590.392111752237,34.911076376831296,bull,below_vwap,22
C_TrendFollowing,2023-01-18 09:05:00+00:00,2023-01-18 09:45:00+00:00,long,bull_pullback,21217.44,21241.61,21117.011521253404,21418.29695749319,trailing,1.4180506798363608,0.029079851292153493,8,21254.291580523903,43.05752774365325,bull,below_vwap,9
C_TrendFollowing,2023-01-23 13:50:00+00:00,2023-01-23 14:10:00+00:00,long,bull_pullback,22848.33,22760.71,22678.870804759164,23187.24839048168,SL,5.211908416578054,-0.5128602396761613,4,22782.787245335265,73.76613393429025,bull,below_vwap,14
C_TrendFollowing,2023-02-01 18:55:00+00:00,2023-02-01 19:00:00+00:00,short,bear_pullback,23059.38,23077.26,23201.26303100232,22775.613937995364,trailing,2.4325700716056535,0.2793657071439123,1,23062.806703580103,49.103808496860516,bear,above_vwap,19
C_TrendFollowing,2023-02-09 14:35:00+00:00,2023-02-09 14:40:00+00:00,short,bear_pullback,22758.7,22726.34,22891.53075635204,22493.038487295922,trailing,1.4123157848305177,0.2862641539279548,1,22698.375285265116,122.3164345328223,bear,above_vwap,14
C_TrendFollowing,2023-02-10 14:30:00+00:00,2023-02-10 14:50:00+00:00,short,bear_pullback,21806.02,21845.45,21916.369759113575,21585.32048177285,trailing,3.667941367518824,-0.09226809844253551,4,21824.420825239755,47.35278606800766,bear,above_vwap,14
C_TrendFollowing,2023-02-18 20:05:00+00:00,2023-02-18 22:25:00+00:00,long,bull_pullback,24613.24,24595.12,24469.431289040127,24900.857421919747,trailing,2.4324970761881666,0.18555054109088545,28,24615.13519789826,64.01126995174931,bull,below_vwap,22
C_TrendFollowing,2023-02-24 12:20:00+00:00,2023-02-24 13:25:00+00:00,short,bear_pullback,23983.44,23890.98,24113.60465816636,23723.110683667273,trailing,0.7540463743566163,0.36696153679371435,13,23909.119179760968,68.2803743232077,bear,below_vwap,13
C_TrendFollowing,2023-03-08 10:35:00+00:00,2023-03-08 11:00:00+00:00,short,bear_pullback,22071.5,22102.88,22154.081125288743,21906.337749422513,trailing,3.8386314650139486,-0.12676981627890974,5,22072.170993205713,91.7650454460821,bear,above_vwap,11
C_TrendFollowing,2023-03-11 17:45:00+00:00,2023-03-11 17:50:00+00:00,short,bear_pullback,20172.1,20247.54,20316.061180064928,19884.17763987014,trailing,5.302920349380427,-0.12760198491977337,1,20198.23944072385,169.98358200046763,bear,above_vwap,17
C_TrendFollowing,2023-03-14 19:15:00+00:00,2023-03-14 19:55:00+00:00,long,bull_pullback,24606.38,24742.24,24019.62108832102,25779.897823357962,trailing,1.435968262921592,1.8197313054581796,8,25034.417493400793,682.0138652688532,bull,below_vwap,19
C_TrendFollowing,2023-03-25 13:45:00+00:00,2023-03-25 15:45:00+00:00,short,bear_pullback,27537.56,27506.75,27682.478643649978,27247.722712700048,trailing,1.4740185886592911,-0.6077154257675645,24,27489.202196545924,58.19558102047368,bear,above_vwap,15
C_TrendFollowing,2023-04-01 20:35:00+00:00,2023-04-01 22:35:00+00:00,short,bear_pullback,28517.09,28488.3,28620.76453903678,28309.74092192644,trailing,1.3479764423894542,0.07676098788480669,24,28460.850929071632,88.00158829231037,bear,above_vwap,22
C_TrendFollowing,2023-04-07 14:30:00+00:00,2023-04-07 17:45:00+00:00,short,bear_pullback,27956.53,27940.87,28067.299356368065,27734.991287263863,trailing,1.6284090867058911,0.17555826849755,39,27925.393781526902,67.10517973570859,bear,above_vwap,17
C_TrendFollowing,2023-04-15 15:45:00+00:00,2023-04-15 15:50:00+00:00,short,bear_pullback,30402.53,30366.04,30464.55486980414,30278.48026039172,trailing,0.8887971915545665,0.1945561767392313,1,30398.859208366273,35.267762838930835,bear,below_vwap,15
C_TrendFollowing,2023-04-24 18:20:00+00:00,2023-04-24 22:35:00+00:00,short,bear_pullback,27417.65,27483.66,27640.704106560635,26971.541786878734,time_expired,3.2609833271491455,-0.10022740825708827,51,27467.572321073556,185.5252208864156,bear,above_vwap,22
C_TrendFollowing,2023-05-07 20:30:00+00:00,2023-05-07 21:35:00+00:00,short,bear_pullback,28929.29,28920.12,29016.141709949996,28755.58658010001,trailing,1.7135022901140642,0.25213200877035813,13,28895.36777113093,62.50669897322731,bear,above_vwap,21
C_TrendFollowing,2023-05-19 15:25:00+00:00,2023-05-19 15:30:00+00:00,short,bear_pullback,27075.82,26879.23,27312.21259747428,26603.034805051437,trailing,0.6378898287360575,1.3643538773710264,1,26874.564550587733,52.26242346088541,bear,above_vwap,15
C_TrendFollowing,2023-06-12 13:25:00+00:00,2023-06-12 13:35:00+00:00,long,bull_pullback,25863.85,25879.12,25782.35763430609,26026.834731387822,trailing,1.5265721370960583,-0.09132437746120158,2,25882.56949089944,82.93687421696295,bull,below_vwap,13
C_TrendFollowing,2023-06-14 17:05:00+00:00,2023-06-14 17:30:00+00:00,long,bull_pullback,25947.56,25994.32,25882.77483448678,26077.13033102645,trailing,0.7423928293569493,0.06686563206713288,5,25967.69836036666,40.298737518766295,bull,above_vwap,17
C_TrendFollowing,2023-06-19 08:35:00+00:00,2023-06-19 09:05:00+00:00,short,bear_pullback,26444.73,26410.73,26486.465393961,26361.259212078,trailing,0.6532056590010653,0.1163558864091274,6,26411.241262825937,33.41767942926496,bear,below_vwap,9
C_TrendFollowing,2023-06-27 15:40:00+00:00,2023-06-27 16:40:00+00:00,long,bull_pullback,30610.04,30500.35,30350.530963909845,31129.05807218031,trailing,4.196449854356196,0.3664810630760374,12,30552.18104199102,165.94033186987167,bull,below_vwap,16
C_TrendFollowing,2023-07-06 11:55:00+00:00,2023-07-06 12:05:00+00:00,long,bull_pullback,30898.63,30846.55,30647.537394116993,31400.815211766017,SL,2.7850758966085496,-0.645853877663836,2,30976.989700519316,292.4747941637509,bull,below_vwap,12
C_TrendFollowing,2023-07-16 18:35:00+00:00,2023-07-16 18:40:00+00:00,long,bull_pullback,30338.96,30260.01,30273.936576352393,30469.00684729521,trailing,-15.007051410684952,-0.08441291329696397,1,30285.390998308307,68.65978942866862,bull,below_vwap,18
C_TrendFollowing,2023-07-23 21:40:00+00:00,2023-07-23 23:00:00+00:00,long,bull_pullback,29988.34,29968.51,29887.943411720335,30189.133176559335,trailing,2.7383954225975957,0.2256543709988557,16,29999.128921452884,140.07838236949488,bull,below_vwap,23
C_TrendFollowing,2023-08-05 18:55:00+00:00,2023-08-05 19:00:00+00:00,short,bear_pullback,29079.99,29076.86,29101.8293918002,29036.311216399605,trailing,1.6239395786995061,0.023590104398249732,1,29065.454680428393,26.38770850391495,bear,above_vwap,19
C_TrendFollowing,2023-08-09 10:35:00+00:00,2023-08-09 10:45:00+00:00,long,bull_pullback,29743.07,29822.01,29686.263868180165,29856.68226363967,trailing,0.2554199016564839,0.29811986456005346,2,29770.025759902197,45.78106671579797,bull,+1SD,10
C_TrendFollowing,2023-08-10 12:35:00+00:00,2023-08-10 13:40:00+00:00,short,bear_pullback,29594.05,29530.09,29675.91943165749,29430.311136685017,trailing,0.6842162256336142,-0.026491811698635858,13,29554.905662043046,37.159985807668136,bear,below_vwap,13
C_TrendFollowing,2023-08-12 21:50:00+00:00,2023-08-12 22:00:00+00:00,long,bull_pullback,29400.0,29417.38,29389.296207398682,29421.407585202636,trailing,0.1434131514860302,0.07785714285714088,2,29420.685534959146,17.768286533329267,bull,below_vwap,22
C_TrendFollowing,2023-09-01 20:30:00+00:00,2023-09-01 21:15:00+00:00,short,bear_pullback,25738.02,25825.0,25933.796932339734,25346.466135320537,trailing,4.39841321247159,-0.17658701018959783,9,25831.43635085472,189.68974728549256,bear,below_vwap,21
C_TrendFollowing,2023-09-07 15:25:00+00:00,2023-09-07 16:25:00+00:00,short,bear_pullback,25809.51,25743.93,25925.855053815187,25576.819892369618,trailing,0.9185656627599272,-0.10081555209688381,12,25739.824725300805,44.0386611882295,bear,above_vwap,16
C_TrendFollowing,2023-09-17 08:10:00+00:00,2023-09-17 08:25:00+00:00,long,bull_pullback,26496.66,26518.23,26465.78766475942,26558.40467048116,trailing,0.7660732554501638,0.12103412279132429,3,26511.080309143454,25.06992651480886,bull,above_vwap,8
C_TrendFollowing,2023-09-26 19:55:00+00:00,2023-09-26 20:20:00+00:00,short,bear_pullback,26240.99,26247.7,26304.977275931295,26113.015448137412,trailing,2.351448278094574,0.09424187120990177,5,26241.031520438824,58.94849784642321,bear,above_vwap,20
C_TrendFollowing,2023-10-09 18:30:00+00:00,2023-10-09 19:40:00+00:00,short,bear_pullback,27660.92,27676.85,27810.914024207857,27360.931951584284,trailing,2.356471471614946,0.3239950081197552,14,27598.470104318912,171.38653971866484,bear,above_vwap,19
C_TrendFollowing,2023-10-23 09:45:00+00:00,2023-10-23 11:15:00+00:00,long,bull_pullback,30506.58,30418.95,30311.81715771631,30896.10568456739,trailing,4.4538693681239145,0.3988647695021751,18,30513.09506705878,231.41904589905852,bull,below_vwap,11
C_TrendFollowing,2023-10-23 13:35:00+00:00,2023-10-23 13:45:00+00:00,long,bull_pullback,30487.9,30503.55,30310.544465025087,30842.611069949835,trailing,1.7567427275798464,0.45080179349839994,2,30528.339332090363,213.62138734065215,bull,below_vwap,13
C_TrendFollowing,2023-11-30 13:45:00+00:00,2023-11-30 13:50:00+00:00,short,bear_pullback,37913.34,37821.1,38062.0664468531,37615.88710629378,trailing,0.8516243501374902,0.5785035029886433,1,37836.42097350431,107.68042012087004,bear,below_vwap,13
C_TrendFollowing,2023-12-22 18:25:00+00:00,2023-12-22 18:50:00+00:00,short,bear_pullback,43796.45,43864.89,43974.82734876686,43439.69530246626,SL,3.8676091637922068,-0.44647454302803286,5,43811.973073158864,202.88849482249822,bear,above_vwap,18
C_TrendFollowing,2024-01-06 20:10:00+00:00,2024-01-06 21:05:00+00:00,long,bull_pullback,43857.53,43776.69,43646.7044446072,44279.18111078559,trailing,3.865745768959683,-0.13119753894029343,11,43798.93170888998,165.4205034047244,bull,below_vwap,21
C_TrendFollowing,2024-01-10 16:00:00+00:00,2024-01-10 17:40:00+00:00,short,bear_pullback,45546.39,45323.98,46210.46445918961,44218.24108162078,SL,1.2473302909224802,-1.6107094327344114,20,45457.32851481957,409.1883269430264,bear,below_vwap,17
C_TrendFollowing,2024-01-14 14:20:00+00:00,2024-01-14 14:55:00+00:00,short,bear_pullback,42922.06,42804.25,43104.249475794844,42557.6810484103,trailing,0.8218979414428041,0.256441559421891,7,42830.47310256814,105.11241663805764,bear,below_vwap,14
C_TrendFollowing,2024-01-16 14:50:00+00:00,2024-01-16 15:15:00+00:00,long,bull_pullback,42250.69,42671.11,41771.34382257787,43209.38235484428,trailing,0.5982358176503729,1.7616990397079775,5,42723.982666621414,216.0167403533451,bull,below_vwap,15
C_TrendFollowing,2024-01-23 15:40:00+00:00,2024-01-23 17:30:00+00:00,short,bear_pullback,39150.0,39290.71,39607.782781596936,38234.434436806136,SL,3.3313347108317934,-1.1035759897828936,22,39238.328965957764,430.65720365194625,bear,above_vwap,17
C_TrendFollowing,2024-01-25 10:15:00+00:00,2024-01-25 11:05:00+00:00,long,bull_pullback,40010.39,39983.42,39885.556994836006,40260.05601032798,trailing,2.826767989235696,0.3039460500135105,10,40019.741452643706,76.87833337457467,bull,below_vwap,11
C_TrendFollowing,2024-01-25 18:15:00+00:00,2024-01-25 18:20:00+00:00,short,bear_pullback,39944.02,39965.03,40181.20736658088,39469.645266838226,trailing,2.2915661384765347,0.13118359143620043,1,39956.20173919538,138.97181575010703,bear,above_vwap,18
C_TrendFollowing,2024-02-11 10:50:00+00:00,2024-02-11 10:55:00+00:00,long,bull_pullback,48036.01,48033.52,47874.36057481411,48359.30885037178,trailing,2.0469340724954956,0.22227075063061397,1,48136.52930014948,217.44408395047563,bull,below_vwap,10
C_TrendFollowing,2024-02-20 19:50:00+00:00,2024-02-20 20:00:00+00:00,short,bear_pullback,51983.77,52050.01,52318.64597258715,51314.018054825705,trailing,2.739737117431451,0.04007019883320211,2,51876.27202515629,416.93554085871784,bear,above_vwap,20
C_TrendFollowing,2024-02-23 14:30:00+00:00,2024-02-23 14:35:00+00:00,short,bear_pullback,51187.85,51133.79,51461.52311725268,50640.50376549465,trailing,1.5051461342707004,0.5790631956606817,1,51124.576324498026,134.93350628150222,bear,above_vwap,14
C_TrendFollowing,2024-03-01 14:40:00+00:00,2024-03-01 15:45:00+00:00,long,bull_pullback,61902.75,61889.56,61360.28849950549,62987.67300098902,SL,2.0747631413424745,-0.9530109728566216,13,61750.19071385185,445.70125499550363,bull,above_vwap,15
C_TrendFollowing,2024-03-06 12:45:00+00:00,2024-03-06 12:50:00+00:00,long,bull_pullback,65980.0,65460.0,64882.21832314766,68175.56335370468,trailing,4.699981779447598,0.20315247044557985,1,65555.08592373563,1421.170650717314,bull,below_vwap,12
C_TrendFollowing,2024-03-12 12:30:00+00:00,2024-03-12 13:45:00+00:00,long,bull_pullback,71628.52,71986.79,71047.0017878048,72791.55642439041,trailing,0.8563274298904064,0.5751061169489504,15,71949.78114298396,197.36214992253682,bull,above_vwap,13
C_TrendFollowing,2024-03-24 17:05:00+00:00,2024-03-24 18:05:00+00:00,long,bull_pullback,64822.0,64768.0,64237.763514586826,65990.47297082635,trailing,2.3055240528643846,1.38883403782667,12,64947.57757037298,567.2973696653752,bull,below_vwap,18
C_TrendFollowing,2024-03-26 13:40:00+00:00,2024-03-26 13:45:00+00:00,long,bull_pullback,70296.13,70554.01,69705.31356845413,71477.76286309173,trailing,1.0884373125136915,0.751079753608052,1,70657.92852355776,331.331696786587,bull,below_vwap,13
C_TrendFollowing,2024-04-20 13:15:00+00:00,2024-04-20 14:20:00+00:00,short,bear_pullback,63870.47,63833.24,64233.517621821054,63144.374756357895,trailing,1.7209686629697714,0.148080951964189,13,63793.28420674607,200.95577550097707,bear,above_vwap,14
C_TrendFollowing,2024-04-23 20:05:00+00:00,2024-04-23 20:15:00+00:00,long,bull_pullback,66411.01,66346.0,66138.50815047622,66956.01369904754,SL,2.939940534761259,-0.5080784044693768,2,66477.70986310723,294.3174710958676,bull,below_vwap,20
C_TrendFollowing,2024-05-05 20:30:00+00:00,2024-05-05 21:20:00+00:00,long,bull_pullback,63652.59,63685.46,63424.51187903466,64108.74624193067,trailing,1.6221087945174126,0.18417161029897325,10,63816.998057081226,374.3146340084344,bull,below_vwap,21
C_TrendFollowing,2024-05-09 12:30:00+00:00,2024-05-09 13:30:00+00:00,short,bear_pullback,61218.84,61409.53,61583.63649806879,60489.247003862416,trailing,5.285747553052198,-0.08995596780338698,12,61318.7044273088,244.23584758438338,bear,above_vwap,13
C_TrendFollowing,2024-05-18 13:00:00+00:00,2024-05-18 13:40:00+00:00,long,bull_pullback,66947.99,66964.32,66707.1536969801,67429.66260603983,trailing,1.8095007027564884,0.1037671183257349,8,67025.31998971656,140.69554881488511,bull,below_vwap,13
C_TrendFollowing,2024-05-27 08:25:00+00:00,2024-05-27 08:45:00+00:00,short,bear_pullback,68789.99,68798.33,68997.22672141851,68375.51655716299,trailing,2.125793928736228,0.3340311577309414,4,68806.28289662184,242.20900421163415,bear,below_vwap,8
C_TrendFollowing,2024-06-02 17:30:00+00:00,2024-06-02 17:40:00+00:00,long,bull_pullback,67929.63,67860.74,67709.11245658765,68370.66508682472,trailing,3.3630109368584282,0.12716100470441263,2,67928.62537065026,224.50174216080867,bull,below_vwap,17
C_TrendFollowing,2024-06-08 11:30:00+00:00,2024-06-08 11:40:00+00:00,short,bear_pullback,69499.31,69440.0,69612.54412778554,69272.84174442892,trailing,0.968785537453009,0.17092256023835864,2,69410.47051412937,60.161253985070935,bear,above_vwap,11
C_TrendFollowing,2024-06-22 18:00:00+00:00,2024-06-22 18:30:00+00:00,long,bull_pullback,64256.38,64262.05,64208.638125109355,64351.86374978128,trailing,1.6815314939825294,0.09897849832188776,6,64309.642546618794,101.7896292460831,bull,below_vwap,18
C_TrendFollowing,2024-06-22 19:40:00+00:00,2024-06-22 20:10:00+00:00,long,bull_pullback,64247.14,64272.0,64192.24443123335,64356.931137533305,trailing,1.0648928826749937,0.04090454454470477,6,64307.86686720248,99.69014079742637,bull,below_vwap,20
C_TrendFollowing,2024-06-28 12:30:00+00:00,2024-06-28 12:40:00+00:00,short,bear_pullback,61792.0,61622.0,62151.67827765602,61072.64344468796,trailing,1.037151377517506,0.45635357327809095,2,61646.013890781105,177.09849980589655,bear,below_vwap,12
C_TrendFollowing,2024-07-05 12:30:00+00:00,2024-07-05 15:05:00+00:00,short,bear_pullback,55648.0,55181.42,56391.97973834088,54160.04052331824,SL,0.8437249681553083,-1.1163563829787293,31,55246.54744591735,975.038072110007,bear,below_vwap,15
C_TrendFollowing,2024-07-08 14:35:00+00:00,2024-07-08 18:50:00+00:00,long,bull_pullback,55337.06,55766.0,54220.661974291215,57569.85605141756,time_expired,1.1672889823507746,1.7979632456079204,51,56170.66072019106,994.8944002637959,bull,below_vwap,18
C_TrendFollowing,2024-07-14 12:25:00+00:00,2024-07-14 12:50:00+00:00,long,bull_pullback,59909.95,59778.0,59668.462621649465,60392.92475670107,SL,5.613834893265603,-0.504023121367985,5,59878.46436661866,279.14000890467906,bull,below_vwap,12
C_TrendFollowing,2024-07-14 13:20:00+00:00,2024-07-14 14:30:00+00:00,long,bull_pullback,59725.48,59735.99,59483.17852484418,60210.082950311655,trailing,1.8752825599370284,0.02097932071872647,14,59866.9602724014,271.4894186797886,bull,below_vwap,14
C_TrendFollowing,2024-07-22 13:00:00+00:00,2024-07-22 13:10:00+00:00,short,bear_pullback,67697.11,67766.0,67947.29392569652,67196.74214860695,trailing,3.139972005162343,0.037106458458854956,2,67650.39900306572,344.5168128776219,bear,above_vwap,13
C_TrendFollowing,2024-07-28 11:25:00+00:00,2024-07-28 11:30:00+00:00,short,bear_pullback,67762.84,67794.0,67950.00806797297,67388.50386405403,trailing,2.599199779951251,0.04846313997464762,1,67667.60913701274,256.89295560912905,bear,above_vwap,11
C_TrendFollowing,2024-07-29 13:45:00+00:00,2024-07-29 14:00:00+00:00,long,bull_pullback,69351.0,69379.79,68829.42070024411,70394.15859951178,SL,1.8430690083217027,-0.6387795417513806,3,69436.21694122454,371.28742279477285,bull,below_vwap,14
C_TrendFollowing,2024-08-17 21:30:00+00:00,2024-08-17 23:05:00+00:00,long,bull_pullback,59257.47,59223.67,59077.042645180045,59618.32470963991,trailing,2.6915489959190753,0.2255411849341551,19,59268.14337528459,164.30830117480215,bull,below_vwap,23
C_TrendFollowing,2024-08-22 13:30:00+00:00,2024-08-22 13:50:00+00:00,long,bull_pullback,60800.0,60851.08,60380.69970079997,61638.60059840006,trailing,1.6742210499448544,-0.016463815789477036,4,60832.11758764438,297.85954036526954,bull,above_vwap,13
C_TrendFollowing,2024-08-24 16:00:00+00:00,2024-08-24 16:10:00+00:00,long,bull_pullback,63976.0,63999.89,63763.91976054965,64400.160478900696,trailing,1.6962752584099532,0.03885832187070242,2,64051.65572067128,149.47958502716463,bull,below_vwap,16
C_TrendFollowing,2024-08-24 18:20:00+00:00,2024-08-24 20:15:00+00:00,long,bull_pullback,63991.99,64317.34,63660.37629900195,64655.21740199609,trailing,0.5143014773613761,0.3953619820230626,23,64067.18659748496,144.682796447958,bull,+1SD,20
C_TrendFollowing,2024-08-30 13:50:00+00:00,2024-08-30 13:55:00+00:00,long,bull_pullback,59202.0,59310.0,58711.89072396931,60182.21855206138,trailing,1.4582929692209274,0.7617985878855444,1,59290.187918118296,244.35974830390617,bull,above_vwap,13
C_TrendFollowing,2024-09-10 13:15:00+00:00,2024-09-10 13:40:00+00:00,long,bull_pullback,56928.0,56894.0,56604.11291927684,57575.774161446316,trailing,2.351861144503401,-0.08431703204047217,5,56973.526741461064,208.46207047187357,bull,below_vwap,13
C_TrendFollowing,2024-09-29 15:00:00+00:00,2024-09-29 15:10:00+00:00,long,bull_pullback,65694.07,65647.98,65547.39574849079,65987.41850301843,trailing,3.3746684786669663,0.007458816298022301,2,65680.82109256458,115.97865310691375,bull,below_vwap,15
C_TrendFollowing,2024-10-18 09:45:00+00:00,2024-10-18 11:05:00+00:00,long,bull_pullback,67810.0,67822.0,67564.33252678323,68301.33494643355,trailing,1.8602850427701698,0.21277097773189624,16,67873.63668997522,219.9001847070783,bull,below_vwap,11
C_TrendFollowing,2024-11-05 20:00:00+00:00,2024-11-05 22:25:00+00:00,long,bull_pullback,68995.99,69310.01,68259.00963193402,70469.95073613197,trailing,1.1036539770832556,0.33626591922225446,29,69224.83260414244,722.2706739293134,bull,above_vwap,22
C_TrendFollowing,2024-11-17 13:35:00+00:00,2024-11-17 14:25:00+00:00,long,bull_pullback,90692.57,90381.96,90218.70203778209,91640.30592443584,SL,7.70771549112065,-0.6585214202221973,10,90523.74291483115,423.27441778234754,bull,below_vwap,14
C_TrendFollowing,2024-11-23 12:45:00+00:00,2024-11-23 13:10:00+00:00,short,bear_pullback,98587.99,98480.0,98787.04238746477,98189.88522507048,SL,0.9448688089126116,-0.21504647777076574,5,98540.15360702666,112.6021733580731,bear,below_vwap,13
C_TrendFollowing,2024-12-04 18:55:00+00:00,2024-12-04 19:40:00+00:00,short,bear_pullback,96066.04,96111.01,96777.72511066668,94642.66977866662,SL,2.2023502960133894,-0.7597794184084193,9,95895.72071333848,510.8327185240754,bear,above_vwap,19
C_TrendFollowing,2024-12-08 11:45:00+00:00,2024-12-08 12:30:00+00:00,short,bear_pullback,99716.0,99672.01,100112.98180658753,98922.03638682494,trailing,1.7007291667436362,0.12249789401900817,9,99586.96377972489,357.4716884019725,bear,above_vwap,12
C_TrendFollowing,2024-12-31 20:55:00+00:00,2024-12-31 21:35:00+00:00,long,bull_pullback,93649.91,93564.04,93093.37700326114,94762.97599347772,trailing,2.5473342960567327,0.33320907622869356,8,94118.50632747218,1109.9168805936697,bull,below_vwap,21
A_HTF,2020-01-05 21:30:00+00:00,2020-01-05 21:35:00+00:00,long,bull_pullback,7409.31,7394.04,7400.393044668448,7438.790206514074,SL,-7.043899240363092,-0.27667893501554125,1,7438.790206514074,24.013244185298237,bull,-1SD,21
A_HTF,2020-01-07 16:00:00+00:00,2020-01-07 16:25:00+00:00,long,bull_pullback,7764.04,7794.65,7743.031122276747,7872.194382724831,trailing,1.5022485211819985,1.5316768074353053,5,7872.194382724831,41.34348841200211,bull,-1SD,16
A_HTF,2020-01-08 13:10:00+00:00,2020-01-08 13:15:00+00:00,long,bull_pullback,8258.39,8266.44,8242.59578378563,8324.527655175367,SL,2.436131875886805,-0.3029646214334588,1,8324.527655175367,46.90957195427292,bull,-1SD,13
A_HTF,2020-01-29 16:00:00+00:00,2020-01-29 16:10:00+00:00,long,bull_pullback,9285.0,9286.6,9270.378962405897,9335.122607273506,TP,2.9913380689744193,0.3855681206246556,2,9335.122607273506,27.389900148150264,bull,-1SD,16
A_HTF,2020-02-18 09:15:00+00:00,2020-02-18 09:20:00+00:00,long,bull_pullback,9716.27,9686.56,9701.235363875201,9744.81710897018,SL,-3.969721600472369,-0.249375531968539,1,9744.81710897018,41.043523177303925,bull,-1SD,9
A_HTF,2020-02-19 20:45:00+00:00,2020-02-19 20:50:00+00:00,long,bull_pullback,10095.38,10059.89,10076.659141088152,10127.809486512535,trailing,-4.0502662691842275,0.24387393045136294,1,10127.809486512535,36.862764445646974,bull,-1SD,20
A_HTF,2020-02-21 20:00:00+00:00,2020-02-21 20:05:00+00:00,long,bull_pullback,9681.84,9615.0,9664.680061006893,9681.083497782476,trailing,-1.3301814942076473,-0.26513555274617295,1,9681.083497782476,35.77790740654402,bull,-1SD,20
A_HTF,2020-03-06 16:00:00+00:00,2020-03-06 17:15:00+00:00,long,bull_pullback,9001.7,9028.66,8987.453576776692,9081.90734981354,trailing,1.2922099432163732,0.8290656209382583,15,9081.90734981354,36.23830997638195,bull,-1SD,17
A_HTF,2020-03-17 14:00:00+00:00,2020-03-17 14:30:00+00:00,long,bull_pullback,5090.11,5125.03,5053.5218305493345,5238.860126224684,TP,1.59184785597424,2.1473013353346038,6,5238.860126224684,85.85842190251239,bull,-1SD,14
A_HTF,2020-03-31 11:05:00+00:00,2020-03-31 11:10:00+00:00,long,bull_pullback,6424.93,6397.55,6411.342912282819,6447.5143763840815,trailing,-3.6224674934182413,-0.9327728084197071,1,6447.5143763840815,25.675760721111114,bull,-1SD,11
A_HTF,2020-04-26 15:10:00+00:00,2020-04-26 18:00:00+00:00,long,bull_pullback,7520.07,7544.07,7496.380707204133,7605.615340272115,trailing,1.290548394910332,1.0022513088309004,34,7605.615340272115,45.05520200592697,bull,-1SD,18
A_HTF,2020-04-27 10:50:00+00:00,2020-04-27 11:30:00+00:00,long,bull_pullback,7684.09,7689.02,7673.917760646375,7710.432629590917,trailing,1.4178446712127277,0.4044720975418029,8,7710.432629590917,20.4529413598605,bull,-1SD,11
A_HTF,2020-04-27 13:30:00+00:00,2020-04-27 14:45:00+00:00,long,bull_pullback,7652.24,7662.76,7638.442205655134,7706.065963588342,trailing,1.7808343542260485,0.10506727441899318,15,7706.065963588342,22.058612860125354,bull,-1SD,14
A_HTF,2020-04-30 10:00:00+00:00,2020-04-30 13:05:00+00:00,long,bull_pullback,8634.15,8713.62,8573.51598495082,9086.370364398294,trailing,2.6605259261659695,1.879281689569908,37,9086.370364398294,193.7848116013421,bull,-1SD,13
A_HTF,2020-05-02 08:05:00+00:00,2020-05-02 08:20:00+00:00,long,bull_pullback,8787.91,8805.0,8776.547667169501,8815.391854704545,TP,0.36523735211637287,0.19333379609030796,3,8815.391854704545,13.83304315973863,bull,below_vwap,8
A_HTF,2020-05-11 16:45:00+00:00,2020-05-11 17:55:00+00:00,long,bull_pullback,8545.97,8621.4,8477.899378122363,8798.514616594695,SL,1.2342428504994383,-0.4588127503372833,14,8798.514616594695,146.44874871033974,bull,-1SD,17
A_HTF,2020-05-23 08:20:00+00:00,2020-05-23 08:25:00+00:00,long,bull_pullback,9199.36,9188.47,9185.898670429937,9244.30511766435,SL,21.71449288898137,-0.23414672325032254,1,9244.30511766435,27.952142305036624,bull,-1SD,8
A_HTF,2020-06-07 08:40:00+00:00,2020-06-07 08:45:00+00:00,long,bull_pullback,9608.04,9636.08,9591.445116244107,9661.361430360163,TP,0.5664052022276195,0.45753348237516833,1,9661.361430360163,25.225042964562707,bull,-1SD,8
A_HTF,2020-06-08 16:50:00+00:00,2020-06-08 17:05:00+00:00,long,bull_pullback,9664.45,9717.73,9652.32321481704,9722.299171472689,TP,0.06985775955671636,0.5999306737579434,3,9722.299171472689,23.02311343387941,bull,below_vwap,17
A_HTF,2020-06-23 21:05:00+00:00,2020-06-23 21:20:00+00:00,long,bull_pullback,9613.72,9617.65,9605.242666562883,9640.862336188839,TP,1.8708561599060844,0.14728949875802347,3,9640.862336188839,23.22726439304992,bull,below_vwap,21
A_HTF,2020-07-02 08:45:00+00:00,2020-07-02 10:30:00+00:00,long,bull_pullback,9184.25,9200.24,9177.250293612671,9220.725123282238,trailing,0.8910563248223704,0.1986008656123231,21,9220.725123282238,19.125304308118963,bull,-1SD,10
A_HTF,2020-07-09 10:05:00+00:00,2020-07-09 10:10:00+00:00,long,bull_pullback,9382.16,9376.66,9374.913859446213,9394.660067953359,SL,10.308487432080259,-0.11553842611936,1,9394.660067953359,12.244079749119868,bull,-1SD,10
A_HTF,2020-07-28 08:05:00+00:00,2020-07-28 08:10:00+00:00,long,bull_pullback,10904.01,10821.23,10872.352701754875,11004.793797530994,trailing,-3.590651339421607,-0.8123616907908184,1,11004.793797530994,101.85385134567622,bull,-1SD,8
A_HTF,2020-08-07 11:55:00+00:00,2020-08-07 12:25:00+00:00,long,bull_pullback,11725.66,11755.31,11707.729708021714,11805.667869020159,trailing,1.0583766287760803,-0.1141939984614889,6,11805.667869020159,36.805046581021955,bull,-1SD,12
A_HTF,2020-08-16 08:15:00+00:00,2020-08-16 08:30:00+00:00,long,bull_pullback,11842.02,11841.93,11831.379600574523,11873.941924795156,TP,3.0341907926112164,0.2616952175388978,3,11873.941924795156,28.46042037450088,bull,-1SD,8
A_HTF,2020-08-18 13:55:00+00:00,2020-08-18 14:00:00+00:00,long,bull_pullback,12117.13,12154.54,12086.448371164863,12252.805485906712,trailing,1.4431360739604215,0.530983822076681,1,12252.805485906712,53.07095252293686,bull,-1SD,14
A_HTF,2020-08-29 10:45:00+00:00,2020-08-29 10:50:00+00:00,long,bull_pullback,11486.3,11466.74,11475.30046785824,11512.198327042688,SL,-5.310261985147201,-0.21294933964809493,1,11512.198327042688,23.51925651574834,bull,-1SD,10
A_HTF,2020-09-25 09:00:00+00:00,2020-09-25 09:40:00+00:00,long,bull_pullback,10599.8,10626.68,10584.600697072325,10676.22287762641,SL,1.1773692570801708,-0.22358912432309014,8,10676.22287762641,33.33365910045562,bull,-1SD,9
A_HTF,2020-10-26 15:50:00+00:00,2020-10-26 16:00:00+00:00,long,bull_pullback,12979.28,12987.74,12947.13512431348,13101.297783206639,trailing,2.7966538817489206,0.3454737088652078,2,13101.297783206639,57.42647056485045,bull,-1SD,16
A_HTF,2020-11-07 08:10:00+00:00,2020-11-07 10:15:00+00:00,long,bull_pullback,15403.52,15488.14,15378.190434445953,15575.252903062374,trailing,0.7922987473702481,0.39536417649991457,25,15575.252903062374,68.98761926519906,bull,-1SD,10
A_HTF,2020-11-07 13:30:00+00:00,2020-11-07 13:35:00+00:00,long,bull_pullback,15442.37,15420.63,15421.116275008544,15549.918659510138,trailing,-265.8755996879472,0.0990780560237792,1,15549.918659510138,68.49792163586494,bull,-1SD,13
A_HTF,2020-11-18 15:25:00+00:00,2020-11-18 16:00:00+00:00,long,bull_pullback,17384.44,17560.02,17298.10123796531,17926.963527311105,TP,1.4009822147162783,3.363064901716716,7,17926.963527311105,216.22026122420064,bull,-1SD,16
A_HTF,2020-11-21 12:00:00+00:00,2020-11-21 12:05:00+00:00,long,bull_pullback,18531.06,18491.67,18488.611127093114,18701.393184262222,SL,68.5622419258536,0.050941500378276744,1,18701.393184262222,107.06123359430009,bull,-1SD,12
A_HTF,2020-12-07 12:05:00+00:00,2020-12-07 12:20:00+00:00,long,bull_pullback,19117.83,19157.3,19093.82322558784,19261.35936423523,trailing,1.639329742238731,0.34397209306703946,3,19261.35936423523,61.03091383107504,bull,-1SD,12
A_HTF,2020-12-18 13:45:00+00:00,2020-12-18 13:50:00+00:00,long,bull_pullback,22817.68,22735.83,22757.91370239052,22958.33512817683,SL,-10.075535534854748,-0.5337089484995794,1,22958.33512817683,132.0496532884576,bull,-1SD,13
A_HTF,2020-12-19 08:10:00+00:00,2020-12-19 08:15:00+00:00,long,bull_pullback,22908.99,22864.7,22863.51821934849,23032.20299665869,SL,141.7378059495698,-0.20908822257114543,1,23032.20299665869,88.4138429367145,bull,-1SD,8
A_HTF,2020-12-28 10:40:00+00:00,2020-12-28 11:40:00+00:00,long,bull_pullback,26666.6,26675.28,26595.608177458245,26950.25084871808,trailing,3.4512935683625923,0.5203138007845021,12,26950.25084871808,194.01099914470169,bull,-1SD,11
A_HTF,2021-01-01 17:45:00+00:00,2021-01-01 17:50:00+00:00,long,bull_pullback,29164.21,29067.18,29107.467638054466,29229.586121412023,SL,-4.031165122970533,-0.15220710590137507,1,29229.586121412023,143.19610192641503,bull,-1SD,17
A_HTF,2021-01-10 10:35:00+00:00,2021-01-10 11:20:00+00:00,long,bull_pullback,40069.17,40392.5,39932.3978245177,40701.573051531974,SL,0.6717487288730778,-2.101690651440989,9,40701.573051531974,240.52166279473124,bull,-1SD,11
A_HTF,2021-01-25 21:30:00+00:00,2021-01-25 21:35:00+00:00,long,bull_pullback,32663.88,32360.43,32515.60266362528,33528.66758226521,SL,-7.528630075503167,-0.8004866537594466,1,33528.66758226521,615.2393907775839,bull,-1SD,21
A_HTF,2021-02-18 11:05:00+00:00,2021-02-18 11:10:00+00:00,long,bull_pullback,51639.76,51513.66,51540.86798783757,51958.33797566495,SL,-16.343655338267233,-0.1875880135771402,1,51958.33797566495,245.36590046073968,bull,-1SD,11
A_HTF,2021-04-01 10:40:00+00:00,2021-04-01 11:05:00+00:00,long,bull_pullback,58528.06,58735.08,58405.651688159254,58959.25046756033,SL,0.6804833085162811,-0.3551971481713206,5,58959.25046756033,151.33706305738443,bull,-1SD,11
A_HTF,2021-04-10 20:55:00+00:00,2021-04-10 21:00:00+00:00,long,bull_pullback,58812.4,58615.28,58671.26097479191,60065.211058623616,trailing,-25.900425350097006,-0.09120525603444073,1,60065.211058623616,764.6576705508471,bull,-1SD,21
A_HTF,2021-05-10 11:25:00+00:00,2021-05-10 12:30:00+00:00,long,bull_pullback,57405.2,57747.75,57230.93129978687,58608.51171580684,trailing,1.665500330100032,1.2573599604217056,13,58608.51171580684,499.79901069926353,bull,-1SD,12
A_HTF,2021-05-12 08:45:00+00:00,2021-05-12 09:40:00+00:00,long,bull_pullback,56736.41,56789.62,56620.05950139641,57181.534784385796,trailing,2.31135664033424,0.5759969656169568,11,57181.534784385796,264.77504921059864,bull,-1SD,9
A_HTF,2021-06-07 14:50:00+00:00,2021-06-07 16:20:00+00:00,long,bull_pullback,35951.85,36118.61,35859.00841901916,36299.68375096546,SL,0.6975063490804514,-0.16791903615528922,18,36299.68375096546,218.23401065090528,bull,below_vwap,16
A_HTF,2021-07-28 18:00:00+00:00,2021-07-28 18:30:00+00:00,long,bull_pullback,38961.01,39183.07,38797.191618639234,39843.038864987684,trailing,1.7103027712005072,2.16108360640547,6,39843.038864987684,372.9634506964595,bull,-1SD,18
A_HTF,2021-07-31 13:35:00+00:00,2021-07-31 13:45:00+00:00,long,bull_pullback,41487.38,41493.03,41409.33247589464,41738.71706928474,SL,2.93541621345301,-0.2736494808782788,2,41738.71706928474,174.31660129910196,bull,-1SD,13
A_HTF,2021-08-01 10:55:00+00:00,2021-08-01 11:00:00+00:00,long,bull_pullback,41549.98,41494.11,41487.382628483334,41874.93188037896,trailing,56.607826613335746,-0.024789422281317364,1,41874.93188037896,247.59655059642213,bull,-1SD,11
A_HTF,2021-08-07 16:05:00+00:00,2021-08-07 16:15:00+00:00,long,bull_pullback,42907.69,42945.62,42771.85812498986,43491.835798162516,SL,3.143473205101182,-0.6069308322121408,2,43491.835798162516,341.15123037531237,bull,-1SD,16
A_HTF,2021-08-08 14:40:00+00:00,2021-08-08 14:45:00+00:00,long,bull_pullback,44344.56,44100.05,44208.136936628616,44599.429037183196,SL,-4.620160888628559,-0.24708780513325584,1,44599.429037183196,296.47232302167953,bull,-1SD,14
A_HTF,2021-08-10 10:40:00+00:00,2021-08-10 10:50:00+00:00,long,bull_pullback,45450.11,45456.12,45354.85745682723,45847.18350466346,SL,3.86187717995816,-0.11997770742468794,2,45847.18350466346,252.012594234244,bull,-1SD,10
A_HTF,2021-08-20 08:00:00+00:00,2021-08-20 08:10:00+00:00,long,bull_pullback,46833.48,46956.91,46760.102397431845,47066.22323105292,SL,0.5554319529656419,-0.20305986230364648,2,47066.22323105292,114.09224322328942,bull,below_vwap,8
A_HTF,2021-08-28 12:10:00+00:00,2021-08-28 12:35:00+00:00,long,bull_pullback,48697.71,48774.86,48627.133301674614,48960.90458989661,TP,1.2593836591867753,0.24198263121613683,5,48960.90458989661,127.245811884371,bull,-1SD,12
A_HTF,2021-08-28 19:10:00+00:00,2021-08-28 19:20:00+00:00,long,bull_pullback,48616.88,48647.54,48559.698332152504,48893.54173154591,SL,2.800512986308488,-0.05938266709010398,2,48893.54173154591,161.88503474058814,bull,-1SD,19
A_HTF,2021-09-27 12:30:00+00:00,2021-09-27 13:35:00+00:00,long,bull_pullback,43433.88,43471.7,43340.13449880907,43821.86349513754,SL,2.6615145457424574,0.0084035780363197,13,43821.86349513754,270.8387124955459,bull,-1SD,13
A_HTF,2021-10-07 09:30:00+00:00,2021-10-07 09:40:00+00:00,long,bull_pullback,53974.98,54194.47,53848.90058648881,54687.85417841912,trailing,1.4277426158931117,0.5940530223447964,2,54687.85417841912,280.0758214658448,bull,-1SD,9
A_HTF,2021-10-10 21:15:00+00:00,2021-10-10 21:20:00+00:00,long,bull_pullback,54794.85,54630.02,54603.02200336333,55228.789415404084,SL,22.178290614011345,-0.1944708307441259,1,55228.789415404084,362.1906153363064,bull,-1SD,21
A_HTF,2021-10-14 09:20:00+00:00,2021-10-14 09:25:00+00:00,long,bull_pullback,57562.0,57274.55,57454.02228199446,57848.74961917084,SL,-3.1993777133149117,-0.42493311559709274,1,57848.74961917084,294.25563993534354,bull,-1SD,9
A_HTF,2021-11-09 11:35:00+00:00,2021-11-09 11:40:00+00:00,long,bull_pullback,67618.42,67349.29,67527.41116191834,67869.41996766948,SL,-2.920090808232717,-0.1819770411671892,1,67869.41996766948,280.01750679803587,bull,-1SD,11
A_HTF,2021-11-09 15:15:00+00:00,2021-11-09 15:40:00+00:00,long,bull_pullback,67102.93,67262.58,66929.06570951216,67761.16257963979,SL,1.4949361807270298,-0.2949647653239479,5,67761.16257963979,319.77090980306355,bull,-1SD,15
A_HTF,2022-01-02 18:25:00+00:00,2022-01-02 18:30:00+00:00,long,bull_pullback,47106.1,46949.01,47007.976110442985,47314.78709727679,SL,-6.203174917404034,-0.7793258197982864,1,47314.78709727679,207.7957864645785,bull,-1SD,18
A_HTF,2022-01-05 12:40:00+00:00,2022-01-05 12:45:00+00:00,long,bull_pullback,46045.97,46060.67,45953.690118854734,46434.73214490149,SL,3.496565343847877,-0.0932546322729271,1,46434.73214490149,270.89960059171364,bull,-1SD,12
A_HTF,2022-01-29 15:50:00+00:00,2022-01-29 16:10:00+00:00,long,bull_pullback,37501.21,37501.96,37418.17807723871,37769.80176692851,SL,3.1968920991659906,-0.29855036677482977,4,37769.80176692851,153.99288055835268,bull,-1SD,16
A_HTF,2022-02-08 12:20:00+00:00,2022-02-08 12:25:00+00:00,long,bull_pullback,43638.06,43420.41,43529.76127763432,44235.01954817227,SL,-7.449474444152295,-0.8091789598346045,1,44235.01954817227,438.2999475820268,bull,-1SD,12
A_HTF,2022-02-13 17:00:00+00:00,2022-02-13 17:05:00+00:00,long,bull_pullback,42311.16,42197.07,42240.980376120984,42403.94579425726,SL,-4.711319112532004,-0.3336471985169055,1,42403.94579425726,127.23643987423678,bull,-1SD,17
A_HTF,2022-02-16 13:35:00+00:00,2022-02-16 13:45:00+00:00,long,bull_pullback,43858.38,43949.01,43795.28597898376,44069.04844426724,SL,0.7808697916804683,-0.47995388794570165,2,44069.04844426724,135.79876507431445,bull,below_vwap,13
A_HTF,2022-03-17 10:35:00+00:00,2022-03-17 12:00:00+00:00,long,bull_pullback,40642.99,40675.11,40581.448549152665,40935.28305246199,trailing,2.777802928614287,0.6088626845613454,17,40935.28305246199,166.30434116304704,bull,-1SD,12
A_HTF,2022-03-17 16:15:00+00:00,2022-03-17 16:50:00+00:00,long,bull_pullback,40789.87,40831.87,40717.01268793975,40922.34364007581,SL,0.787704661139412,-0.027408765950958633,7,40922.34364007581,147.67528130979338,bull,below_vwap,16
A_HTF,2022-03-24 13:30:00+00:00,2022-03-24 13:40:00+00:00,long,bull_pullback,42775.0,42808.55,42704.41013187773,42971.61580044771,TP,1.5658345203227284,0.3782349503214515,2,42971.61580044771,113.6578980526445,bull,-1SD,13
A_HTF,2022-03-25 08:10:00+00:00,2022-03-25 08:15:00+00:00,long,bull_pullback,43773.66,43829.19,43720.740806472015,44017.23398913129,trailing,1.7339362609714268,0.18125055113051206,1,44017.23398913129,107.33952885952942,bull,-1SD,8
A_HTF,2022-03-27 10:00:00+00:00,2022-03-27 10:45:00+00:00,long,bull_pullback,44539.95,44566.85,44510.41591996544,44669.32410324777,trailing,1.8158195045443133,0.12397858551704967,9,44669.32410324777,72.96496513401941,bull,-1SD,10
A_HTF,2022-04-02 12:10:00+00:00,2022-04-02 12:15:00+00:00,long,bull_pullback,46438.3,46556.65,46365.14849354595,46578.33086270742,TP,0.11321510263222345,0.5012242050204136,1,46578.33086270742,151.01294373777912,bull,below_vwap,12
A_HTF,2022-04-02 15:15:00+00:00,2022-04-02 15:30:00+00:00,long,bull_pullback,46378.24,46458.5,46312.96682885336,46604.13253871259,SL,1.0006827829364635,-0.13633548836694953,3,46604.13253871259,152.0456019387358,bull,below_vwap,15
A_HTF,2022-08-11 18:20:00+00:00,2022-08-11 18:25:00+00:00,long,bull_pullback,24192.32,24152.69,24142.878907171664,24464.94770711275,SL,31.82700567371414,0.02331318368804405,1,24464.94770711275,185.88297978834038,bull,-1SD,18
A_HTF,2022-09-06 14:00:00+00:00,2022-09-06 14:05:00+00:00,long,bull_pullback,19780.65,19726.48,19743.563067489657,19877.223808706985,SL,-8.82416514471154,-0.3721313505875721,1,19877.223808706985,90.8808884126372,bull,-1SD,14
A_HTF,2022-09-11 20:35:00+00:00,2022-09-11 20:50:00+00:00,long,bull_pullback,21546.06,21552.1,21505.951736787454,21599.78029069827,SL,1.0331979446045414,0.06469860382825765,3,21599.78029069827,59.260973021401846,bull,below_vwap,20
A_HTF,2022-12-04 11:30:00+00:00,2022-12-04 11:35:00+00:00,long,bull_pullback,16961.9,16938.96,16951.590254800478,16989.870186658718,trailing,-4.030812320333335,-0.12899498287338693,1,16989.870186658718,30.92807361644382,bull,-1SD,11
A_HTF,2022-12-23 20:30:00+00:00,2022-12-23 20:35:00+00:00,long,bull_pullback,16824.23,16818.19,16814.716035751615,16835.30658958156,SL,4.927105853068225,-0.08897881210611816,1,16835.30658958156,22.052451653814042,bull,below_vwap,20
A_HTF,2023-01-18 09:05:00+00:00,2023-01-18 09:10:00+00:00,long,bull_pullback,21217.44,21241.61,21194.00668829246,21254.291580523903,TP,0.2664012243898746,0.14313696657090874,1,21254.291580523903,43.05752774365325,bull,below_vwap,9
A_HTF,2023-02-19 17:05:00+00:00,2023-02-19 17:10:00+00:00,long,bull_pullback,24669.77,24535.09,24585.72371095726,24758.965884610257,SL,-4.4214788996847,-0.5478770170942001,1,24758.965884610257,124.83323782681418,bull,-1SD,17
A_HTF,2023-03-18 15:45:00+00:00,2023-03-18 16:30:00+00:00,long,bull_pullback,27133.45,27228.23,27059.09746847544,27382.376417995216,trailing,0.9113942575431325,-1.2709773360925374,9,27382.376417995216,92.46846275568596,bull,-1SD,16
A_HTF,2023-03-27 12:50:00+00:00,2023-03-27 13:10:00+00:00,long,bull_pullback,27734.27,27749.23,27701.93866259042,27859.12823908668,SL,2.323855596107893,0.018460914961882832,4,27859.12823908668,65.70674265950136,bull,-1SD,13
A_HTF,2023-04-01 14:40:00+00:00,2023-04-01 14:45:00+00:00,long,bull_pullback,28350.0,28352.4,28329.683803013977,28487.33317865058,SL,5.939954594230418,-0.027795414462084722,1,28487.33317865058,81.68754244761689,bull,-1SD,14
A_HTF,2023-04-01 15:00:00+00:00,2023-04-01 15:55:00+00:00,long,bull_pullback,28318.04,28312.12,28291.067021680607,28480.689742964867,trailing,8.00693091530875,0.28967400286177586,11,28480.689742964867,86.40412066148572,bull,-1SD,15
A_HTF,2023-04-26 19:45:00+00:00,2023-04-26 19:50:00+00:00,long,bull_pullback,28272.38,27960.4,28133.92940882939,29090.17819814196,SL,-6.510586336709866,-0.3941656132239391,1,29090.17819814196,565.3903834361548,bull,-1SD,19
A_HTF,2023-04-29 15:45:00+00:00,2023-04-29 15:50:00+00:00,long,bull_pullback,29336.53,29271.81,29319.294814096607,29324.634483914084,SL,-1.1124500520653442,-0.22787289430617236,1,29324.634483914084,37.27870680519454,bull,-1SD,15
A_HTF,2023-05-29 15:35:00+00:00,2023-05-29 15:50:00+00:00,long,bull_pullback,27659.83,27708.87,27624.276435339194,28003.052111374844,SL,3.477594454784207,-0.04389036375134285,3,28003.052111374844,164.4474152841905,bull,-1SD,15
A_HTF,2023-06-07 10:05:00+00:00,2023-06-07 10:25:00+00:00,long,bull_pullback,26408.87,26555.0,26357.984048440965,26898.392089506007,trailing,1.7429659212295383,0.6632620025014317,4,26898.392089506007,214.0144120776818,bull,-1SD,10
A_HTF,2023-06-07 14:35:00+00:00,2023-06-07 14:40:00+00:00,long,bull_pullback,26541.75,26469.99,26477.396815429373,26827.35427356477,trailing,-48.24803277096408,-0.09200599056203247,1,26827.35427356477,205.23889477577237,bull,-1SD,14
A_HTF,2023-06-16 11:40:00+00:00,2023-06-16 11:55:00+00:00,long,bull_pullback,25481.74,25497.22,25465.678277835617,25548.253344005316,SL,1.617963145428382,-0.02837325865503377,3,25548.253344005316,36.006994804687174,bull,-1SD,11
A_HTF,2023-06-18 20:25:00+00:00,2023-06-18 22:30:00+00:00,long,bull_pullback,26405.81,26466.01,26374.221302458274,26543.855683963455,trailing,0.8480966180838367,0.19836543548558966,25,26543.855683963455,50.45552910694125,bull,-1SD,22
A_HTF,2023-06-22 15:05:00+00:00,2023-06-22 15:15:00+00:00,long,bull_pullback,29813.17,29876.35,29735.544411850264,30118.934701580773,SL,1.7228343332709612,-0.12464290110712768,2,30118.934701580773,140.26303917489085,bull,-1SD,15
A_HTF,2023-07-09 14:00:00+00:00,2023-07-09 14:05:00+00:00,long,bull_pullback,30265.14,30245.68,30251.55546306467,30292.361805628265,SL,-7.945213018013289,-0.20198155369511267,1,30292.361805628265,29.482182116448097,bull,-1SD,14
A_HTF,2023-07-09 14:15:00+00:00,2023-07-09 14:20:00+00:00,long,bull_pullback,30215.52,30229.1,30199.22959196541,30288.30774694919,trailing,1.9821539391303968,0.08101796692560499,1,30288.30774694919,31.958447958273567,bull,-1SD,14
A_HTF,2023-07-12 15:45:00+00:00,2023-07-12 15:50:00+00:00,long,bull_pullback,30538.05,30548.0,30491.429926486395,30703.929091129605,SL,2.7563883418341972,-0.10491829046059219,1,30703.929091129605,79.42207662409335,bull,-1SD,15
A_HTF,2023-07-14 16:30:00+00:00,2023-07-14 16:40:00+00:00,long,bull_pullback,31172.86,31163.72,31137.000046031382,31306.237529840015,trailing,5.333749077838693,0.174318301240246,2,31306.237529840015,119.46802505065662,bull,-1SD,16
A_HTF,2023-07-29 08:05:00+00:00,2023-07-29 08:20:00+00:00,long,bull_pullback,29298.49,29311.97,29292.6736678063,29355.310809547726,trailing,2.2460646465170977,0.10939130310128362,3,29355.310809547726,23.24198071812558,bull,-1SD,8
A_HTF,2023-07-31 14:00:00+00:00,2023-07-31 14:05:00+00:00,long,bull_pullback,29364.0,29339.71,29344.973037196996,29402.85752876083,SL,-11.99830561654758,-0.07052853834627137,1,29402.85752876083,33.93647561011342,bull,-1SD,14
A_HTF,2023-09-20 09:45:00+00:00,2023-09-20 09:50:00+00:00,long,bull_pullback,27080.79,26999.23,27057.11658409269,27132.932733843565,trailing,-2.3097361148391764,-0.18684831572491858,1,27132.932733843565,83.26490364041413,bull,-1SD,9
A_HTF,2023-10-02 16:05:00+00:00,2023-10-02 16:10:00+00:00,long,bull_pullback,27912.37,27956.62,27849.584375079423,28192.071629840862,trailing,2.1997501300672204,0.531556438955211,1,28192.071629840862,163.00443438044672,bull,-1SD,16
A_HTF,2023-10-07 18:50:00+00:00,2023-10-07 19:00:00+00:00,long,bull_pullback,27890.77,27888.26,27878.93645055228,27931.49034567193,SL,4.636683262564274,-0.06270891768137488,2,27931.49034567193,29.00748902871752,bull,-1SD,19
A_HTF,2023-11-08 08:05:00+00:00,2023-11-08 08:30:00+00:00,long,bull_pullback,35202.67,35255.61,35180.513855252975,35301.82482939717,trailing,0.6154088142986878,0.27242251795105726,5,35301.82482939717,50.08900331364643,bull,below_vwap,8
A_HTF,2023-11-16 08:25:00+00:00,2023-11-16 08:30:00+00:00,long,bull_pullback,37329.09,37286.36,37288.74024008005,37554.07789000699,trailing,-112.47516259011859,-0.06386440173065164,1,37554.07789000699,157.30856168043331,bull,-1SD,8
A_HTF,2023-11-19 11:20:00+00:00,2023-11-19 11:25:00+00:00,long,bull_pullback,36425.41,36411.12,36407.03299690904,36540.88166969663,SL,31.74983400024878,-0.014605189069956892,1,36540.88166969663,70.3272438799266,bull,-1SD,11
A_HTF,2023-11-20 17:25:00+00:00,2023-11-20 17:30:00+00:00,long,bull_pullback,37192.71,37024.4,37117.34170570267,37220.88528108054,trailing,-2.114070100124094,0.3779772971638844,1,37220.88528108054,120.77907636297819,bull,-1SD,17
A_HTF,2024-01-05 14:40:00+00:00,2024-01-05 14:45:00+00:00,long,bull_pullback,43687.0,43617.83,43581.83721459145,43750.24309361562,trailing,3.6788787561895866,0.25865818206789204,1,43750.24309361562,239.9892993990283,bull,below_vwap,14
A_HTF,2024-01-16 14:50:00+00:00,2024-01-16 15:00:00+00:00,long,bull_pullback,42250.69,42671.11,42138.8425586015,42723.982666621414,TP,0.09933477516959076,0.786377689926484,2,42723.982666621414,216.0167403533451,bull,below_vwap,15
A_HTF,2024-02-03 15:00:00+00:00,2024-02-03 15:05:00+00:00,long,bull_pullback,43042.28,42984.29,43025.155740033384,43130.34188823164,SL,-3.5739445342805367,-0.265692244927547,1,43130.34188823164,89.31310181384946,bull,-1SD,15
A_HTF,2024-02-03 15:10:00+00:00,2024-02-03 15:15:00+00:00,long,bull_pullback,42927.91,42970.3,42904.47530135532,43119.46624950387,trailing,2.2661136712384797,0.1853572652383955,1,43119.46624950387,95.22464456769809,bull,-1SD,15
A_HTF,2024-03-05 08:10:00+00:00,2024-03-05 12:10:00+00:00,long,bull_pullback,65533.63,66414.15,65300.651641428136,67399.44730732756,trailing,0.8848664209898602,2.282904212692017,48,67399.44730732756,723.3874655144398,bull,-1SD,12
A_HTF,2024-03-12 12:30:00+00:00,2024-03-12 12:35:00+00:00,long,bull_pullback,71628.52,71986.79,71492.83241715445,71949.78114298396,TP,-0.07492314785984802,0.5118910735556018,1,71949.78114298396,197.36214992253682,bull,above_vwap,12
A_HTF,2024-03-14 12:30:00+00:00,2024-03-14 12:35:00+00:00,long,bull_pullback,72761.33,72667.97,72649.44286694583,73104.38483088504,SL,23.55544323069192,-0.12967052691313619,1,73104.38483088504,255.60737456763104,bull,-1SD,12
A_HTF,2024-04-07 19:50:00+00:00,2024-04-07 19:55:00+00:00,long,bull_pullback,69290.0,68970.74,69193.63223585534,69499.38805445473,SL,-2.371765227380216,-0.3203781209409803,1,69499.38805445473,270.7933764947889,bull,-1SD,19
A_HTF,2024-04-11 11:00:00+00:00,2024-04-11 11:35:00+00:00,long,bull_pullback,70460.0,70463.99,70368.61584970898,70743.14403382229,SL,2.9269359985957037,-0.27225376099915094,7,70743.14403382229,181.68214172923416,bull,-1SD,11
A_HTF,2024-04-12 13:00:00+00:00,2024-04-12 13:05:00+00:00,long,bull_pullback,70534.23,70335.97,70443.50904169526,70720.94931034274,SL,-3.5799027429841153,-0.6468632322207172,1,70720.94931034274,208.90613913237112,bull,-1SD,13
A_HTF,2024-05-06 12:45:00+00:00,2024-05-06 12:50:00+00:00,long,bull_pullback,63785.59,63621.34,63642.09140004272,64431.73800135458,SL,-39.05269040575756,-0.6210336848808601,1,64431.73800135458,454.64707775645155,bull,-1SD,12
A_HTF,2024-07-17 13:30:00+00:00,2024-07-17 13:40:00+00:00,long,bull_pullback,64698.31,64743.0,64598.18134090379,65382.47490486209,SL,4.4156941436480714,0.021159748994992802,2,65382.47490486209,354.8097738665566,bull,-1SD,13
A_HTF,2024-07-20 13:15:00+00:00,2024-07-20 13:20:00+00:00,long,bull_pullback,66420.41,66416.0,66389.46631293629,66566.25523978616,trailing,5.662810427566069,0.1945034666302155,1,66566.25523978616,83.39494368299161,bull,-1SD,13
A_HTF,2024-07-21 18:15:00+00:00,2024-07-21 18:20:00+00:00,long,bull_pullback,66276.0,66483.65,66111.54497758129,66959.02783092194,trailing,1.277536722917534,0.743768483312213,1,66959.02783092194,302.63832098734616,bull,-1SD,18
A_HTF,2024-07-22 09:00:00+00:00,2024-07-22 11:30:00+00:00,long,bull_pullback,67080.48,67133.99,67006.65776969276,67724.43780863134,trailing,4.637064843728865,0.5299902445540106,30,67724.43780863134,362.50311327024883,bull,-1SD,11
A_HTF,2024-08-06 13:25:00+00:00,2024-08-06 13:30:00+00:00,long,bull_pullback,54504.0,55152.01,54334.872395657556,55428.29226835218,TP,0.33810984451573034,1.1375311903713488,1,55428.29226835218,412.33168397156993,bull,below_vwap,13
A_HTF,2024-08-20 14:30:00+00:00,2024-08-20 14:35:00+00:00,long,bull_pullback,60016.0,59982.0,59878.01343847719,60560.03331209825,SL,5.558730894005396,-0.3932617968541669,1,60560.03331209825,358.4549289320589,bull,-1SD,14
A_HTF,2024-08-21 13:45:00+00:00,2024-08-21 13:55:00+00:00,long,bull_pullback,59035.64,59139.99,58940.420429605925,59362.671843348784,trailing,1.1158106063418158,1.5115614906520884,2,59362.671843348784,178.44326565140884,bull,-1SD,13
A_HTF,2024-08-25 09:30:00+00:00,2024-08-25 10:10:00+00:00,long,bull_pullback,63807.92,63869.0,63770.702162405985,64092.97705765936,trailing,2.278555288107335,0.11921717554811333,8,64092.97705765936,138.7259246455753,bull,-1SD,10
A_HTF,2024-09-12 12:50:00+00:00,2024-09-12 12:55:00+00:00,long,bull_pullback,57803.99,57654.01,57727.39440192857,58003.93316605622,SL,-4.768358899985696,-0.19450214422914455,1,58003.93316605622,188.0776540330893,bull,-1SD,12
A_HTF,2024-09-12 13:30:00+00:00,2024-09-12 13:45:00+00:00,long,bull_pullback,57760.0,57816.0,57678.93663340672,57981.86683189351,SL,1.210147072964464,-0.6234072022160695,3,57981.86683189351,195.88042531658274,bull,below_vwap,13
A_HTF,2024-09-14 18:10:00+00:00,2024-09-14 18:15:00+00:00,long,bull_pullback,59532.0,59629.99,59470.53611141845,60051.03881658298,trailing,2.6405678803351673,0.2922629846133138,1,60051.03881658298,266.73005208593975,bull,-1SD,18
A_HTF,2024-09-15 10:35:00+00:00,2024-09-15 11:05:00+00:00,long,bull_pullback,59981.11,60010.8,59959.552923683004,60132.46292245687,SL,2.374046115417367,-0.08856121535597226,6,60132.46292245687,68.07325178052687,bull,-1SD,11
A_HTF,2024-09-18 10:15:00+00:00,2024-09-18 12:20:00+00:00,long,bull_pullback,59545.45,59578.23,59465.616778231415,60188.85196707191,trailing,5.422293736757577,0.5893313426970583,25,60188.85196707191,316.07993846291805,bull,-1SD,12
A_HTF,2024-09-20 14:15:00+00:00,2024-09-20 14:20:00+00:00,long,bull_pullback,62616.91,62930.01,62501.791660157476,63396.73133525218,trailing,1.0899144007326091,0.9312021305426864,1,63396.73133525218,367.6463810813289,bull,-1SD,14
A_HTF,2024-09-25 09:40:00+00:00,2024-09-25 09:45:00+00:00,long,bull_pullback,63778.67,63695.5,63738.28320112903,64169.06739162841,SL,-11.069003233305779,-0.09512584693283546,1,64169.06739162841,243.04807010014702,bull,-1SD,9
A_HTF,2024-09-28 08:30:00+00:00,2024-09-28 09:00:00+00:00,long,bull_pullback,65642.63,65672.0,65609.12033596134,65921.56725029842,SL,3.968966026042924,-0.05274011720738473,6,65921.56725029842,136.17127107277307,bull,-1SD,9
A_HTF,2024-10-30 11:25:00+00:00,2024-10-30 11:30:00+00:00,long,bull_pullback,72233.14,72149.99,72181.91639922856,72377.33215997681,trailing,-7.120820558225135,0.011172157267435675,1,72377.33215997681,114.99851832471929,bull,-1SD,11
A_HTF,2024-11-12 10:05:00+00:00,2024-11-12 10:35:00+00:00,long,bull_pullback,87303.98,87744.0,87046.61453334868,88457.55906318646,SL,1.0231917602367049,-0.7490838332914443,6,88457.55906318646,596.9453781274273,bull,-1SD,10
A_HTF,2024-11-25 13:10:00+00:00,2024-11-25 13:15:00+00:00,long,bull_pullback,97397.6,97500.0,97287.1586987254,98005.03125351864,SL,2.3728066427627237,-0.07726063065208998,1,98005.03125351864,367.6718810020972,bull,-1SD,13
A_HTF,2024-12-05 19:55:00+00:00,2024-12-05 20:00:00+00:00,long,bull_pullback,99157.46,99028.0,98860.43608260166,101599.24290914605,SL,15.344848396171354,-0.8257472508876368,1,101599.24290914605,1404.8648520832137,bull,-1SD,20
A_HTF,2024-12-14 12:40:00+00:00,2024-12-14 12:55:00+00:00,long,bull_pullback,101335.3,101417.21,101276.72875140389,101812.197779491,SL,2.8116761734271813,-0.03684796906901791,3,101812.197779491,267.31883158754215,bull,-1SD,12
A_HTF,2024-12-14 17:50:00+00:00,2024-12-14 17:55:00+00:00,long,bull_pullback,101052.0,101088.23,100968.48847314944,101666.86388213097,SL,4.832357640245697,-0.06333372916914064,1,101666.86388213097,332.0885418861958,bull,-1SD,17
A_HTF,2024-12-21 13:30:00+00:00,2024-12-21 13:35:00+00:00,long,bull_pullback,96655.49,96798.14,96474.02091994845,98046.75938196253,trailing,3.8523476672954784,0.5122109463207953,1,98046.75938196253,645.3086215012125,bull,-1SD,13
A_HTF,2024-12-29 13:00:00+00:00,2024-12-29 13:30:00+00:00,long,bull_pullback,94907.88,95000.0,94861.92166249735,95105.73510159491,trailing,0.7657616937405518,-0.006090116015655218,6,95105.73510159491,82.4856481495419,bull,-1SD,13
Baseline,2020-01-05 21:30:00+00:00,2020-01-05 21:35:00+00:00,long,bull_pullback,7409.31,7394.04,7400.393044668448,7438.790206514074,SL,-7.043899240363092,-0.27667893501554125,1,7438.790206514074,24.013244185298237,bull,-1SD,21
Baseline,2020-01-07 16:00:00+00:00,2020-01-07 16:25:00+00:00,long,bull_pullback,7764.04,7794.65,7743.031122276747,7872.194382724831,trailing,1.5022485211819985,1.5316768074353053,5,7872.194382724831,41.34348841200211,bull,-1SD,16
Baseline,2020-01-08 13:10:00+00:00,2020-01-08 13:15:00+00:00,long,bull_pullback,8258.39,8266.44,8242.59578378563,8324.527655175367,SL,2.436131875886805,-0.3029646214334588,1,8324.527655175367,46.90957195427292,bull,-1SD,13
Baseline,2020-01-29 16:00:00+00:00,2020-01-29 16:10:00+00:00,long,bull_pullback,9285.0,9286.6,9270.378962405897,9335.122607273506,TP,2.9913380689744193,0.3855681206246556,2,9335.122607273506,27.389900148150264,bull,-1SD,16
Baseline,2020-02-18 09:15:00+00:00,2020-02-18 09:20:00+00:00,long,bull_pullback,9716.27,9686.56,9701.235363875201,9744.81710897018,SL,-3.969721600472369,-0.249375531968539,1,9744.81710897018,41.043523177303925,bull,-1SD,9
Baseline,2020-02-19 20:45:00+00:00,2020-02-19 20:50:00+00:00,long,bull_pullback,10095.38,10059.89,10076.659141088152,10127.809486512535,trailing,-4.0502662691842275,0.24387393045136294,1,10127.809486512535,36.862764445646974,bull,-1SD,20
Baseline,2020-02-21 20:00:00+00:00,2020-02-21 20:05:00+00:00,long,bull_pullback,9681.84,9615.0,9664.680061006893,9681.083497782476,trailing,-1.3301814942076473,-0.26513555274617295,1,9681.083497782476,35.77790740654402,bull,-1SD,20
Baseline,2020-03-06 16:00:00+00:00,2020-03-06 17:15:00+00:00,long,bull_pullback,9001.7,9028.66,8987.453576776692,9081.90734981354,trailing,1.2922099432163732,0.8290656209382583,15,9081.90734981354,36.23830997638195,bull,-1SD,17
Baseline,2020-03-17 14:00:00+00:00,2020-03-17 14:30:00+00:00,long,bull_pullback,5090.11,5125.03,5053.5218305493345,5238.860126224684,TP,1.59184785597424,2.1473013353346038,6,5238.860126224684,85.85842190251239,bull,-1SD,14
Baseline,2020-03-31 11:05:00+00:00,2020-03-31 11:10:00+00:00,long,bull_pullback,6424.93,6397.55,6411.342912282819,6447.5143763840815,trailing,-3.6224674934182413,-0.9327728084197071,1,6447.5143763840815,25.675760721111114,bull,-1SD,11
Baseline,2020-04-26 15:10:00+00:00,2020-04-26 18:00:00+00:00,long,bull_pullback,7520.07,7544.07,7496.380707204133,7605.615340272115,trailing,1.290548394910332,1.0022513088309004,34,7605.615340272115,45.05520200592697,bull,-1SD,18
Baseline,2020-04-27 10:50:00+00:00,2020-04-27 11:30:00+00:00,long,bull_pullback,7684.09,7689.02,7673.917760646375,7710.432629590917,trailing,1.4178446712127277,0.4044720975418029,8,7710.432629590917,20.4529413598605,bull,-1SD,11
Baseline,2020-04-27 13:30:00+00:00,2020-04-27 14:45:00+00:00,long,bull_pullback,7652.24,7662.76,7638.442205655134,7706.065963588342,trailing,1.7808343542260485,0.10506727441899318,15,7706.065963588342,22.058612860125354,bull,-1SD,14
Baseline,2020-04-30 10:00:00+00:00,2020-04-30 13:05:00+00:00,long,bull_pullback,8634.15,8713.62,8573.51598495082,9086.370364398294,trailing,2.6605259261659695,1.879281689569908,37,9086.370364398294,193.7848116013421,bull,-1SD,13
Baseline,2020-05-02 08:05:00+00:00,2020-05-02 08:20:00+00:00,long,bull_pullback,8787.91,8805.0,8776.547667169501,8815.391854704545,TP,0.36523735211637287,0.19333379609030796,3,8815.391854704545,13.83304315973863,bull,below_vwap,8
Baseline,2020-05-11 16:45:00+00:00,2020-05-11 17:55:00+00:00,long,bull_pullback,8545.97,8621.4,8477.899378122363,8798.514616594695,SL,1.2342428504994383,-0.4588127503372833,14,8798.514616594695,146.44874871033974,bull,-1SD,17
Baseline,2020-05-23 08:20:00+00:00,2020-05-23 08:25:00+00:00,long,bull_pullback,9199.36,9188.47,9185.898670429937,9244.30511766435,SL,21.71449288898137,-0.23414672325032254,1,9244.30511766435,27.952142305036624,bull,-1SD,8
Baseline,2020-06-07 08:40:00+00:00,2020-06-07 08:45:00+00:00,long,bull_pullback,9608.04,9636.08,9591.445116244107,9661.361430360163,TP,0.5664052022276195,0.45753348237516833,1,9661.361430360163,25.225042964562707,bull,-1SD,8
Baseline,2020-06-08 16:50:00+00:00,2020-06-08 17:05:00+00:00,long,bull_pullback,9664.45,9717.73,9652.32321481704,9722.299171472689,TP,0.06985775955671636,0.5999306737579434,3,9722.299171472689,23.02311343387941,bull,below_vwap,17
Baseline,2020-06-23 21:05:00+00:00,2020-06-23 21:20:00+00:00,long,bull_pullback,9613.72,9617.65,9605.242666562883,9640.862336188839,TP,1.8708561599060844,0.14728949875802347,3,9640.862336188839,23.22726439304992,bull,below_vwap,21
Baseline,2020-07-02 08:45:00+00:00,2020-07-02 10:30:00+00:00,long,bull_pullback,9184.25,9200.24,9177.250293612671,9220.725123282238,trailing,0.8910563248223704,0.1986008656123231,21,9220.725123282238,19.125304308118963,bull,-1SD,10
Baseline,2020-07-09 10:05:00+00:00,2020-07-09 10:10:00+00:00,long,bull_pullback,9382.16,9376.66,9374.913859446213,9394.660067953359,SL,10.308487432080259,-0.11553842611936,1,9394.660067953359,12.244079749119868,bull,-1SD,10
Baseline,2020-07-28 08:05:00+00:00,2020-07-28 08:10:00+00:00,long,bull_pullback,10904.01,10821.23,10872.352701754875,11004.793797530994,trailing,-3.590651339421607,-0.8123616907908184,1,11004.793797530994,101.85385134567622,bull,-1SD,8
Baseline,2020-08-07 11:55:00+00:00,2020-08-07 12:25:00+00:00,long,bull_pullback,11725.66,11755.31,11707.729708021714,11805.667869020159,trailing,1.0583766287760803,-0.1141939984614889,6,11805.667869020159,36.805046581021955,bull,-1SD,12
Baseline,2020-08-16 08:15:00+00:00,2020-08-16 08:30:00+00:00,long,bull_pullback,11842.02,11841.93,11831.379600574523,11873.941924795156,TP,3.0341907926112164,0.2616952175388978,3,11873.941924795156,28.46042037450088,bull,-1SD,8
Baseline,2020-08-18 13:55:00+00:00,2020-08-18 14:00:00+00:00,long,bull_pullback,12117.13,12154.54,12086.448371164863,12252.805485906712,trailing,1.4431360739604215,0.530983822076681,1,12252.805485906712,53.07095252293686,bull,-1SD,14
Baseline,2020-08-29 10:45:00+00:00,2020-08-29 10:50:00+00:00,long,bull_pullback,11486.3,11466.74,11475.30046785824,11512.198327042688,SL,-5.310261985147201,-0.21294933964809493,1,11512.198327042688,23.51925651574834,bull,-1SD,10
Baseline,2020-09-25 09:00:00+00:00,2020-09-25 09:40:00+00:00,long,bull_pullback,10599.8,10626.68,10584.600697072325,10676.22287762641,SL,1.1773692570801708,-0.22358912432309014,8,10676.22287762641,33.33365910045562,bull,-1SD,9
Baseline,2020-10-26 15:50:00+00:00,2020-10-26 16:00:00+00:00,long,bull_pullback,12979.28,12987.74,12947.13512431348,13101.297783206639,trailing,2.7966538817489206,0.3454737088652078,2,13101.297783206639,57.42647056485045,bull,-1SD,16
Baseline,2020-11-07 08:10:00+00:00,2020-11-07 10:15:00+00:00,long,bull_pullback,15403.52,15488.14,15378.190434445953,15575.252903062374,trailing,0.7922987473702481,0.39536417649991457,25,15575.252903062374,68.98761926519906,bull,-1SD,10
Baseline,2020-11-07 13:30:00+00:00,2020-11-07 13:35:00+00:00,long,bull_pullback,15442.37,15420.63,15421.116275008544,15549.918659510138,trailing,-265.8755996879472,0.0990780560237792,1,15549.918659510138,68.49792163586494,bull,-1SD,13
Baseline,2020-11-18 15:25:00+00:00,2020-11-18 16:00:00+00:00,long,bull_pullback,17384.44,17560.02,17298.10123796531,17926.963527311105,TP,1.4009822147162783,3.363064901716716,7,17926.963527311105,216.22026122420064,bull,-1SD,16
Baseline,2020-11-21 12:00:00+00:00,2020-11-21 12:05:00+00:00,long,bull_pullback,18531.06,18491.67,18488.611127093114,18701.393184262222,SL,68.5622419258536,0.050941500378276744,1,18701.393184262222,107.06123359430009,bull,-1SD,12
Baseline,2020-12-07 12:05:00+00:00,2020-12-07 12:20:00+00:00,long,bull_pullback,19117.83,19157.3,19093.82322558784,19261.35936423523,trailing,1.639329742238731,0.34397209306703946,3,19261.35936423523,61.03091383107504,bull,-1SD,12
Baseline,2020-12-18 13:45:00+00:00,2020-12-18 13:50:00+00:00,long,bull_pullback,22817.68,22735.83,22757.91370239052,22958.33512817683,SL,-10.075535534854748,-0.5337089484995794,1,22958.33512817683,132.0496532884576,bull,-1SD,13
Baseline,2020-12-19 08:10:00+00:00,2020-12-19 08:15:00+00:00,long,bull_pullback,22908.99,22864.7,22863.51821934849,23032.20299665869,SL,141.7378059495698,-0.20908822257114543,1,23032.20299665869,88.4138429367145,bull,-1SD,8
Baseline,2020-12-28 10:40:00+00:00,2020-12-28 11:40:00+00:00,long,bull_pullback,26666.6,26675.28,26595.608177458245,26950.25084871808,trailing,3.4512935683625923,0.5203138007845021,12,26950.25084871808,194.01099914470169,bull,-1SD,11
Baseline,2021-01-01 17:45:00+00:00,2021-01-01 17:50:00+00:00,long,bull_pullback,29164.21,29067.18,29107.467638054466,29229.586121412023,SL,-4.031165122970533,-0.15220710590137507,1,29229.586121412023,143.19610192641503,bull,-1SD,17
Baseline,2021-01-10 10:35:00+00:00,2021-01-10 11:20:00+00:00,long,bull_pullback,40069.17,40392.5,39932.3978245177,40701.573051531974,SL,0.6717487288730778,-2.101690651440989,9,40701.573051531974,240.52166279473124,bull,-1SD,11
Baseline,2021-01-25 21:30:00+00:00,2021-01-25 21:35:00+00:00,long,bull_pullback,32663.88,32360.43,32515.60266362528,33528.66758226521,SL,-7.528630075503167,-0.8004866537594466,1,33528.66758226521,615.2393907775839,bull,-1SD,21
Baseline,2021-02-18 11:05:00+00:00,2021-02-18 11:10:00+00:00,long,bull_pullback,51639.76,51513.66,51540.86798783757,51958.33797566495,SL,-16.343655338267233,-0.1875880135771402,1,51958.33797566495,245.36590046073968,bull,-1SD,11
Baseline,2021-04-01 10:40:00+00:00,2021-04-01 11:05:00+00:00,long,bull_pullback,58528.06,58735.08,58405.651688159254,58959.25046756033,SL,0.6804833085162811,-0.3551971481713206,5,58959.25046756033,151.33706305738443,bull,-1SD,11
Baseline,2021-04-10 20:55:00+00:00,2021-04-10 21:00:00+00:00,long,bull_pullback,58812.4,58615.28,58671.26097479191,60065.211058623616,trailing,-25.900425350097006,-0.09120525603444073,1,60065.211058623616,764.6576705508471,bull,-1SD,21
Baseline,2021-05-10 11:25:00+00:00,2021-05-10 12:30:00+00:00,long,bull_pullback,57405.2,57747.75,57230.93129978687,58608.51171580684,trailing,1.665500330100032,1.2573599604217056,13,58608.51171580684,499.79901069926353,bull,-1SD,12
Baseline,2021-05-12 08:45:00+00:00,2021-05-12 09:40:00+00:00,long,bull_pullback,56736.41,56789.62,56620.05950139641,57181.534784385796,trailing,2.31135664033424,0.5759969656169568,11,57181.534784385796,264.77504921059864,bull,-1SD,9
Baseline,2021-06-07 14:50:00+00:00,2021-06-07 16:20:00+00:00,long,bull_pullback,35951.85,36118.61,35859.00841901916,36299.68375096546,SL,0.6975063490804514,-0.16791903615528922,18,36299.68375096546,218.23401065090528,bull,below_vwap,16
Baseline,2021-07-28 18:00:00+00:00,2021-07-28 18:30:00+00:00,long,bull_pullback,38961.01,39183.07,38797.191618639234,39843.038864987684,trailing,1.7103027712005072,2.16108360640547,6,39843.038864987684,372.9634506964595,bull,-1SD,18
Baseline,2021-07-31 13:35:00+00:00,2021-07-31 13:45:00+00:00,long,bull_pullback,41487.38,41493.03,41409.33247589464,41738.71706928474,SL,2.93541621345301,-0.2736494808782788,2,41738.71706928474,174.31660129910196,bull,-1SD,13
Baseline,2021-08-01 10:55:00+00:00,2021-08-01 11:00:00+00:00,long,bull_pullback,41549.98,41494.11,41487.382628483334,41874.93188037896,trailing,56.607826613335746,-0.024789422281317364,1,41874.93188037896,247.59655059642213,bull,-1SD,11
Baseline,2021-08-07 16:05:00+00:00,2021-08-07 16:15:00+00:00,long,bull_pullback,42907.69,42945.62,42771.85812498986,43491.835798162516,SL,3.143473205101182,-0.6069308322121408,2,43491.835798162516,341.15123037531237,bull,-1SD,16
Baseline,2021-08-08 14:40:00+00:00,2021-08-08 14:45:00+00:00,long,bull_pullback,44344.56,44100.05,44208.136936628616,44599.429037183196,SL,-4.620160888628559,-0.24708780513325584,1,44599.429037183196,296.47232302167953,bull,-1SD,14
Baseline,2021-08-10 10:40:00+00:00,2021-08-10 10:50:00+00:00,long,bull_pullback,45450.11,45456.12,45354.85745682723,45847.18350466346,SL,3.86187717995816,-0.11997770742468794,2,45847.18350466346,252.012594234244,bull,-1SD,10
Baseline,2021-08-20 08:00:00+00:00,2021-08-20 08:10:00+00:00,long,bull_pullback,46833.48,46956.91,46760.102397431845,47066.22323105292,SL,0.5554319529656419,-0.20305986230364648,2,47066.22323105292,114.09224322328942,bull,below_vwap,8
Baseline,2021-08-28 12:10:00+00:00,2021-08-28 12:35:00+00:00,long,bull_pullback,48697.71,48774.86,48627.133301674614,48960.90458989661,TP,1.2593836591867753,0.24198263121613683,5,48960.90458989661,127.245811884371,bull,-1SD,12
Baseline,2021-08-28 19:10:00+00:00,2021-08-28 19:20:00+00:00,long,bull_pullback,48616.88,48647.54,48559.698332152504,48893.54173154591,SL,2.800512986308488,-0.05938266709010398,2,48893.54173154591,161.88503474058814,bull,-1SD,19
Baseline,2021-09-27 12:30:00+00:00,2021-09-27 13:35:00+00:00,long,bull_pullback,43433.88,43471.7,43340.13449880907,43821.86349513754,SL,2.6615145457424574,0.0084035780363197,13,43821.86349513754,270.8387124955459,bull,-1SD,13
Baseline,2021-10-07 09:30:00+00:00,2021-10-07 09:40:00+00:00,long,bull_pullback,53974.98,54194.47,53848.90058648881,54687.85417841912,trailing,1.4277426158931117,0.5940530223447964,2,54687.85417841912,280.0758214658448,bull,-1SD,9
Baseline,2021-10-10 21:15:00+00:00,2021-10-10 21:20:00+00:00,long,bull_pullback,54794.85,54630.02,54603.02200336333,55228.789415404084,SL,22.178290614011345,-0.1944708307441259,1,55228.789415404084,362.1906153363064,bull,-1SD,21
Baseline,2021-10-14 09:20:00+00:00,2021-10-14 09:25:00+00:00,long,bull_pullback,57562.0,57274.55,57454.02228199446,57848.74961917084,SL,-3.1993777133149117,-0.42493311559709274,1,57848.74961917084,294.25563993534354,bull,-1SD,9
Baseline,2021-11-09 11:35:00+00:00,2021-11-09 11:40:00+00:00,long,bull_pullback,67618.42,67349.29,67527.41116191834,67869.41996766948,SL,-2.920090808232717,-0.1819770411671892,1,67869.41996766948,280.01750679803587,bull,-1SD,11
Baseline,2021-11-09 15:15:00+00:00,2021-11-09 15:40:00+00:00,long,bull_pullback,67102.93,67262.58,66929.06570951216,67761.16257963979,SL,1.4949361807270298,-0.2949647653239479,5,67761.16257963979,319.77090980306355,bull,-1SD,15
Baseline,2022-01-02 18:25:00+00:00,2022-01-02 18:30:00+00:00,long,bull_pullback,47106.1,46949.01,47007.976110442985,47314.78709727679,SL,-6.203174917404034,-0.7793258197982864,1,47314.78709727679,207.7957864645785,bull,-1SD,18
Baseline,2022-01-05 12:40:00+00:00,2022-01-05 12:45:00+00:00,long,bull_pullback,46045.97,46060.67,45953.690118854734,46434.73214490149,SL,3.496565343847877,-0.0932546322729271,1,46434.73214490149,270.89960059171364,bull,-1SD,12
Baseline,2022-01-29 15:50:00+00:00,2022-01-29 16:10:00+00:00,long,bull_pullback,37501.21,37501.96,37418.17807723871,37769.80176692851,SL,3.1968920991659906,-0.29855036677482977,4,37769.80176692851,153.99288055835268,bull,-1SD,16
Baseline,2022-02-08 12:20:00+00:00,2022-02-08 12:25:00+00:00,long,bull_pullback,43638.06,43420.41,43529.76127763432,44235.01954817227,SL,-7.449474444152295,-0.8091789598346045,1,44235.01954817227,438.2999475820268,bull,-1SD,12
Baseline,2022-02-13 17:00:00+00:00,2022-02-13 17:05:00+00:00,long,bull_pullback,42311.16,42197.07,42240.980376120984,42403.94579425726,SL,-4.711319112532004,-0.3336471985169055,1,42403.94579425726,127.23643987423678,bull,-1SD,17
Baseline,2022-02-16 13:35:00+00:00,2022-02-16 13:45:00+00:00,long,bull_pullback,43858.38,43949.01,43795.28597898376,44069.04844426724,SL,0.7808697916804683,-0.47995388794570165,2,44069.04844426724,135.79876507431445,bull,below_vwap,13
Baseline,2022-03-17 10:35:00+00:00,2022-03-17 12:00:00+00:00,long,bull_pullback,40642.99,40675.11,40581.448549152665,40935.28305246199,trailing,2.777802928614287,0.6088626845613454,17,40935.28305246199,166.30434116304704,bull,-1SD,12
Baseline,2022-03-17 16:15:00+00:00,2022-03-17 16:50:00+00:00,long,bull_pullback,40789.87,40831.87,40717.01268793975,40922.34364007581,SL,0.787704661139412,-0.027408765950958633,7,40922.34364007581,147.67528130979338,bull,below_vwap,16
Baseline,2022-03-24 13:30:00+00:00,2022-03-24 13:40:00+00:00,long,bull_pullback,42775.0,42808.55,42704.41013187773,42971.61580044771,TP,1.5658345203227284,0.3782349503214515,2,42971.61580044771,113.6578980526445,bull,-1SD,13
Baseline,2022-03-25 08:10:00+00:00,2022-03-25 08:15:00+00:00,long,bull_pullback,43773.66,43829.19,43720.740806472015,44017.23398913129,trailing,1.7339362609714268,0.18125055113051206,1,44017.23398913129,107.33952885952942,bull,-1SD,8
Baseline,2022-03-27 10:00:00+00:00,2022-03-27 10:45:00+00:00,long,bull_pullback,44539.95,44566.85,44510.41591996544,44669.32410324777,trailing,1.8158195045443133,0.12397858551704967,9,44669.32410324777,72.96496513401941,bull,-1SD,10
Baseline,2022-04-02 12:10:00+00:00,2022-04-02 12:15:00+00:00,long,bull_pullback,46438.3,46556.65,46365.14849354595,46578.33086270742,TP,0.11321510263222345,0.5012242050204136,1,46578.33086270742,151.01294373777912,bull,below_vwap,12
Baseline,2022-04-02 15:15:00+00:00,2022-04-02 15:30:00+00:00,long,bull_pullback,46378.24,46458.5,46312.96682885336,46604.13253871259,SL,1.0006827829364635,-0.13633548836694953,3,46604.13253871259,152.0456019387358,bull,below_vwap,15
Baseline,2022-08-11 18:20:00+00:00,2022-08-11 18:25:00+00:00,long,bull_pullback,24192.32,24152.69,24142.878907171664,24464.94770711275,SL,31.82700567371414,0.02331318368804405,1,24464.94770711275,185.88297978834038,bull,-1SD,18
Baseline,2022-09-06 14:00:00+00:00,2022-09-06 14:05:00+00:00,long,bull_pullback,19780.65,19726.48,19743.563067489657,19877.223808706985,SL,-8.82416514471154,-0.3721313505875721,1,19877.223808706985,90.8808884126372,bull,-1SD,14
Baseline,2022-09-11 20:35:00+00:00,2022-09-11 20:50:00+00:00,long,bull_pullback,21546.06,21552.1,21505.951736787454,21599.78029069827,SL,1.0331979446045414,0.06469860382825765,3,21599.78029069827,59.260973021401846,bull,below_vwap,20
Baseline,2022-12-04 11:30:00+00:00,2022-12-04 11:35:00+00:00,long,bull_pullback,16961.9,16938.96,16951.590254800478,16989.870186658718,trailing,-4.030812320333335,-0.12899498287338693,1,16989.870186658718,30.92807361644382,bull,-1SD,11
Baseline,2022-12-23 20:30:00+00:00,2022-12-23 20:35:00+00:00,long,bull_pullback,16824.23,16818.19,16814.716035751615,16835.30658958156,SL,4.927105853068225,-0.08897881210611816,1,16835.30658958156,22.052451653814042,bull,below_vwap,20
Baseline,2023-01-18 09:05:00+00:00,2023-01-18 09:10:00+00:00,long,bull_pullback,21217.44,21241.61,21194.00668829246,21254.291580523903,TP,0.2664012243898746,0.14313696657090874,1,21254.291580523903,43.05752774365325,bull,below_vwap,9
Baseline,2023-02-19 17:05:00+00:00,2023-02-19 17:10:00+00:00,long,bull_pullback,24669.77,24535.09,24585.72371095726,24758.965884610257,SL,-4.4214788996847,-0.5478770170942001,1,24758.965884610257,124.83323782681418,bull,-1SD,17
Baseline,2023-03-18 15:45:00+00:00,2023-03-18 16:30:00+00:00,long,bull_pullback,27133.45,27228.23,27059.09746847544,27382.376417995216,trailing,0.9113942575431325,-1.2709773360925374,9,27382.376417995216,92.46846275568596,bull,-1SD,16
Baseline,2023-03-27 12:50:00+00:00,2023-03-27 13:10:00+00:00,long,bull_pullback,27734.27,27749.23,27701.93866259042,27859.12823908668,SL,2.323855596107893,0.018460914961882832,4,27859.12823908668,65.70674265950136,bull,-1SD,13
Baseline,2023-04-01 14:40:00+00:00,2023-04-01 14:45:00+00:00,long,bull_pullback,28350.0,28352.4,28329.683803013977,28487.33317865058,SL,5.939954594230418,-0.027795414462084722,1,28487.33317865058,81.68754244761689,bull,-1SD,14
Baseline,2023-04-01 15:00:00+00:00,2023-04-01 15:55:00+00:00,long,bull_pullback,28318.04,28312.12,28291.067021680607,28480.689742964867,trailing,8.00693091530875,0.28967400286177586,11,28480.689742964867,86.40412066148572,bull,-1SD,15
Baseline,2023-04-26 19:45:00+00:00,2023-04-26 19:50:00+00:00,long,bull_pullback,28272.38,27960.4,28133.92940882939,29090.17819814196,SL,-6.510586336709866,-0.3941656132239391,1,29090.17819814196,565.3903834361548,bull,-1SD,19
Baseline,2023-04-29 15:45:00+00:00,2023-04-29 15:50:00+00:00,long,bull_pullback,29336.53,29271.81,29319.294814096607,29324.634483914084,SL,-1.1124500520653442,-0.22787289430617236,1,29324.634483914084,37.27870680519454,bull,-1SD,15
Baseline,2023-05-29 15:35:00+00:00,2023-05-29 15:50:00+00:00,long,bull_pullback,27659.83,27708.87,27624.276435339194,28003.052111374844,SL,3.477594454784207,-0.04389036375134285,3,28003.052111374844,164.4474152841905,bull,-1SD,15
Baseline,2023-06-07 10:05:00+00:00,2023-06-07 10:25:00+00:00,long,bull_pullback,26408.87,26555.0,26357.984048440965,26898.392089506007,trailing,1.7429659212295383,0.6632620025014317,4,26898.392089506007,214.0144120776818,bull,-1SD,10
Baseline,2023-06-07 14:35:00+00:00,2023-06-07 14:40:00+00:00,long,bull_pullback,26541.75,26469.99,26477.396815429373,26827.35427356477,trailing,-48.24803277096408,-0.09200599056203247,1,26827.35427356477,205.23889477577237,bull,-1SD,14
Baseline,2023-06-16 11:40:00+00:00,2023-06-16 11:55:00+00:00,long,bull_pullback,25481.74,25497.22,25465.678277835617,25548.253344005316,SL,1.617963145428382,-0.02837325865503377,3,25548.253344005316,36.006994804687174,bull,-1SD,11
Baseline,2023-06-18 20:25:00+00:00,2023-06-18 22:30:00+00:00,long,bull_pullback,26405.81,26466.01,26374.221302458274,26543.855683963455,trailing,0.8480966180838367,0.19836543548558966,25,26543.855683963455,50.45552910694125,bull,-1SD,22
Baseline,2023-06-22 15:05:00+00:00,2023-06-22 15:15:00+00:00,long,bull_pullback,29813.17,29876.35,29735.544411850264,30118.934701580773,SL,1.7228343332709612,-0.12464290110712768,2,30118.934701580773,140.26303917489085,bull,-1SD,15
Baseline,2023-07-09 14:00:00+00:00,2023-07-09 14:05:00+00:00,long,bull_pullback,30265.14,30245.68,30251.55546306467,30292.361805628265,SL,-7.945213018013289,-0.20198155369511267,1,30292.361805628265,29.482182116448097,bull,-1SD,14
Baseline,2023-07-09 14:15:00+00:00,2023-07-09 14:20:00+00:00,long,bull_pullback,30215.52,30229.1,30199.22959196541,30288.30774694919,trailing,1.9821539391303968,0.08101796692560499,1,30288.30774694919,31.958447958273567,bull,-1SD,14
Baseline,2023-07-12 15:45:00+00:00,2023-07-12 15:50:00+00:00,long,bull_pullback,30538.05,30548.0,30491.429926486395,30703.929091129605,SL,2.7563883418341972,-0.10491829046059219,1,30703.929091129605,79.42207662409335,bull,-1SD,15
Baseline,2023-07-14 16:30:00+00:00,2023-07-14 16:40:00+00:00,long,bull_pullback,31172.86,31163.72,31137.000046031382,31306.237529840015,trailing,5.333749077838693,0.174318301240246,2,31306.237529840015,119.46802505065662,bull,-1SD,16
Baseline,2023-07-29 08:05:00+00:00,2023-07-29 08:20:00+00:00,long,bull_pullback,29298.49,29311.97,29292.6736678063,29355.310809547726,trailing,2.2460646465170977,0.10939130310128362,3,29355.310809547726,23.24198071812558,bull,-1SD,8
Baseline,2023-07-31 14:00:00+00:00,2023-07-31 14:05:00+00:00,long,bull_pullback,29364.0,29339.71,29344.973037196996,29402.85752876083,SL,-11.99830561654758,-0.07052853834627137,1,29402.85752876083,33.93647561011342,bull,-1SD,14
Baseline,2023-09-20 09:45:00+00:00,2023-09-20 09:50:00+00:00,long,bull_pullback,27080.79,26999.23,27057.11658409269,27132.932733843565,trailing,-2.3097361148391764,-0.18684831572491858,1,27132.932733843565,83.26490364041413,bull,-1SD,9
Baseline,2023-10-02 16:05:00+00:00,2023-10-02 16:10:00+00:00,long,bull_pullback,27912.37,27956.62,27849.584375079423,28192.071629840862,trailing,2.1997501300672204,0.531556438955211,1,28192.071629840862,163.00443438044672,bull,-1SD,16
Baseline,2023-10-07 18:50:00+00:00,2023-10-07 19:00:00+00:00,long,bull_pullback,27890.77,27888.26,27878.93645055228,27931.49034567193,SL,4.636683262564274,-0.06270891768137488,2,27931.49034567193,29.00748902871752,bull,-1SD,19
Baseline,2023-11-08 08:05:00+00:00,2023-11-08 08:30:00+00:00,long,bull_pullback,35202.67,35255.61,35180.513855252975,35301.82482939717,trailing,0.6154088142986878,0.27242251795105726,5,35301.82482939717,50.08900331364643,bull,below_vwap,8
Baseline,2023-11-16 08:25:00+00:00,2023-11-16 08:30:00+00:00,long,bull_pullback,37329.09,37286.36,37288.74024008005,37554.07789000699,trailing,-112.47516259011859,-0.06386440173065164,1,37554.07789000699,157.30856168043331,bull,-1SD,8
Baseline,2023-11-19 11:20:00+00:00,2023-11-19 11:25:00+00:00,long,bull_pullback,36425.41,36411.12,36407.03299690904,36540.88166969663,SL,31.74983400024878,-0.014605189069956892,1,36540.88166969663,70.3272438799266,bull,-1SD,11
Baseline,2023-11-20 17:25:00+00:00,2023-11-20 17:30:00+00:00,long,bull_pullback,37192.71,37024.4,37117.34170570267,37220.88528108054,trailing,-2.114070100124094,0.3779772971638844,1,37220.88528108054,120.77907636297819,bull,-1SD,17
Baseline,2024-01-05 14:40:00+00:00,2024-01-05 14:45:00+00:00,long,bull_pullback,43687.0,43617.83,43581.83721459145,43750.24309361562,trailing,3.6788787561895866,0.25865818206789204,1,43750.24309361562,239.9892993990283,bull,below_vwap,14
Baseline,2024-01-16 14:50:00+00:00,2024-01-16 15:00:00+00:00,long,bull_pullback,42250.69,42671.11,42138.8425586015,42723.982666621414,TP,0.09933477516959076,0.786377689926484,2,42723.982666621414,216.0167403533451,bull,below_vwap,15
Baseline,2024-02-03 15:00:00+00:00,2024-02-03 15:05:00+00:00,long,bull_pullback,43042.28,42984.29,43025.155740033384,43130.34188823164,SL,-3.5739445342805367,-0.265692244927547,1,43130.34188823164,89.31310181384946,bull,-1SD,15
Baseline,2024-02-03 15:10:00+00:00,2024-02-03 15:15:00+00:00,long,bull_pullback,42927.91,42970.3,42904.47530135532,43119.46624950387,trailing,2.2661136712384797,0.1853572652383955,1,43119.46624950387,95.22464456769809,bull,-1SD,15
Baseline,2024-03-05 08:10:00+00:00,2024-03-05 12:10:00+00:00,long,bull_pullback,65533.63,66414.15,65300.651641428136,67399.44730732756,trailing,0.8848664209898602,2.282904212692017,48,67399.44730732756,723.3874655144398,bull,-1SD,12
Baseline,2024-03-12 12:30:00+00:00,2024-03-12 12:35:00+00:00,long,bull_pullback,71628.52,71986.79,71492.83241715445,71949.78114298396,TP,-0.07492314785984802,0.5118910735556018,1,71949.78114298396,197.36214992253682,bull,above_vwap,12
Baseline,2024-03-14 12:30:00+00:00,2024-03-14 12:35:00+00:00,long,bull_pullback,72761.33,72667.97,72649.44286694583,73104.38483088504,SL,23.55544323069192,-0.12967052691313619,1,73104.38483088504,255.60737456763104,bull,-1SD,12
Baseline,2024-04-07 19:50:00+00:00,2024-04-07 19:55:00+00:00,long,bull_pullback,69290.0,68970.74,69193.63223585534,69499.38805445473,SL,-2.371765227380216,-0.3203781209409803,1,69499.38805445473,270.7933764947889,bull,-1SD,19
Baseline,2024-04-11 11:00:00+00:00,2024-04-11 11:35:00+00:00,long,bull_pullback,70460.0,70463.99,70368.61584970898,70743.14403382229,SL,2.9269359985957037,-0.27225376099915094,7,70743.14403382229,181.68214172923416,bull,-1SD,11
Baseline,2024-04-12 13:00:00+00:00,2024-04-12 13:05:00+00:00,long,bull_pullback,70534.23,70335.97,70443.50904169526,70720.94931034274,SL,-3.5799027429841153,-0.6468632322207172,1,70720.94931034274,208.90613913237112,bull,-1SD,13
Baseline,2024-05-06 12:45:00+00:00,2024-05-06 12:50:00+00:00,long,bull_pullback,63785.59,63621.34,63642.09140004272,64431.73800135458,SL,-39.05269040575756,-0.6210336848808601,1,64431.73800135458,454.64707775645155,bull,-1SD,12
Baseline,2024-07-17 13:30:00+00:00,2024-07-17 13:40:00+00:00,long,bull_pullback,64698.31,64743.0,64598.18134090379,65382.47490486209,SL,4.4156941436480714,0.021159748994992802,2,65382.47490486209,354.8097738665566,bull,-1SD,13
Baseline,2024-07-20 13:15:00+00:00,2024-07-20 13:20:00+00:00,long,bull_pullback,66420.41,66416.0,66389.46631293629,66566.25523978616,trailing,5.662810427566069,0.1945034666302155,1,66566.25523978616,83.39494368299161,bull,-1SD,13
Baseline,2024-07-21 18:15:00+00:00,2024-07-21 18:20:00+00:00,long,bull_pullback,66276.0,66483.65,66111.54497758129,66959.02783092194,trailing,1.277536722917534,0.743768483312213,1,66959.02783092194,302.63832098734616,bull,-1SD,18
Baseline,2024-07-22 09:00:00+00:00,2024-07-22 11:30:00+00:00,long,bull_pullback,67080.48,67133.99,67006.65776969276,67724.43780863134,trailing,4.637064843728865,0.5299902445540106,30,67724.43780863134,362.50311327024883,bull,-1SD,11
Baseline,2024-08-06 13:25:00+00:00,2024-08-06 13:30:00+00:00,long,bull_pullback,54504.0,55152.01,54334.872395657556,55428.29226835218,TP,0.33810984451573034,1.1375311903713488,1,55428.29226835218,412.33168397156993,bull,below_vwap,13
Baseline,2024-08-20 14:30:00+00:00,2024-08-20 14:35:00+00:00,long,bull_pullback,60016.0,59982.0,59878.01343847719,60560.03331209825,SL,5.558730894005396,-0.3932617968541669,1,60560.03331209825,358.4549289320589,bull,-1SD,14
Baseline,2024-08-21 13:45:00+00:00,2024-08-21 13:55:00+00:00,long,bull_pullback,59035.64,59139.99,58940.420429605925,59362.671843348784,trailing,1.1158106063418158,1.5115614906520884,2,59362.671843348784,178.44326565140884,bull,-1SD,13
Baseline,2024-08-25 09:30:00+00:00,2024-08-25 10:10:00+00:00,long,bull_pullback,63807.92,63869.0,63770.702162405985,64092.97705765936,trailing,2.278555288107335,0.11921717554811333,8,64092.97705765936,138.7259246455753,bull,-1SD,10
Baseline,2024-09-12 12:50:00+00:00,2024-09-12 12:55:00+00:00,long,bull_pullback,57803.99,57654.01,57727.39440192857,58003.93316605622,SL,-4.768358899985696,-0.19450214422914455,1,58003.93316605622,188.0776540330893,bull,-1SD,12
Baseline,2024-09-12 13:30:00+00:00,2024-09-12 13:45:00+00:00,long,bull_pullback,57760.0,57816.0,57678.93663340672,57981.86683189351,SL,1.210147072964464,-0.6234072022160695,3,57981.86683189351,195.88042531658274,bull,below_vwap,13
Baseline,2024-09-14 18:10:00+00:00,2024-09-14 18:15:00+00:00,long,bull_pullback,59532.0,59629.99,59470.53611141845,60051.03881658298,trailing,2.6405678803351673,0.2922629846133138,1,60051.03881658298,266.73005208593975,bull,-1SD,18
Baseline,2024-09-15 10:35:00+00:00,2024-09-15 11:05:00+00:00,long,bull_pullback,59981.11,60010.8,59959.552923683004,60132.46292245687,SL,2.374046115417367,-0.08856121535597226,6,60132.46292245687,68.07325178052687,bull,-1SD,11
Baseline,2024-09-18 10:15:00+00:00,2024-09-18 12:20:00+00:00,long,bull_pullback,59545.45,59578.23,59465.616778231415,60188.85196707191,trailing,5.422293736757577,0.5893313426970583,25,60188.85196707191,316.07993846291805,bull,-1SD,12
Baseline,2024-09-20 14:15:00+00:00,2024-09-20 14:20:00+00:00,long,bull_pullback,62616.91,62930.01,62501.791660157476,63396.73133525218,trailing,1.0899144007326091,0.9312021305426864,1,63396.73133525218,367.6463810813289,bull,-1SD,14
Baseline,2024-09-25 09:40:00+00:00,2024-09-25 09:45:00+00:00,long,bull_pullback,63778.67,63695.5,63738.28320112903,64169.06739162841,SL,-11.069003233305779,-0.09512584693283546,1,64169.06739162841,243.04807010014702,bull,-1SD,9
Baseline,2024-09-28 08:30:00+00:00,2024-09-28 09:00:00+00:00,long,bull_pullback,65642.63,65672.0,65609.12033596134,65921.56725029842,SL,3.968966026042924,-0.05274011720738473,6,65921.56725029842,136.17127107277307,bull,-1SD,9
Baseline,2024-10-30 11:25:00+00:00,2024-10-30 11:30:00+00:00,long,bull_pullback,72233.14,72149.99,72181.91639922856,72377.33215997681,trailing,-7.120820558225135,0.011172157267435675,1,72377.33215997681,114.99851832471929,bull,-1SD,11
Baseline,2024-11-12 10:05:00+00:00,2024-11-12 10:35:00+00:00,long,bull_pullback,87303.98,87744.0,87046.61453334868,88457.55906318646,SL,1.0231917602367049,-0.7490838332914443,6,88457.55906318646,596.9453781274273,bull,-1SD,10
Baseline,2024-11-25 13:10:00+00:00,2024-11-25 13:15:00+00:00,long,bull_pullback,97397.6,97500.0,97287.1586987254,98005.03125351864,SL,2.3728066427627237,-0.07726063065208998,1,98005.03125351864,367.6718810020972,bull,-1SD,13
Baseline,2024-12-05 19:55:00+00:00,2024-12-05 20:00:00+00:00,long,bull_pullback,99157.46,99028.0,98860.43608260166,101599.24290914605,SL,15.344848396171354,-0.8257472508876368,1,101599.24290914605,1404.8648520832137,bull,-1SD,20
Baseline,2024-12-14 12:40:00+00:00,2024-12-14 12:55:00+00:00,long,bull_pullback,101335.3,101417.21,101276.72875140389,101812.197779491,SL,2.8116761734271813,-0.03684796906901791,3,101812.197779491,267.31883158754215,bull,-1SD,12
Baseline,2024-12-14 17:50:00+00:00,2024-12-14 17:55:00+00:00,long,bull_pullback,101052.0,101088.23,100968.48847314944,101666.86388213097,SL,4.832357640245697,-0.06333372916914064,1,101666.86388213097,332.0885418861958,bull,-1SD,17
Baseline,2024-12-21 13:30:00+00:00,2024-12-21 13:35:00+00:00,long,bull_pullback,96655.49,96798.14,96474.02091994845,98046.75938196253,trailing,3.8523476672954784,0.5122109463207953,1,98046.75938196253,645.3086215012125,bull,-1SD,13
Baseline,2024-12-29 13:00:00+00:00,2024-12-29 13:30:00+00:00,long,bull_pullback,94907.88,95000.0,94861.92166249735,95105.73510159491,trailing,0.7657616937405518,-0.006090116015655218,6,95105.73510159491,82.4856481495419,bull,-1SD,13
